Label,Count,Wing_Area
MP_BipKopp1.1_B3_1_F__01.tif,75,A1
MP_BipKopp1.1_B3_1_F__01.tif,81,A2
MP_BipKopp1.1_B3_1_F__01.tif,121,B1
MP_BipKopp1.1_B3_1_F__01.tif,85,B2
MP_BipKopp1.1_B3_1_F__01.tif,92,B3
MP_BipKopp1.1_B3_1_F__01.tif,88,C1
MP_BipKopp1.1_B3_1_F__01.tif,96,C2
MP_BipKopp1.1_B3_1_F__01.tif,104,C3
MP_BipKopp1.1_B3_1_F__01.tif,114,E1
MP_BipKopp1.1_B3_1_F__01.tif,112,E2
MP_BipKopp1.1_B3_1_F__01.tif,90,F1
MP_BipKopp1.1_B3_1_F__01.tif,95,F2
MP_BipKopp1.1_B3_1_F__01.tif,109,F3
MP_BipKopp1.1_B3_1_F__01.tif,83,G1
MP_BipKopp1.1_B3_1_F__01.tif,153,G2
MP_BipKopp1.1_B3_1_F__01.tif,102,G3
MP_BipKopp1.1_B3_1_F__02.tif,88,A1
MP_BipKopp1.1_B3_1_F__02.tif,79,A2
MP_BipKopp1.1_B3_1_F__02.tif,75,B1
MP_BipKopp1.1_B3_1_F__02.tif,88,B2
MP_BipKopp1.1_B3_1_F__02.tif,97,B3
MP_BipKopp1.1_B3_1_F__02.tif,82,C1
MP_BipKopp1.1_B3_1_F__02.tif,91,C2
MP_BipKopp1.1_B3_1_F__02.tif,110,C3
MP_BipKopp1.1_B3_1_F__02.tif,88,E1
MP_BipKopp1.1_B3_1_F__02.tif,97,E2
MP_BipKopp1.1_B3_1_F__02.tif,93,F1
MP_BipKopp1.1_B3_1_F__02.tif,86,F2
MP_BipKopp1.1_B3_1_F__02.tif,104,F3
MP_BipKopp1.1_B3_1_F__02.tif,98,G1
MP_BipKopp1.1_B3_1_F__02.tif,84,G2
MP_BipKopp1.1_B3_1_F__02.tif,103,G3
MP_BipKopp1.1_B3_1_F__03.tif,81,A1
MP_BipKopp1.1_B3_1_F__03.tif,69,A2
MP_BipKopp1.1_B3_1_F__03.tif,76,B1
MP_BipKopp1.1_B3_1_F__03.tif,73,B2
MP_BipKopp1.1_B3_1_F__03.tif,90,B3
MP_BipKopp1.1_B3_1_F__03.tif,72,C1
MP_BipKopp1.1_B3_1_F__03.tif,87,C2
MP_BipKopp1.1_B3_1_F__03.tif,88,C3
MP_BipKopp1.1_B3_1_F__03.tif,88,E1
MP_BipKopp1.1_B3_1_F__03.tif,84,E2
MP_BipKopp1.1_B3_1_F__03.tif,82,F1
MP_BipKopp1.1_B3_1_F__03.tif,72,F2
MP_BipKopp1.1_B3_1_F__03.tif,89,F3
MP_BipKopp1.1_B3_1_F__03.tif,111,G1
MP_BipKopp1.1_B3_1_F__03.tif,75,G2
MP_BipKopp1.1_B3_1_F__03.tif,105,G3
MP_BipKopp1.1_B3_1_F__04.tif,76,A1
MP_BipKopp1.1_B3_1_F__04.tif,71,A2
MP_BipKopp1.1_B3_1_F__04.tif,80,B1
MP_BipKopp1.1_B3_1_F__04.tif,87,B2
MP_BipKopp1.1_B3_1_F__04.tif,89,B3
MP_BipKopp1.1_B3_1_F__04.tif,88,C1
MP_BipKopp1.1_B3_1_F__04.tif,92,C2
MP_BipKopp1.1_B3_1_F__04.tif,100,C3
MP_BipKopp1.1_B3_1_F__04.tif,99,E1
MP_BipKopp1.1_B3_1_F__04.tif,92,E2
MP_BipKopp1.1_B3_1_F__04.tif,96,F1
MP_BipKopp1.1_B3_1_F__04.tif,91,F2
MP_BipKopp1.1_B3_1_F__04.tif,94,F3
MP_BipKopp1.1_B3_1_F__04.tif,116,G1
MP_BipKopp1.1_B3_1_F__04.tif,85,G2
MP_BipKopp1.1_B3_1_F__04.tif,105,G3
MP_BipKopp1.1_B3_1_F__05.tif,77,A1
MP_BipKopp1.1_B3_1_F__05.tif,72,A2
MP_BipKopp1.1_B3_1_F__05.tif,84,B1
MP_BipKopp1.1_B3_1_F__05.tif,85,B2
MP_BipKopp1.1_B3_1_F__05.tif,109,B3
MP_BipKopp1.1_B3_1_F__05.tif,70,C1
MP_BipKopp1.1_B3_1_F__05.tif,83,C2
MP_BipKopp1.1_B3_1_F__05.tif,120,C3
MP_BipKopp1.1_B3_1_F__05.tif,92,E1
MP_BipKopp1.1_B3_1_F__05.tif,93,E2
MP_BipKopp1.1_B3_1_F__05.tif,94,F1
MP_BipKopp1.1_B3_1_F__05.tif,83,F2
MP_BipKopp1.1_B3_1_F__05.tif,110,F3
MP_BipKopp1.1_B3_1_F__05.tif,106,G1
MP_BipKopp1.1_B3_1_F__05.tif,97,G2
MP_BipKopp1.1_B3_1_F__05.tif,113,G3
MP_BipKopp1.1_B3_1_F__06.tif,92,A1
MP_BipKopp1.1_B3_1_F__06.tif,84,A2
MP_BipKopp1.1_B3_1_F__06.tif,81,B1
MP_BipKopp1.1_B3_1_F__06.tif,94,B2
MP_BipKopp1.1_B3_1_F__06.tif,85,B3
MP_BipKopp1.1_B3_1_F__06.tif,73,C1
MP_BipKopp1.1_B3_1_F__06.tif,84,C2
MP_BipKopp1.1_B3_1_F__06.tif,103,C3
MP_BipKopp1.1_B3_1_F__06.tif,81,E1
MP_BipKopp1.1_B3_1_F__06.tif,81,E2
MP_BipKopp1.1_B3_1_F__06.tif,90,F1
MP_BipKopp1.1_B3_1_F__06.tif,100,F2
MP_BipKopp1.1_B3_1_F__06.tif,116,F3
MP_BipKopp1.1_B3_1_F__06.tif,47,G1
MP_BipKopp1.1_B3_1_F__06.tif,72,G2
MP_BipKopp1.1_B3_1_F__06.tif,102,G3
MP_BipKopp1.1_B3_1_F__07.tif,61,A1
MP_BipKopp1.1_B3_1_F__07.tif,64,A2
MP_BipKopp1.1_B3_1_F__07.tif,88,B1
MP_BipKopp1.1_B3_1_F__07.tif,85,B2
MP_BipKopp1.1_B3_1_F__07.tif,92,B3
MP_BipKopp1.1_B3_1_F__07.tif,68,C1
MP_BipKopp1.1_B3_1_F__07.tif,87,C2
MP_BipKopp1.1_B3_1_F__07.tif,116,C3
MP_BipKopp1.1_B3_1_F__07.tif,103,E1
MP_BipKopp1.1_B3_1_F__07.tif,104,E2
MP_BipKopp1.1_B3_1_F__07.tif,99,F1
MP_BipKopp1.1_B3_1_F__07.tif,91,F2
MP_BipKopp1.1_B3_1_F__07.tif,107,F3
MP_BipKopp1.1_B3_1_F__07.tif,130,G1
MP_BipKopp1.1_B3_1_F__07.tif,71,G2
MP_BipKopp1.1_B3_1_F__07.tif,94,G3
MP_BipKopp1.1_B3_1_F__08.tif,88,A1
MP_BipKopp1.1_B3_1_F__08.tif,82,A2
MP_BipKopp1.1_B3_1_F__08.tif,85,B1
MP_BipKopp1.1_B3_1_F__08.tif,93,B2
MP_BipKopp1.1_B3_1_F__08.tif,106,B3
MP_BipKopp1.1_B3_1_F__08.tif,95,C1
MP_BipKopp1.1_B3_1_F__08.tif,99,C2
MP_BipKopp1.1_B3_1_F__08.tif,127,C3
MP_BipKopp1.1_B3_1_F__08.tif,111,E1
MP_BipKopp1.1_B3_1_F__08.tif,106,E2
MP_BipKopp1.1_B3_1_F__08.tif,114,F1
MP_BipKopp1.1_B3_1_F__08.tif,93,F2
MP_BipKopp1.1_B3_1_F__08.tif,105,F3
MP_BipKopp1.1_B3_1_F__08.tif,146,G1
MP_BipKopp1.1_B3_1_F__08.tif,82,G2
MP_BipKopp1.1_B3_1_F__08.tif,112,G3
MP_BipKopp1.1_B3_1_F__09.tif,80,A1
MP_BipKopp1.1_B3_1_F__09.tif,80,A2
MP_BipKopp1.1_B3_1_F__09.tif,100,B1
MP_BipKopp1.1_B3_1_F__09.tif,101,B2
MP_BipKopp1.1_B3_1_F__09.tif,101,B3
MP_BipKopp1.1_B3_1_F__09.tif,92,C1
MP_BipKopp1.1_B3_1_F__09.tif,98,C2
MP_BipKopp1.1_B3_1_F__09.tif,108,C3
MP_BipKopp1.1_B3_1_F__09.tif,118,E1
MP_BipKopp1.1_B3_1_F__09.tif,118,E2
MP_BipKopp1.1_B3_1_F__09.tif,116,F1
MP_BipKopp1.1_B3_1_F__09.tif,109,F2
MP_BipKopp1.1_B3_1_F__09.tif,110,F3
MP_BipKopp1.1_B3_1_F__09.tif,136,G1
MP_BipKopp1.1_B3_1_F__09.tif,90,G2
MP_BipKopp1.1_B3_1_F__09.tif,114,G3
MP_BipKopp1.1_B3_1_F__10.tif,60,A1
MP_BipKopp1.1_B3_1_F__10.tif,65,A2
MP_BipKopp1.1_B3_1_F__10.tif,67,B1
MP_BipKopp1.1_B3_1_F__10.tif,68,B2
MP_BipKopp1.1_B3_1_F__10.tif,80,B3
MP_BipKopp1.1_B3_1_F__10.tif,77,C1
MP_BipKopp1.1_B3_1_F__10.tif,84,C2
MP_BipKopp1.1_B3_1_F__10.tif,97,C3
MP_BipKopp1.1_B3_1_F__10.tif,88,E1
MP_BipKopp1.1_B3_1_F__10.tif,88,E2
MP_BipKopp1.1_B3_1_F__10.tif,87,F1
MP_BipKopp1.1_B3_1_F__10.tif,93,F2
MP_BipKopp1.1_B3_1_F__10.tif,110,F3
MP_BipKopp1.1_B3_1_F__10.tif,105,G1
MP_BipKopp1.1_B3_1_F__10.tif,79,G2
MP_BipKopp1.1_B3_1_F__10.tif,103,G3
MP_BipKopp1.1_B3_1_F__11.tif,105,A1
MP_BipKopp1.1_B3_1_F__11.tif,159,A2
MP_BipKopp1.1_B3_1_F__11.tif,124,B1
MP_BipKopp1.1_B3_1_F__11.tif,113,B2
MP_BipKopp1.1_B3_1_F__11.tif,132,B3
MP_BipKopp1.1_B3_1_F__11.tif,117,C1
MP_BipKopp1.1_B3_1_F__11.tif,101,C2
MP_BipKopp1.1_B3_1_F__11.tif,130,C3
MP_BipKopp1.1_B3_1_F__11.tif,110,E1
MP_BipKopp1.1_B3_1_F__11.tif,120,E2
MP_BipKopp1.1_B3_1_F__11.tif,133,F1
MP_BipKopp1.1_B3_1_F__11.tif,117,F2
MP_BipKopp1.1_B3_1_F__11.tif,113,F3
MP_BipKopp1.1_B3_1_F__11.tif,116,G1
MP_BipKopp1.1_B3_1_F__11.tif,110,G2
MP_BipKopp1.1_B3_1_F__11.tif,165,G3
MP_BipKopp1.1_B3_1_F__12.tif,73,A1
MP_BipKopp1.1_B3_1_F__12.tif,85,A2
MP_BipKopp1.1_B3_1_F__12.tif,92,B1
MP_BipKopp1.1_B3_1_F__12.tif,80,B2
MP_BipKopp1.1_B3_1_F__12.tif,100,B3
MP_BipKopp1.1_B3_1_F__12.tif,79,C1
MP_BipKopp1.1_B3_1_F__12.tif,93,C2
MP_BipKopp1.1_B3_1_F__12.tif,107,C3
MP_BipKopp1.1_B3_1_F__12.tif,89,E1
MP_BipKopp1.1_B3_1_F__12.tif,89,E2
MP_BipKopp1.1_B3_1_F__12.tif,91,F1
MP_BipKopp1.1_B3_1_F__12.tif,99,F2
MP_BipKopp1.1_B3_1_F__12.tif,99,F3
MP_BipKopp1.1_B3_1_F__12.tif,122,G1
MP_BipKopp1.1_B3_1_F__12.tif,86,G2
MP_BipKopp1.1_B3_1_F__12.tif,88,G3
MP_BipKopp1.1_B3_1_F__13.tif,63,A1
MP_BipKopp1.1_B3_1_F__13.tif,72,A2
MP_BipKopp1.1_B3_1_F__13.tif,68,B1
MP_BipKopp1.1_B3_1_F__13.tif,71,B2
MP_BipKopp1.1_B3_1_F__13.tif,100,B3
MP_BipKopp1.1_B3_1_F__13.tif,74,C1
MP_BipKopp1.1_B3_1_F__13.tif,83,C2
MP_BipKopp1.1_B3_1_F__13.tif,102,C3
MP_BipKopp1.1_B3_1_F__13.tif,90,E1
MP_BipKopp1.1_B3_1_F__13.tif,81,E2
MP_BipKopp1.1_B3_1_F__13.tif,92,F1
MP_BipKopp1.1_B3_1_F__13.tif,102,F2
MP_BipKopp1.1_B3_1_F__13.tif,103,F3
MP_BipKopp1.1_B3_1_F__13.tif,126,G1
MP_BipKopp1.1_B3_1_F__13.tif,72,G2
MP_BipKopp1.1_B3_1_F__13.tif,101,G3
MP_BipKopp1.1_B3_1_F__14.tif,78,A1
MP_BipKopp1.1_B3_1_F__14.tif,72,A2
MP_BipKopp1.1_B3_1_F__14.tif,78,B1
MP_BipKopp1.1_B3_1_F__14.tif,82,B2
MP_BipKopp1.1_B3_1_F__14.tif,89,B3
MP_BipKopp1.1_B3_1_F__14.tif,79,C1
MP_BipKopp1.1_B3_1_F__14.tif,88,C2
MP_BipKopp1.1_B3_1_F__14.tif,92,C3
MP_BipKopp1.1_B3_1_F__14.tif,96,E1
MP_BipKopp1.1_B3_1_F__14.tif,99,E2
MP_BipKopp1.1_B3_1_F__14.tif,91,F1
MP_BipKopp1.1_B3_1_F__14.tif,91,F2
MP_BipKopp1.1_B3_1_F__14.tif,99,F3
MP_BipKopp1.1_B3_1_F__14.tif,118,G1
MP_BipKopp1.1_B3_1_F__14.tif,85,G2
MP_BipKopp1.1_B3_1_F__14.tif,104,G3
MP_BipKopp1.1_B3_1_F__15.tif,68,A1
MP_BipKopp1.1_B3_1_F__15.tif,70,A2
MP_BipKopp1.1_B3_1_F__15.tif,90,B1
MP_BipKopp1.1_B3_1_F__15.tif,83,B2
MP_BipKopp1.1_B3_1_F__15.tif,103,B3
MP_BipKopp1.1_B3_1_F__15.tif,82,C1
MP_BipKopp1.1_B3_1_F__15.tif,96,C2
MP_BipKopp1.1_B3_1_F__15.tif,121,C3
MP_BipKopp1.1_B3_1_F__15.tif,102,E1
MP_BipKopp1.1_B3_1_F__15.tif,92,E2
MP_BipKopp1.1_B3_1_F__15.tif,100,F1
MP_BipKopp1.1_B3_1_F__15.tif,93,F2
MP_BipKopp1.1_B3_1_F__15.tif,104,F3
MP_BipKopp1.1_B3_1_F__15.tif,114,G1
MP_BipKopp1.1_B3_1_F__15.tif,82,G2
MP_BipKopp1.1_B3_1_F__15.tif,106,G3
MP_BipKopp1.1_B3_1_F__16.tif,80,A1
MP_BipKopp1.1_B3_1_F__16.tif,75,A2
MP_BipKopp1.1_B3_1_F__16.tif,76,B1
MP_BipKopp1.1_B3_1_F__16.tif,87,B2
MP_BipKopp1.1_B3_1_F__16.tif,93,B3
MP_BipKopp1.1_B3_1_F__16.tif,80,C1
MP_BipKopp1.1_B3_1_F__16.tif,91,C2
MP_BipKopp1.1_B3_1_F__16.tif,100,C3
MP_BipKopp1.1_B3_1_F__16.tif,97,E1
MP_BipKopp1.1_B3_1_F__16.tif,84,E2
MP_BipKopp1.1_B3_1_F__16.tif,95,F1
MP_BipKopp1.1_B3_1_F__16.tif,96,F2
MP_BipKopp1.1_B3_1_F__16.tif,117,F3
MP_BipKopp1.1_B3_1_F__16.tif,125,G1
MP_BipKopp1.1_B3_1_F__16.tif,82,G2
MP_BipKopp1.1_B3_1_F__16.tif,89,G3
MP_BipKopp1.1_B3_1_F__17.tif,86,A1
MP_BipKopp1.1_B3_1_F__17.tif,75,A2
MP_BipKopp1.1_B3_1_F__17.tif,75,B1
MP_BipKopp1.1_B3_1_F__17.tif,77,B2
MP_BipKopp1.1_B3_1_F__17.tif,107,B3
MP_BipKopp1.1_B3_1_F__17.tif,83,C1
MP_BipKopp1.1_B3_1_F__17.tif,88,C2
MP_BipKopp1.1_B3_1_F__17.tif,105,C3
MP_BipKopp1.1_B3_1_F__17.tif,72,E1
MP_BipKopp1.1_B3_1_F__17.tif,93,E2
MP_BipKopp1.1_B3_1_F__17.tif,102,F1
MP_BipKopp1.1_B3_1_F__17.tif,94,F2
MP_BipKopp1.1_B3_1_F__17.tif,109,F3
MP_BipKopp1.1_B3_1_F__17.tif,119,G1
MP_BipKopp1.1_B3_1_F__17.tif,87,G2
MP_BipKopp1.1_B3_1_F__17.tif,108,G3
MP_BipKopp1.1_B3_1_F__18.tif,73,A1
MP_BipKopp1.1_B3_1_F__18.tif,72,A2
MP_BipKopp1.1_B3_1_F__18.tif,75,B1
MP_BipKopp1.1_B3_1_F__18.tif,69,B2
MP_BipKopp1.1_B3_1_F__18.tif,86,B3
MP_BipKopp1.1_B3_1_F__18.tif,76,C1
MP_BipKopp1.1_B3_1_F__18.tif,91,C2
MP_BipKopp1.1_B3_1_F__18.tif,108,C3
MP_BipKopp1.1_B3_1_F__18.tif,87,E1
MP_BipKopp1.1_B3_1_F__18.tif,79,E2
MP_BipKopp1.1_B3_1_F__18.tif,95,F1
MP_BipKopp1.1_B3_1_F__18.tif,84,F2
MP_BipKopp1.1_B3_1_F__18.tif,95,F3
MP_BipKopp1.1_B3_1_F__18.tif,122,G1
MP_BipKopp1.1_B3_1_F__18.tif,74,G2
MP_BipKopp1.1_B3_1_F__18.tif,99,G3
MP_BipKopp1.1_B3_1_F__19.tif,71,A1
MP_BipKopp1.1_B3_1_F__19.tif,57,A2
MP_BipKopp1.1_B3_1_F__19.tif,81,B1
MP_BipKopp1.1_B3_1_F__19.tif,87,B2
MP_BipKopp1.1_B3_1_F__19.tif,83,B3
MP_BipKopp1.1_B3_1_F__19.tif,80,C1
MP_BipKopp1.1_B3_1_F__19.tif,89,C2
MP_BipKopp1.1_B3_1_F__19.tif,112,C3
MP_BipKopp1.1_B3_1_F__19.tif,91,E1
MP_BipKopp1.1_B3_1_F__19.tif,99,E2
MP_BipKopp1.1_B3_1_F__19.tif,101,F1
MP_BipKopp1.1_B3_1_F__19.tif,93,F2
MP_BipKopp1.1_B3_1_F__19.tif,106,F3
MP_BipKopp1.1_B3_1_F__19.tif,111,G1
MP_BipKopp1.1_B3_1_F__19.tif,70,G2
MP_BipKopp1.1_B3_1_F__19.tif,117,G3
MP_BipKopp1.1_B3_1_F__20.tif,81,A1
MP_BipKopp1.1_B3_1_F__20.tif,72,A2
MP_BipKopp1.1_B3_1_F__20.tif,85,B1
MP_BipKopp1.1_B3_1_F__20.tif,90,B2
MP_BipKopp1.1_B3_1_F__20.tif,94,B3
MP_BipKopp1.1_B3_1_F__20.tif,79,C1
MP_BipKopp1.1_B3_1_F__20.tif,96,C2
MP_BipKopp1.1_B3_1_F__20.tif,109,C3
MP_BipKopp1.1_B3_1_F__20.tif,103,E1
MP_BipKopp1.1_B3_1_F__20.tif,96,E2
MP_BipKopp1.1_B3_1_F__20.tif,100,F1
MP_BipKopp1.1_B3_1_F__20.tif,101,F2
MP_BipKopp1.1_B3_1_F__20.tif,102,F3
MP_BipKopp1.1_B3_1_F__20.tif,100,G1
MP_BipKopp1.1_B3_1_F__20.tif,81,G2
MP_BipKopp1.1_B3_1_F__20.tif,99,G3
MP_BipKopp1.1_B3_1_F__21.tif,97,A1
MP_BipKopp1.1_B3_1_F__21.tif,91,A2
MP_BipKopp1.1_B3_1_F__21.tif,122,B1
MP_BipKopp1.1_B3_1_F__21.tif,146,B2
MP_BipKopp1.1_B3_1_F__21.tif,124,B3
MP_BipKopp1.1_B3_1_F__21.tif,134,C1
MP_BipKopp1.1_B3_1_F__21.tif,160,C2
MP_BipKopp1.1_B3_1_F__21.tif,177,C3
MP_BipKopp1.1_B3_1_F__21.tif,117,E1
MP_BipKopp1.1_B3_1_F__21.tif,129,E2
MP_BipKopp1.1_B3_1_F__21.tif,143,F1
MP_BipKopp1.1_B3_1_F__21.tif,139,F2
MP_BipKopp1.1_B3_1_F__21.tif,120,F3
MP_BipKopp1.1_B3_1_F__21.tif,134,G1
MP_BipKopp1.1_B3_1_F__21.tif,173,G2
MP_BipKopp1.1_B3_1_F__21.tif,104,G3
MP_BipKopp1.1_B3_1_M__01.tif,99,A1
MP_BipKopp1.1_B3_1_M__01.tif,92,A2
MP_BipKopp1.1_B3_1_M__01.tif,102,B1
MP_BipKopp1.1_B3_1_M__01.tif,80,B2
MP_BipKopp1.1_B3_1_M__01.tif,112,B3
MP_BipKopp1.1_B3_1_M__01.tif,86,C1
MP_BipKopp1.1_B3_1_M__01.tif,94,C2
MP_BipKopp1.1_B3_1_M__01.tif,120,C3
MP_BipKopp1.1_B3_1_M__01.tif,107,E1
MP_BipKopp1.1_B3_1_M__01.tif,108,E2
MP_BipKopp1.1_B3_1_M__01.tif,101,F1
MP_BipKopp1.1_B3_1_M__01.tif,98,F2
MP_BipKopp1.1_B3_1_M__01.tif,119,F3
MP_BipKopp1.1_B3_1_M__01.tif,141,G1
MP_BipKopp1.1_B3_1_M__01.tif,102,G2
MP_BipKopp1.1_B3_1_M__01.tif,89,G3
MP_BipKopp1.1_B3_1_M__02.tif,115,A1
MP_BipKopp1.1_B3_1_M__02.tif,99,A2
MP_BipKopp1.1_B3_1_M__02.tif,95,B1
MP_BipKopp1.1_B3_1_M__02.tif,81,B2
MP_BipKopp1.1_B3_1_M__02.tif,97,B3
MP_BipKopp1.1_B3_1_M__02.tif,87,C1
MP_BipKopp1.1_B3_1_M__02.tif,104,C2
MP_BipKopp1.1_B3_1_M__02.tif,123,C3
MP_BipKopp1.1_B3_1_M__02.tif,129,E1
MP_BipKopp1.1_B3_1_M__02.tif,108,E2
MP_BipKopp1.1_B3_1_M__02.tif,108,F1
MP_BipKopp1.1_B3_1_M__02.tif,107,F2
MP_BipKopp1.1_B3_1_M__02.tif,129,F3
MP_BipKopp1.1_B3_1_M__02.tif,136,G1
MP_BipKopp1.1_B3_1_M__02.tif,74,G2
MP_BipKopp1.1_B3_1_M__02.tif,92,G3
MP_BipKopp1.1_B3_1_M__03.tif,87,A1
MP_BipKopp1.1_B3_1_M__03.tif,94,A2
MP_BipKopp1.1_B3_1_M__03.tif,96,B1
MP_BipKopp1.1_B3_1_M__03.tif,96,B2
MP_BipKopp1.1_B3_1_M__03.tif,103,B3
MP_BipKopp1.1_B3_1_M__03.tif,93,C1
MP_BipKopp1.1_B3_1_M__03.tif,110,C2
MP_BipKopp1.1_B3_1_M__03.tif,114,C3
MP_BipKopp1.1_B3_1_M__03.tif,70,E1
MP_BipKopp1.1_B3_1_M__03.tif,103,E2
MP_BipKopp1.1_B3_1_M__03.tif,100,F1
MP_BipKopp1.1_B3_1_M__03.tif,111,F2
MP_BipKopp1.1_B3_1_M__03.tif,114,F3
MP_BipKopp1.1_B3_1_M__03.tif,145,G1
MP_BipKopp1.1_B3_1_M__03.tif,98,G2
MP_BipKopp1.1_B3_1_M__03.tif,109,G3
MP_BipKopp1.1_B3_1_M__04.tif,84,A1
MP_BipKopp1.1_B3_1_M__04.tif,79,A2
MP_BipKopp1.1_B3_1_M__04.tif,87,B1
MP_BipKopp1.1_B3_1_M__04.tif,71,B2
MP_BipKopp1.1_B3_1_M__04.tif,89,B3
MP_BipKopp1.1_B3_1_M__04.tif,88,C1
MP_BipKopp1.1_B3_1_M__04.tif,96,C2
MP_BipKopp1.1_B3_1_M__04.tif,115,C3
MP_BipKopp1.1_B3_1_M__04.tif,112,E1
MP_BipKopp1.1_B3_1_M__04.tif,97,E2
MP_BipKopp1.1_B3_1_M__04.tif,106,F1
MP_BipKopp1.1_B3_1_M__04.tif,100,F2
MP_BipKopp1.1_B3_1_M__04.tif,111,F3
MP_BipKopp1.1_B3_1_M__04.tif,132,G1
MP_BipKopp1.1_B3_1_M__04.tif,95,G2
MP_BipKopp1.1_B3_1_M__04.tif,121,G3
MP_BipKopp1.1_B3_1_M__05.tif,85,A1
MP_BipKopp1.1_B3_1_M__05.tif,91,A2
MP_BipKopp1.1_B3_1_M__05.tif,93,B1
MP_BipKopp1.1_B3_1_M__05.tif,106,B2
MP_BipKopp1.1_B3_1_M__05.tif,120,B3
MP_BipKopp1.1_B3_1_M__05.tif,95,C1
MP_BipKopp1.1_B3_1_M__05.tif,89,C2
MP_BipKopp1.1_B3_1_M__05.tif,120,C3
MP_BipKopp1.1_B3_1_M__05.tif,105,E1
MP_BipKopp1.1_B3_1_M__05.tif,95,E2
MP_BipKopp1.1_B3_1_M__05.tif,114,F1
MP_BipKopp1.1_B3_1_M__05.tif,103,F2
MP_BipKopp1.1_B3_1_M__05.tif,111,F3
MP_BipKopp1.1_B3_1_M__05.tif,117,G1
MP_BipKopp1.1_B3_1_M__05.tif,101,G2
MP_BipKopp1.1_B3_1_M__05.tif,114,G3
MP_BipKopp1.1_B3_1_M__06.tif,99,A1
MP_BipKopp1.1_B3_1_M__06.tif,68,A2
MP_BipKopp1.1_B3_1_M__06.tif,83,B1
MP_BipKopp1.1_B3_1_M__06.tif,90,B2
MP_BipKopp1.1_B3_1_M__06.tif,115,B3
MP_BipKopp1.1_B3_1_M__06.tif,100,C1
MP_BipKopp1.1_B3_1_M__06.tif,106,C2
MP_BipKopp1.1_B3_1_M__06.tif,128,C3
MP_BipKopp1.1_B3_1_M__06.tif,106,E1
MP_BipKopp1.1_B3_1_M__06.tif,109,E2
MP_BipKopp1.1_B3_1_M__06.tif,104,F1
MP_BipKopp1.1_B3_1_M__06.tif,110,F2
MP_BipKopp1.1_B3_1_M__06.tif,115,F3
MP_BipKopp1.1_B3_1_M__06.tif,137,G1
MP_BipKopp1.1_B3_1_M__06.tif,106,G2
MP_BipKopp1.1_B3_1_M__06.tif,121,G3
MP_BipKopp1.1_B3_1_M__07.tif,85,A1
MP_BipKopp1.1_B3_1_M__07.tif,81,A2
MP_BipKopp1.1_B3_1_M__07.tif,93,B1
MP_BipKopp1.1_B3_1_M__07.tif,84,B2
MP_BipKopp1.1_B3_1_M__07.tif,95,B3
MP_BipKopp1.1_B3_1_M__07.tif,79,C1
MP_BipKopp1.1_B3_1_M__07.tif,100,C2
MP_BipKopp1.1_B3_1_M__07.tif,118,C3
MP_BipKopp1.1_B3_1_M__07.tif,95,E1
MP_BipKopp1.1_B3_1_M__07.tif,98,E2
MP_BipKopp1.1_B3_1_M__07.tif,91,F1
MP_BipKopp1.1_B3_1_M__07.tif,102,F2
MP_BipKopp1.1_B3_1_M__07.tif,130,F3
MP_BipKopp1.1_B3_1_M__07.tif,119,G1
MP_BipKopp1.1_B3_1_M__07.tif,85,G2
MP_BipKopp1.1_B3_1_M__07.tif,122,G3
MP_BipKopp1.1_B3_1_M__08.tif,102,A1
MP_BipKopp1.1_B3_1_M__08.tif,83,A2
MP_BipKopp1.1_B3_1_M__08.tif,84,B1
MP_BipKopp1.1_B3_1_M__08.tif,99,B2
MP_BipKopp1.1_B3_1_M__08.tif,110,B3
MP_BipKopp1.1_B3_1_M__08.tif,90,C1
MP_BipKopp1.1_B3_1_M__08.tif,105,C2
MP_BipKopp1.1_B3_1_M__08.tif,110,C3
MP_BipKopp1.1_B3_1_M__08.tif,110,E1
MP_BipKopp1.1_B3_1_M__08.tif,108,E2
MP_BipKopp1.1_B3_1_M__08.tif,105,F1
MP_BipKopp1.1_B3_1_M__08.tif,99,F2
MP_BipKopp1.1_B3_1_M__08.tif,132,F3
MP_BipKopp1.1_B3_1_M__08.tif,136,G1
MP_BipKopp1.1_B3_1_M__08.tif,98,G2
MP_BipKopp1.1_B3_1_M__08.tif,133,G3
MP_BipKopp1.1_B3_1_M__09.tif,92,A1
MP_BipKopp1.1_B3_1_M__09.tif,93,A2
MP_BipKopp1.1_B3_1_M__09.tif,85,B1
MP_BipKopp1.1_B3_1_M__09.tif,105,B2
MP_BipKopp1.1_B3_1_M__09.tif,95,B3
MP_BipKopp1.1_B3_1_M__09.tif,98,C1
MP_BipKopp1.1_B3_1_M__09.tif,99,C2
MP_BipKopp1.1_B3_1_M__09.tif,115,C3
MP_BipKopp1.1_B3_1_M__09.tif,103,E1
MP_BipKopp1.1_B3_1_M__09.tif,103,E2
MP_BipKopp1.1_B3_1_M__09.tif,118,F1
MP_BipKopp1.1_B3_1_M__09.tif,105,F2
MP_BipKopp1.1_B3_1_M__09.tif,109,F3
MP_BipKopp1.1_B3_1_M__09.tif,141,G1
MP_BipKopp1.1_B3_1_M__09.tif,97,G2
MP_BipKopp1.1_B3_1_M__09.tif,117,G3
MP_BipKopp1.1_B3_1_M__10.tif,88,A1
MP_BipKopp1.1_B3_1_M__10.tif,88,A2
MP_BipKopp1.1_B3_1_M__10.tif,78,B1
MP_BipKopp1.1_B3_1_M__10.tif,83,B2
MP_BipKopp1.1_B3_1_M__10.tif,93,B3
MP_BipKopp1.1_B3_1_M__10.tif,92,C1
MP_BipKopp1.1_B3_1_M__10.tif,91,C2
MP_BipKopp1.1_B3_1_M__10.tif,116,C3
MP_BipKopp1.1_B3_1_M__10.tif,101,E1
MP_BipKopp1.1_B3_1_M__10.tif,96,E2
MP_BipKopp1.1_B3_1_M__10.tif,104,F1
MP_BipKopp1.1_B3_1_M__10.tif,98,F2
MP_BipKopp1.1_B3_1_M__10.tif,135,F3
MP_BipKopp1.1_B3_1_M__10.tif,138,G1
MP_BipKopp1.1_B3_1_M__10.tif,98,G2
MP_BipKopp1.1_B3_1_M__10.tif,117,G3
MP_BipKopp1.1_B3_1_M__11.tif,87,A1
MP_BipKopp1.1_B3_1_M__11.tif,82,A2
MP_BipKopp1.1_B3_1_M__11.tif,94,B1
MP_BipKopp1.1_B3_1_M__11.tif,91,B2
MP_BipKopp1.1_B3_1_M__11.tif,97,B3
MP_BipKopp1.1_B3_1_M__11.tif,82,C1
MP_BipKopp1.1_B3_1_M__11.tif,89,C2
MP_BipKopp1.1_B3_1_M__11.tif,104,C3
MP_BipKopp1.1_B3_1_M__11.tif,99,E1
MP_BipKopp1.1_B3_1_M__11.tif,94,E2
MP_BipKopp1.1_B3_1_M__11.tif,102,F1
MP_BipKopp1.1_B3_1_M__11.tif,96,F2
MP_BipKopp1.1_B3_1_M__11.tif,105,F3
MP_BipKopp1.1_B3_1_M__11.tif,135,G1
MP_BipKopp1.1_B3_1_M__11.tif,90,G2
MP_BipKopp1.1_B3_1_M__11.tif,121,G3
MP_BipKopp1.1_B3_1_M__12.tif,94,A1
MP_BipKopp1.1_B3_1_M__12.tif,72,A2
MP_BipKopp1.1_B3_1_M__12.tif,86,B1
MP_BipKopp1.1_B3_1_M__12.tif,89,B2
MP_BipKopp1.1_B3_1_M__12.tif,88,B3
MP_BipKopp1.1_B3_1_M__12.tif,73,C1
MP_BipKopp1.1_B3_1_M__12.tif,94,C2
MP_BipKopp1.1_B3_1_M__12.tif,113,C3
MP_BipKopp1.1_B3_1_M__12.tif,93,E1
MP_BipKopp1.1_B3_1_M__12.tif,98,E2
MP_BipKopp1.1_B3_1_M__12.tif,97,F1
MP_BipKopp1.1_B3_1_M__12.tif,111,F2
MP_BipKopp1.1_B3_1_M__12.tif,120,F3
MP_BipKopp1.1_B3_1_M__12.tif,135,G1
MP_BipKopp1.1_B3_1_M__12.tif,91,G2
MP_BipKopp1.1_B3_1_M__12.tif,111,G3
MP_BipKopp1.1_B3_1_M__13.tif,84,A1
MP_BipKopp1.1_B3_1_M__13.tif,87,A2
MP_BipKopp1.1_B3_1_M__13.tif,103,B1
MP_BipKopp1.1_B3_1_M__13.tif,107,B2
MP_BipKopp1.1_B3_1_M__13.tif,115,B3
MP_BipKopp1.1_B3_1_M__13.tif,101,C1
MP_BipKopp1.1_B3_1_M__13.tif,105,C2
MP_BipKopp1.1_B3_1_M__13.tif,125,C3
MP_BipKopp1.1_B3_1_M__13.tif,100,E1
MP_BipKopp1.1_B3_1_M__13.tif,109,E2
MP_BipKopp1.1_B3_1_M__13.tif,109,F1
MP_BipKopp1.1_B3_1_M__13.tif,116,F2
MP_BipKopp1.1_B3_1_M__13.tif,123,F3
MP_BipKopp1.1_B3_1_M__13.tif,142,G1
MP_BipKopp1.1_B3_1_M__13.tif,98,G2
MP_BipKopp1.1_B3_1_M__13.tif,113,G3
MP_BipKopp1.1_B3_1_M__14.tif,98,A1
MP_BipKopp1.1_B3_1_M__14.tif,84,A2
MP_BipKopp1.1_B3_1_M__14.tif,95,B1
MP_BipKopp1.1_B3_1_M__14.tif,98,B2
MP_BipKopp1.1_B3_1_M__14.tif,99,B3
MP_BipKopp1.1_B3_1_M__14.tif,88,C1
MP_BipKopp1.1_B3_1_M__14.tif,113,C2
MP_BipKopp1.1_B3_1_M__14.tif,129,C3
MP_BipKopp1.1_B3_1_M__14.tif,118,E1
MP_BipKopp1.1_B3_1_M__14.tif,103,E2
MP_BipKopp1.1_B3_1_M__14.tif,106,F1
MP_BipKopp1.1_B3_1_M__14.tif,106,F2
MP_BipKopp1.1_B3_1_M__14.tif,119,F3
MP_BipKopp1.1_B3_1_M__14.tif,127,G1
MP_BipKopp1.1_B3_1_M__14.tif,102,G2
MP_BipKopp1.1_B3_1_M__14.tif,114,G3
MP_BipKopp1.1_B3_1_M__15.tif,71,A1
MP_BipKopp1.1_B3_1_M__15.tif,74,A2
MP_BipKopp1.1_B3_1_M__15.tif,79,B1
MP_BipKopp1.1_B3_1_M__15.tif,86,B2
MP_BipKopp1.1_B3_1_M__15.tif,103,B3
MP_BipKopp1.1_B3_1_M__15.tif,80,C1
MP_BipKopp1.1_B3_1_M__15.tif,95,C2
MP_BipKopp1.1_B3_1_M__15.tif,113,C3
MP_BipKopp1.1_B3_1_M__15.tif,92,E1
MP_BipKopp1.1_B3_1_M__15.tif,100,E2
MP_BipKopp1.1_B3_1_M__15.tif,94,F1
MP_BipKopp1.1_B3_1_M__15.tif,91,F2
MP_BipKopp1.1_B3_1_M__15.tif,105,F3
MP_BipKopp1.1_B3_1_M__15.tif,118,G1
MP_BipKopp1.1_B3_1_M__15.tif,78,G2
MP_BipKopp1.1_B3_1_M__15.tif,102,G3
MP_BipKopp1.1_B3_1_M__16.tif,86,A1
MP_BipKopp1.1_B3_1_M__16.tif,79,A2
MP_BipKopp1.1_B3_1_M__16.tif,95,B1
MP_BipKopp1.1_B3_1_M__16.tif,100,B2
MP_BipKopp1.1_B3_1_M__16.tif,118,B3
MP_BipKopp1.1_B3_1_M__16.tif,98,C1
MP_BipKopp1.1_B3_1_M__16.tif,104,C2
MP_BipKopp1.1_B3_1_M__16.tif,110,C3
MP_BipKopp1.1_B3_1_M__16.tif,104,E1
MP_BipKopp1.1_B3_1_M__16.tif,108,E2
MP_BipKopp1.1_B3_1_M__16.tif,120,F1
MP_BipKopp1.1_B3_1_M__16.tif,105,F2
MP_BipKopp1.1_B3_1_M__16.tif,116,F3
MP_BipKopp1.1_B3_1_M__16.tif,160,G1
MP_BipKopp1.1_B3_1_M__16.tif,122,G2
MP_BipKopp1.1_B3_1_M__16.tif,116,G3
MP_BipKopp1.1_B3_1_M__17.tif,95,A1
MP_BipKopp1.1_B3_1_M__17.tif,89,A2
MP_BipKopp1.1_B3_1_M__17.tif,97,B1
MP_BipKopp1.1_B3_1_M__17.tif,105,B2
MP_BipKopp1.1_B3_1_M__17.tif,112,B3
MP_BipKopp1.1_B3_1_M__17.tif,102,C1
MP_BipKopp1.1_B3_1_M__17.tif,99,C2
MP_BipKopp1.1_B3_1_M__17.tif,124,C3
MP_BipKopp1.1_B3_1_M__17.tif,114,E1
MP_BipKopp1.1_B3_1_M__17.tif,108,E2
MP_BipKopp1.1_B3_1_M__17.tif,110,F1
MP_BipKopp1.1_B3_1_M__17.tif,105,F2
MP_BipKopp1.1_B3_1_M__17.tif,113,F3
MP_BipKopp1.1_B3_1_M__17.tif,134,G1
MP_BipKopp1.1_B3_1_M__17.tif,98,G2
MP_BipKopp1.1_B3_1_M__17.tif,101,G3
MP_BipKopp1.1_B3_1_M__18.tif,89,A1
MP_BipKopp1.1_B3_1_M__18.tif,94,A2
MP_BipKopp1.1_B3_1_M__18.tif,92,B1
MP_BipKopp1.1_B3_1_M__18.tif,94,B2
MP_BipKopp1.1_B3_1_M__18.tif,104,B3
MP_BipKopp1.1_B3_1_M__18.tif,89,C1
MP_BipKopp1.1_B3_1_M__18.tif,93,C2
MP_BipKopp1.1_B3_1_M__18.tif,123,C3
MP_BipKopp1.1_B3_1_M__18.tif,107,E1
MP_BipKopp1.1_B3_1_M__18.tif,115,E2
MP_BipKopp1.1_B3_1_M__18.tif,116,F1
MP_BipKopp1.1_B3_1_M__18.tif,104,F2
MP_BipKopp1.1_B3_1_M__18.tif,109,F3
MP_BipKopp1.1_B3_1_M__18.tif,126,G1
MP_BipKopp1.1_B3_1_M__18.tif,113,G2
MP_BipKopp1.1_B3_1_M__18.tif,114,G3
MP_BipKopp1.1_B3_2_F__01.tif,67,A1
MP_BipKopp1.1_B3_2_F__01.tif,76,A2
MP_BipKopp1.1_B3_2_F__01.tif,84,B1
MP_BipKopp1.1_B3_2_F__01.tif,92,B2
MP_BipKopp1.1_B3_2_F__01.tif,88,B3
MP_BipKopp1.1_B3_2_F__01.tif,90,C1
MP_BipKopp1.1_B3_2_F__01.tif,84,C2
MP_BipKopp1.1_B3_2_F__01.tif,109,C3
MP_BipKopp1.1_B3_2_F__01.tif,95,E1
MP_BipKopp1.1_B3_2_F__01.tif,88,E2
MP_BipKopp1.1_B3_2_F__01.tif,90,F1
MP_BipKopp1.1_B3_2_F__01.tif,88,F2
MP_BipKopp1.1_B3_2_F__01.tif,98,F3
MP_BipKopp1.1_B3_2_F__01.tif,110,G1
MP_BipKopp1.1_B3_2_F__01.tif,73,G2
MP_BipKopp1.1_B3_2_F__01.tif,111,G3
MP_BipKopp1.1_B3_2_F__02.tif,77,A1
MP_BipKopp1.1_B3_2_F__02.tif,73,A2
MP_BipKopp1.1_B3_2_F__02.tif,76,B1
MP_BipKopp1.1_B3_2_F__02.tif,75,B2
MP_BipKopp1.1_B3_2_F__02.tif,87,B3
MP_BipKopp1.1_B3_2_F__02.tif,67,C1
MP_BipKopp1.1_B3_2_F__02.tif,81,C2
MP_BipKopp1.1_B3_2_F__02.tif,107,C3
MP_BipKopp1.1_B3_2_F__02.tif,88,E1
MP_BipKopp1.1_B3_2_F__02.tif,88,E2
MP_BipKopp1.1_B3_2_F__02.tif,91,F1
MP_BipKopp1.1_B3_2_F__02.tif,91,F2
MP_BipKopp1.1_B3_2_F__02.tif,100,F3
MP_BipKopp1.1_B3_2_F__02.tif,111,G1
MP_BipKopp1.1_B3_2_F__02.tif,76,G2
MP_BipKopp1.1_B3_2_F__02.tif,109,G3
MP_BipKopp1.1_B3_2_F__03.tif,82,A1
MP_BipKopp1.1_B3_2_F__03.tif,68,A2
MP_BipKopp1.1_B3_2_F__03.tif,83,B1
MP_BipKopp1.1_B3_2_F__03.tif,92,B2
MP_BipKopp1.1_B3_2_F__03.tif,104,B3
MP_BipKopp1.1_B3_2_F__03.tif,67,C1
MP_BipKopp1.1_B3_2_F__03.tif,80,C2
MP_BipKopp1.1_B3_2_F__03.tif,111,C3
MP_BipKopp1.1_B3_2_F__03.tif,89,E1
MP_BipKopp1.1_B3_2_F__03.tif,77,E2
MP_BipKopp1.1_B3_2_F__03.tif,95,F1
MP_BipKopp1.1_B3_2_F__03.tif,74,F2
MP_BipKopp1.1_B3_2_F__03.tif,81,F3
MP_BipKopp1.1_B3_2_F__03.tif,158,G1
MP_BipKopp1.1_B3_2_F__03.tif,122,G2
MP_BipKopp1.1_B3_2_F__03.tif,55,G3
MP_BipKopp1.1_B3_2_F__04.tif,69,A1
MP_BipKopp1.1_B3_2_F__04.tif,81,A2
MP_BipKopp1.1_B3_2_F__04.tif,85,B1
MP_BipKopp1.1_B3_2_F__04.tif,73,B2
MP_BipKopp1.1_B3_2_F__04.tif,63,B3
MP_BipKopp1.1_B3_2_F__04.tif,69,C1
MP_BipKopp1.1_B3_2_F__04.tif,76,C2
MP_BipKopp1.1_B3_2_F__04.tif,87,C3
MP_BipKopp1.1_B3_2_F__04.tif,92,E1
MP_BipKopp1.1_B3_2_F__04.tif,84,E2
MP_BipKopp1.1_B3_2_F__04.tif,84,F1
MP_BipKopp1.1_B3_2_F__04.tif,62,F2
MP_BipKopp1.1_B3_2_F__04.tif,64,F3
MP_BipKopp1.1_B3_2_F__04.tif,84,G1
MP_BipKopp1.1_B3_2_F__04.tif,49,G2
MP_BipKopp1.1_B3_2_F__04.tif,43,G3
MP_BipKopp1.1_B3_2_F__05.tif,83,A1
MP_BipKopp1.1_B3_2_F__05.tif,72,A2
MP_BipKopp1.1_B3_2_F__05.tif,71,B1
MP_BipKopp1.1_B3_2_F__05.tif,85,B2
MP_BipKopp1.1_B3_2_F__05.tif,102,B3
MP_BipKopp1.1_B3_2_F__05.tif,82,C1
MP_BipKopp1.1_B3_2_F__05.tif,87,C2
MP_BipKopp1.1_B3_2_F__05.tif,101,C3
MP_BipKopp1.1_B3_2_F__05.tif,91,E1
MP_BipKopp1.1_B3_2_F__05.tif,90,E2
MP_BipKopp1.1_B3_2_F__05.tif,94,F1
MP_BipKopp1.1_B3_2_F__05.tif,89,F2
MP_BipKopp1.1_B3_2_F__05.tif,102,F3
MP_BipKopp1.1_B3_2_F__05.tif,101,G1
MP_BipKopp1.1_B3_2_F__05.tif,81,G2
MP_BipKopp1.1_B3_2_F__05.tif,104,G3
MP_BipKopp1.1_B3_2_F__06.tif,77,A1
MP_BipKopp1.1_B3_2_F__06.tif,78,A2
MP_BipKopp1.1_B3_2_F__06.tif,94,B1
MP_BipKopp1.1_B3_2_F__06.tif,108,B2
MP_BipKopp1.1_B3_2_F__06.tif,125,B3
MP_BipKopp1.1_B3_2_F__06.tif,132,C1
MP_BipKopp1.1_B3_2_F__06.tif,138,C2
MP_BipKopp1.1_B3_2_F__06.tif,131,C3
MP_BipKopp1.1_B3_2_F__06.tif,130,E1
MP_BipKopp1.1_B3_2_F__06.tif,118,E2
MP_BipKopp1.1_B3_2_F__06.tif,117,F1
MP_BipKopp1.1_B3_2_F__06.tif,110,F2
MP_BipKopp1.1_B3_2_F__06.tif,130,F3
MP_BipKopp1.1_B3_2_F__06.tif,136,G1
MP_BipKopp1.1_B3_2_F__06.tif,82,G2
MP_BipKopp1.1_B3_2_F__06.tif,107,G3
MP_BipKopp1.1_B3_2_F__07.tif,77,A1
MP_BipKopp1.1_B3_2_F__07.tif,75,A2
MP_BipKopp1.1_B3_2_F__07.tif,78,B1
MP_BipKopp1.1_B3_2_F__07.tif,75,B2
MP_BipKopp1.1_B3_2_F__07.tif,105,B3
MP_BipKopp1.1_B3_2_F__07.tif,83,C1
MP_BipKopp1.1_B3_2_F__07.tif,91,C2
MP_BipKopp1.1_B3_2_F__07.tif,101,C3
MP_BipKopp1.1_B3_2_F__07.tif,82,E1
MP_BipKopp1.1_B3_2_F__07.tif,89,E2
MP_BipKopp1.1_B3_2_F__07.tif,92,F1
MP_BipKopp1.1_B3_2_F__07.tif,96,F2
MP_BipKopp1.1_B3_2_F__07.tif,107,F3
MP_BipKopp1.1_B3_2_F__07.tif,121,G1
MP_BipKopp1.1_B3_2_F__07.tif,95,G2
MP_BipKopp1.1_B3_2_F__07.tif,93,G3
MP_BipKopp1.1_B3_2_F__08.tif,81,A1
MP_BipKopp1.1_B3_2_F__08.tif,66,A2
MP_BipKopp1.1_B3_2_F__08.tif,74,B1
MP_BipKopp1.1_B3_2_F__08.tif,80,B2
MP_BipKopp1.1_B3_2_F__08.tif,92,B3
MP_BipKopp1.1_B3_2_F__08.tif,73,C1
MP_BipKopp1.1_B3_2_F__08.tif,84,C2
MP_BipKopp1.1_B3_2_F__08.tif,93,C3
MP_BipKopp1.1_B3_2_F__08.tif,98,E1
MP_BipKopp1.1_B3_2_F__08.tif,90,E2
MP_BipKopp1.1_B3_2_F__08.tif,90,F1
MP_BipKopp1.1_B3_2_F__08.tif,95,F2
MP_BipKopp1.1_B3_2_F__08.tif,102,F3
MP_BipKopp1.1_B3_2_F__08.tif,98,G1
MP_BipKopp1.1_B3_2_F__08.tif,89,G2
MP_BipKopp1.1_B3_2_F__08.tif,97,G3
MP_BipKopp1.1_B3_2_F__09.tif,72,A1
MP_BipKopp1.1_B3_2_F__09.tif,80,A2
MP_BipKopp1.1_B3_2_F__09.tif,79,B1
MP_BipKopp1.1_B3_2_F__09.tif,79,B2
MP_BipKopp1.1_B3_2_F__09.tif,105,B3
MP_BipKopp1.1_B3_2_F__09.tif,76,C1
MP_BipKopp1.1_B3_2_F__09.tif,98,C2
MP_BipKopp1.1_B3_2_F__09.tif,117,C3
MP_BipKopp1.1_B3_2_F__09.tif,95,E1
MP_BipKopp1.1_B3_2_F__09.tif,91,E2
MP_BipKopp1.1_B3_2_F__09.tif,97,F1
MP_BipKopp1.1_B3_2_F__09.tif,107,F2
MP_BipKopp1.1_B3_2_F__09.tif,100,F3
MP_BipKopp1.1_B3_2_F__09.tif,109,G1
MP_BipKopp1.1_B3_2_F__09.tif,81,G2
MP_BipKopp1.1_B3_2_F__09.tif,101,G3
MP_BipKopp1.1_B3_2_F__10.tif,82,A1
MP_BipKopp1.1_B3_2_F__10.tif,87,A2
MP_BipKopp1.1_B3_2_F__10.tif,87,B1
MP_BipKopp1.1_B3_2_F__10.tif,108,B2
MP_BipKopp1.1_B3_2_F__10.tif,110,B3
MP_BipKopp1.1_B3_2_F__10.tif,106,C1
MP_BipKopp1.1_B3_2_F__10.tif,109,C2
MP_BipKopp1.1_B3_2_F__10.tif,147,C3
MP_BipKopp1.1_B3_2_F__10.tif,112,E1
MP_BipKopp1.1_B3_2_F__10.tif,116,E2
MP_BipKopp1.1_B3_2_F__10.tif,100,F1
MP_BipKopp1.1_B3_2_F__10.tif,98,F2
MP_BipKopp1.1_B3_2_F__10.tif,97,F3
MP_BipKopp1.1_B3_2_F__10.tif,124,G1
MP_BipKopp1.1_B3_2_F__10.tif,115,G2
MP_BipKopp1.1_B3_2_F__10.tif,93,G3
MP_BipKopp1.1_B3_2_F__11.tif,76,A1
MP_BipKopp1.1_B3_2_F__11.tif,77,A2
MP_BipKopp1.1_B3_2_F__11.tif,85,B1
MP_BipKopp1.1_B3_2_F__11.tif,90,B2
MP_BipKopp1.1_B3_2_F__11.tif,89,B3
MP_BipKopp1.1_B3_2_F__11.tif,85,C1
MP_BipKopp1.1_B3_2_F__11.tif,87,C2
MP_BipKopp1.1_B3_2_F__11.tif,105,C3
MP_BipKopp1.1_B3_2_F__11.tif,97,E1
MP_BipKopp1.1_B3_2_F__11.tif,94,E2
MP_BipKopp1.1_B3_2_F__11.tif,99,F1
MP_BipKopp1.1_B3_2_F__11.tif,95,F2
MP_BipKopp1.1_B3_2_F__11.tif,105,F3
MP_BipKopp1.1_B3_2_F__11.tif,115,G1
MP_BipKopp1.1_B3_2_F__11.tif,93,G2
MP_BipKopp1.1_B3_2_F__11.tif,103,G3
MP_BipKopp1.1_B3_2_F__12.tif,72,A1
MP_BipKopp1.1_B3_2_F__12.tif,74,A2
MP_BipKopp1.1_B3_2_F__12.tif,80,B1
MP_BipKopp1.1_B3_2_F__12.tif,75,B2
MP_BipKopp1.1_B3_2_F__12.tif,95,B3
MP_BipKopp1.1_B3_2_F__12.tif,78,C1
MP_BipKopp1.1_B3_2_F__12.tif,87,C2
MP_BipKopp1.1_B3_2_F__12.tif,98,C3
MP_BipKopp1.1_B3_2_F__12.tif,99,E1
MP_BipKopp1.1_B3_2_F__12.tif,95,E2
MP_BipKopp1.1_B3_2_F__12.tif,101,F1
MP_BipKopp1.1_B3_2_F__12.tif,93,F2
MP_BipKopp1.1_B3_2_F__12.tif,110,F3
MP_BipKopp1.1_B3_2_F__12.tif,128,G1
MP_BipKopp1.1_B3_2_F__12.tif,91,G2
MP_BipKopp1.1_B3_2_F__12.tif,109,G3
MP_BipKopp1.1_B3_2_F__13.tif,72,A1
MP_BipKopp1.1_B3_2_F__13.tif,70,A2
MP_BipKopp1.1_B3_2_F__13.tif,69,B1
MP_BipKopp1.1_B3_2_F__13.tif,83,B2
MP_BipKopp1.1_B3_2_F__13.tif,86,B3
MP_BipKopp1.1_B3_2_F__13.tif,79,C1
MP_BipKopp1.1_B3_2_F__13.tif,91,C2
MP_BipKopp1.1_B3_2_F__13.tif,100,C3
MP_BipKopp1.1_B3_2_F__13.tif,93,E1
MP_BipKopp1.1_B3_2_F__13.tif,93,E2
MP_BipKopp1.1_B3_2_F__13.tif,100,F1
MP_BipKopp1.1_B3_2_F__13.tif,95,F2
MP_BipKopp1.1_B3_2_F__13.tif,109,F3
MP_BipKopp1.1_B3_2_F__13.tif,123,G1
MP_BipKopp1.1_B3_2_F__13.tif,85,G2
MP_BipKopp1.1_B3_2_F__13.tif,106,G3
MP_BipKopp1.1_B3_2_F__14.tif,79,A1
MP_BipKopp1.1_B3_2_F__14.tif,66,A2
MP_BipKopp1.1_B3_2_F__14.tif,86,B1
MP_BipKopp1.1_B3_2_F__14.tif,79,B2
MP_BipKopp1.1_B3_2_F__14.tif,84,B3
MP_BipKopp1.1_B3_2_F__14.tif,78,C1
MP_BipKopp1.1_B3_2_F__14.tif,76,C2
MP_BipKopp1.1_B3_2_F__14.tif,109,C3
MP_BipKopp1.1_B3_2_F__14.tif,82,E1
MP_BipKopp1.1_B3_2_F__14.tif,88,E2
MP_BipKopp1.1_B3_2_F__14.tif,91,F1
MP_BipKopp1.1_B3_2_F__14.tif,95,F2
MP_BipKopp1.1_B3_2_F__14.tif,94,F3
MP_BipKopp1.1_B3_2_F__14.tif,121,G1
MP_BipKopp1.1_B3_2_F__14.tif,74,G2
MP_BipKopp1.1_B3_2_F__14.tif,88,G3
MP_BipKopp1.1_B3_2_F__15.tif,59,A1
MP_BipKopp1.1_B3_2_F__15.tif,69,A2
MP_BipKopp1.1_B3_2_F__15.tif,74,B1
MP_BipKopp1.1_B3_2_F__15.tif,75,B2
MP_BipKopp1.1_B3_2_F__15.tif,79,B3
MP_BipKopp1.1_B3_2_F__15.tif,76,C1
MP_BipKopp1.1_B3_2_F__15.tif,84,C2
MP_BipKopp1.1_B3_2_F__15.tif,105,C3
MP_BipKopp1.1_B3_2_F__15.tif,96,E1
MP_BipKopp1.1_B3_2_F__15.tif,88,E2
MP_BipKopp1.1_B3_2_F__15.tif,99,F1
MP_BipKopp1.1_B3_2_F__15.tif,97,F2
MP_BipKopp1.1_B3_2_F__15.tif,108,F3
MP_BipKopp1.1_B3_2_F__15.tif,105,G1
MP_BipKopp1.1_B3_2_F__15.tif,85,G2
MP_BipKopp1.1_B3_2_F__15.tif,116,G3
MP_BipKopp1.1_B3_2_F__16.tif,70,A1
MP_BipKopp1.1_B3_2_F__16.tif,64,A2
MP_BipKopp1.1_B3_2_F__16.tif,74,B1
MP_BipKopp1.1_B3_2_F__16.tif,84,B2
MP_BipKopp1.1_B3_2_F__16.tif,93,B3
MP_BipKopp1.1_B3_2_F__16.tif,78,C1
MP_BipKopp1.1_B3_2_F__16.tif,95,C2
MP_BipKopp1.1_B3_2_F__16.tif,116,C3
MP_BipKopp1.1_B3_2_F__16.tif,91,E1
MP_BipKopp1.1_B3_2_F__16.tif,84,E2
MP_BipKopp1.1_B3_2_F__16.tif,94,F1
MP_BipKopp1.1_B3_2_F__16.tif,88,F2
MP_BipKopp1.1_B3_2_F__16.tif,107,F3
MP_BipKopp1.1_B3_2_F__16.tif,117,G1
MP_BipKopp1.1_B3_2_F__16.tif,68,G2
MP_BipKopp1.1_B3_2_F__16.tif,100,G3
MP_BipKopp1.1_B3_2_F__17.tif,83,A1
MP_BipKopp1.1_B3_2_F__17.tif,77,A2
MP_BipKopp1.1_B3_2_F__17.tif,89,B1
MP_BipKopp1.1_B3_2_F__17.tif,75,B2
MP_BipKopp1.1_B3_2_F__17.tif,108,B3
MP_BipKopp1.1_B3_2_F__17.tif,76,C1
MP_BipKopp1.1_B3_2_F__17.tif,97,C2
MP_BipKopp1.1_B3_2_F__17.tif,116,C3
MP_BipKopp1.1_B3_2_F__17.tif,102,E1
MP_BipKopp1.1_B3_2_F__17.tif,108,E2
MP_BipKopp1.1_B3_2_F__17.tif,105,F1
MP_BipKopp1.1_B3_2_F__17.tif,93,F2
MP_BipKopp1.1_B3_2_F__17.tif,106,F3
MP_BipKopp1.1_B3_2_F__17.tif,126,G1
MP_BipKopp1.1_B3_2_F__17.tif,85,G2
MP_BipKopp1.1_B3_2_F__17.tif,98,G3
MP_BipKopp1.1_B3_2_F__18.tif,70,A1
MP_BipKopp1.1_B3_2_F__18.tif,86,A2
MP_BipKopp1.1_B3_2_F__18.tif,85,B1
MP_BipKopp1.1_B3_2_F__18.tif,104,B2
MP_BipKopp1.1_B3_2_F__18.tif,100,B3
MP_BipKopp1.1_B3_2_F__18.tif,92,C1
MP_BipKopp1.1_B3_2_F__18.tif,96,C2
MP_BipKopp1.1_B3_2_F__18.tif,115,C3
MP_BipKopp1.1_B3_2_F__18.tif,112,E1
MP_BipKopp1.1_B3_2_F__18.tif,103,E2
MP_BipKopp1.1_B3_2_F__18.tif,94,F1
MP_BipKopp1.1_B3_2_F__18.tif,114,F2
MP_BipKopp1.1_B3_2_F__18.tif,114,F3
MP_BipKopp1.1_B3_2_F__18.tif,129,G1
MP_BipKopp1.1_B3_2_F__18.tif,92,G2
MP_BipKopp1.1_B3_2_F__18.tif,113,G3
MP_BipKopp1.1_B3_2_F__19.tif,74,A1
MP_BipKopp1.1_B3_2_F__19.tif,71,A2
MP_BipKopp1.1_B3_2_F__19.tif,82,B1
MP_BipKopp1.1_B3_2_F__19.tif,85,B2
MP_BipKopp1.1_B3_2_F__19.tif,99,B3
MP_BipKopp1.1_B3_2_F__19.tif,86,C1
MP_BipKopp1.1_B3_2_F__19.tif,92,C2
MP_BipKopp1.1_B3_2_F__19.tif,116,C3
MP_BipKopp1.1_B3_2_F__19.tif,97,E1
MP_BipKopp1.1_B3_2_F__19.tif,92,E2
MP_BipKopp1.1_B3_2_F__19.tif,98,F1
MP_BipKopp1.1_B3_2_F__19.tif,102,F2
MP_BipKopp1.1_B3_2_F__19.tif,105,F3
MP_BipKopp1.1_B3_2_F__19.tif,134,G1
MP_BipKopp1.1_B3_2_F__19.tif,85,G2
MP_BipKopp1.1_B3_2_F__19.tif,102,G3
MP_BipKopp1.1_B3_2_F__20.tif,66,A1
MP_BipKopp1.1_B3_2_F__20.tif,63,A2
MP_BipKopp1.1_B3_2_F__20.tif,71,B1
MP_BipKopp1.1_B3_2_F__20.tif,79,B2
MP_BipKopp1.1_B3_2_F__20.tif,82,B3
MP_BipKopp1.1_B3_2_F__20.tif,77,C1
MP_BipKopp1.1_B3_2_F__20.tif,84,C2
MP_BipKopp1.1_B3_2_F__20.tif,104,C3
MP_BipKopp1.1_B3_2_F__20.tif,84,E1
MP_BipKopp1.1_B3_2_F__20.tif,98,E2
MP_BipKopp1.1_B3_2_F__20.tif,89,F1
MP_BipKopp1.1_B3_2_F__20.tif,96,F2
MP_BipKopp1.1_B3_2_F__20.tif,101,F3
MP_BipKopp1.1_B3_2_F__20.tif,125,G1
MP_BipKopp1.1_B3_2_F__20.tif,84,G2
MP_BipKopp1.1_B3_2_F__20.tif,99,G3
MP_BipKopp1.1_B3_2_F__21.tif,79,A1
MP_BipKopp1.1_B3_2_F__21.tif,76,A2
MP_BipKopp1.1_B3_2_F__21.tif,83,B1
MP_BipKopp1.1_B3_2_F__21.tif,87,B2
MP_BipKopp1.1_B3_2_F__21.tif,86,B3
MP_BipKopp1.1_B3_2_F__21.tif,71,C1
MP_BipKopp1.1_B3_2_F__21.tif,85,C2
MP_BipKopp1.1_B3_2_F__21.tif,107,C3
MP_BipKopp1.1_B3_2_F__21.tif,93,E1
MP_BipKopp1.1_B3_2_F__21.tif,85,E2
MP_BipKopp1.1_B3_2_F__21.tif,89,F1
MP_BipKopp1.1_B3_2_F__21.tif,97,F2
MP_BipKopp1.1_B3_2_F__21.tif,108,F3
MP_BipKopp1.1_B3_2_F__21.tif,119,G1
MP_BipKopp1.1_B3_2_F__21.tif,80,G2
MP_BipKopp1.1_B3_2_F__21.tif,111,G3
MP_BipKopp1.1_B3_2_F__22.tif,78,A1
MP_BipKopp1.1_B3_2_F__22.tif,76,A2
MP_BipKopp1.1_B3_2_F__22.tif,78,B1
MP_BipKopp1.1_B3_2_F__22.tif,87,B2
MP_BipKopp1.1_B3_2_F__22.tif,106,B3
MP_BipKopp1.1_B3_2_F__22.tif,75,C1
MP_BipKopp1.1_B3_2_F__22.tif,86,C2
MP_BipKopp1.1_B3_2_F__22.tif,109,C3
MP_BipKopp1.1_B3_2_F__22.tif,96,E1
MP_BipKopp1.1_B3_2_F__22.tif,87,E2
MP_BipKopp1.1_B3_2_F__22.tif,92,F1
MP_BipKopp1.1_B3_2_F__22.tif,89,F2
MP_BipKopp1.1_B3_2_F__22.tif,109,F3
MP_BipKopp1.1_B3_2_F__22.tif,108,G1
MP_BipKopp1.1_B3_2_F__22.tif,80,G2
MP_BipKopp1.1_B3_2_F__22.tif,97,G3
MP_BipKopp1.1_B3_2_F__23.tif,81,A1
MP_BipKopp1.1_B3_2_F__23.tif,68,A2
MP_BipKopp1.1_B3_2_F__23.tif,91,B1
MP_BipKopp1.1_B3_2_F__23.tif,82,B2
MP_BipKopp1.1_B3_2_F__23.tif,102,B3
MP_BipKopp1.1_B3_2_F__23.tif,81,C1
MP_BipKopp1.1_B3_2_F__23.tif,101,C2
MP_BipKopp1.1_B3_2_F__23.tif,116,C3
MP_BipKopp1.1_B3_2_F__23.tif,108,E1
MP_BipKopp1.1_B3_2_F__23.tif,113,E2
MP_BipKopp1.1_B3_2_F__23.tif,95,F1
MP_BipKopp1.1_B3_2_F__23.tif,93,F2
MP_BipKopp1.1_B3_2_F__23.tif,108,F3
MP_BipKopp1.1_B3_2_F__23.tif,116,G1
MP_BipKopp1.1_B3_2_F__23.tif,81,G2
MP_BipKopp1.1_B3_2_F__23.tif,114,G3
MP_BipKopp1.1_B3_2_F__24.tif,78,A1
MP_BipKopp1.1_B3_2_F__24.tif,70,A2
MP_BipKopp1.1_B3_2_F__24.tif,93,B1
MP_BipKopp1.1_B3_2_F__24.tif,80,B2
MP_BipKopp1.1_B3_2_F__24.tif,91,B3
MP_BipKopp1.1_B3_2_F__24.tif,86,C1
MP_BipKopp1.1_B3_2_F__24.tif,109,C2
MP_BipKopp1.1_B3_2_F__24.tif,111,C3
MP_BipKopp1.1_B3_2_F__24.tif,112,E1
MP_BipKopp1.1_B3_2_F__24.tif,111,E2
MP_BipKopp1.1_B3_2_F__24.tif,92,F1
MP_BipKopp1.1_B3_2_F__24.tif,109,F2
MP_BipKopp1.1_B3_2_F__24.tif,113,F3
MP_BipKopp1.1_B3_2_F__24.tif,141,G1
MP_BipKopp1.1_B3_2_F__24.tif,77,G2
MP_BipKopp1.1_B3_2_F__24.tif,85,G3
MP_BipKopp1.1_B3_2_F__25.tif,79,A1
MP_BipKopp1.1_B3_2_F__25.tif,75,A2
MP_BipKopp1.1_B3_2_F__25.tif,84,B1
MP_BipKopp1.1_B3_2_F__25.tif,89,B2
MP_BipKopp1.1_B3_2_F__25.tif,94,B3
MP_BipKopp1.1_B3_2_F__25.tif,76,C1
MP_BipKopp1.1_B3_2_F__25.tif,83,C2
MP_BipKopp1.1_B3_2_F__25.tif,106,C3
MP_BipKopp1.1_B3_2_F__25.tif,91,E1
MP_BipKopp1.1_B3_2_F__25.tif,103,E2
MP_BipKopp1.1_B3_2_F__25.tif,96,F1
MP_BipKopp1.1_B3_2_F__25.tif,89,F2
MP_BipKopp1.1_B3_2_F__25.tif,107,F3
MP_BipKopp1.1_B3_2_F__25.tif,110,G1
MP_BipKopp1.1_B3_2_F__25.tif,80,G2
MP_BipKopp1.1_B3_2_F__25.tif,121,G3
MP_BipKopp1.1_B3_2_F__26.tif,81,A1
MP_BipKopp1.1_B3_2_F__26.tif,86,A2
MP_BipKopp1.1_B3_2_F__26.tif,85,B1
MP_BipKopp1.1_B3_2_F__26.tif,94,B2
MP_BipKopp1.1_B3_2_F__26.tif,92,B3
MP_BipKopp1.1_B3_2_F__26.tif,85,C1
MP_BipKopp1.1_B3_2_F__26.tif,84,C2
MP_BipKopp1.1_B3_2_F__26.tif,104,C3
MP_BipKopp1.1_B3_2_F__26.tif,93,E1
MP_BipKopp1.1_B3_2_F__26.tif,104,E2
MP_BipKopp1.1_B3_2_F__26.tif,87,F1
MP_BipKopp1.1_B3_2_F__26.tif,91,F2
MP_BipKopp1.1_B3_2_F__26.tif,100,F3
MP_BipKopp1.1_B3_2_F__26.tif,132,G1
MP_BipKopp1.1_B3_2_F__26.tif,88,G2
MP_BipKopp1.1_B3_2_F__26.tif,119,G3
MP_BipKopp1.1_B3_2_F__27.tif,73,A1
MP_BipKopp1.1_B3_2_F__27.tif,82,A2
MP_BipKopp1.1_B3_2_F__27.tif,84,B1
MP_BipKopp1.1_B3_2_F__27.tif,87,B2
MP_BipKopp1.1_B3_2_F__27.tif,92,B3
MP_BipKopp1.1_B3_2_F__27.tif,73,C1
MP_BipKopp1.1_B3_2_F__27.tif,87,C2
MP_BipKopp1.1_B3_2_F__27.tif,112,C3
MP_BipKopp1.1_B3_2_F__27.tif,89,E1
MP_BipKopp1.1_B3_2_F__27.tif,95,E2
MP_BipKopp1.1_B3_2_F__27.tif,89,F1
MP_BipKopp1.1_B3_2_F__27.tif,83,F2
MP_BipKopp1.1_B3_2_F__27.tif,103,F3
MP_BipKopp1.1_B3_2_F__27.tif,113,G1
MP_BipKopp1.1_B3_2_F__27.tif,80,G2
MP_BipKopp1.1_B3_2_F__27.tif,102,G3
MP_BipKopp1.1_B3_2_F__28.tif,84,A1
MP_BipKopp1.1_B3_2_F__28.tif,83,A2
MP_BipKopp1.1_B3_2_F__28.tif,82,B1
MP_BipKopp1.1_B3_2_F__28.tif,75,B2
MP_BipKopp1.1_B3_2_F__28.tif,99,B3
MP_BipKopp1.1_B3_2_F__28.tif,80,C1
MP_BipKopp1.1_B3_2_F__28.tif,84,C2
MP_BipKopp1.1_B3_2_F__28.tif,117,C3
MP_BipKopp1.1_B3_2_F__28.tif,96,E1
MP_BipKopp1.1_B3_2_F__28.tif,102,E2
MP_BipKopp1.1_B3_2_F__28.tif,107,F1
MP_BipKopp1.1_B3_2_F__28.tif,94,F2
MP_BipKopp1.1_B3_2_F__28.tif,113,F3
MP_BipKopp1.1_B3_2_F__28.tif,125,G1
MP_BipKopp1.1_B3_2_F__28.tif,74,G2
MP_BipKopp1.1_B3_2_F__28.tif,106,G3
MP_BipKopp1.1_B3_2_F__29.tif,77,A1
MP_BipKopp1.1_B3_2_F__29.tif,70,A2
MP_BipKopp1.1_B3_2_F__29.tif,76,B1
MP_BipKopp1.1_B3_2_F__29.tif,70,B2
MP_BipKopp1.1_B3_2_F__29.tif,92,B3
MP_BipKopp1.1_B3_2_F__29.tif,76,C1
MP_BipKopp1.1_B3_2_F__29.tif,86,C2
MP_BipKopp1.1_B3_2_F__29.tif,100,C3
MP_BipKopp1.1_B3_2_F__29.tif,93,E1
MP_BipKopp1.1_B3_2_F__29.tif,84,E2
MP_BipKopp1.1_B3_2_F__29.tif,96,F1
MP_BipKopp1.1_B3_2_F__29.tif,86,F2
MP_BipKopp1.1_B3_2_F__29.tif,95,F3
MP_BipKopp1.1_B3_2_F__29.tif,125,G1
MP_BipKopp1.1_B3_2_F__29.tif,85,G2
MP_BipKopp1.1_B3_2_F__29.tif,108,G3
MP_BipKopp1.1_B3_2_F__30.tif,78,A1
MP_BipKopp1.1_B3_2_F__30.tif,70,A2
MP_BipKopp1.1_B3_2_F__30.tif,77,B1
MP_BipKopp1.1_B3_2_F__30.tif,82,B2
MP_BipKopp1.1_B3_2_F__30.tif,81,B3
MP_BipKopp1.1_B3_2_F__30.tif,78,C1
MP_BipKopp1.1_B3_2_F__30.tif,96,C2
MP_BipKopp1.1_B3_2_F__30.tif,98,C3
MP_BipKopp1.1_B3_2_F__30.tif,78,E1
MP_BipKopp1.1_B3_2_F__30.tif,93,E2
MP_BipKopp1.1_B3_2_F__30.tif,91,F1
MP_BipKopp1.1_B3_2_F__30.tif,99,F2
MP_BipKopp1.1_B3_2_F__30.tif,91,F3
MP_BipKopp1.1_B3_2_F__30.tif,103,G1
MP_BipKopp1.1_B3_2_F__30.tif,77,G2
MP_BipKopp1.1_B3_2_F__30.tif,91,G3
MP_BipKopp1.1_B3_2_M__01.tif,91,A1
MP_BipKopp1.1_B3_2_M__01.tif,84,A2
MP_BipKopp1.1_B3_2_M__01.tif,93,B1
MP_BipKopp1.1_B3_2_M__01.tif,87,B2
MP_BipKopp1.1_B3_2_M__01.tif,93,B3
MP_BipKopp1.1_B3_2_M__01.tif,92,C1
MP_BipKopp1.1_B3_2_M__01.tif,92,C2
MP_BipKopp1.1_B3_2_M__01.tif,119,C3
MP_BipKopp1.1_B3_2_M__01.tif,104,E1
MP_BipKopp1.1_B3_2_M__01.tif,107,E2
MP_BipKopp1.1_B3_2_M__01.tif,111,F1
MP_BipKopp1.1_B3_2_M__01.tif,93,F2
MP_BipKopp1.1_B3_2_M__01.tif,123,F3
MP_BipKopp1.1_B3_2_M__01.tif,136,G1
MP_BipKopp1.1_B3_2_M__01.tif,97,G2
MP_BipKopp1.1_B3_2_M__01.tif,129,G3
MP_BipKopp1.1_B3_2_M__02.tif,74,A1
MP_BipKopp1.1_B3_2_M__02.tif,80,A2
MP_BipKopp1.1_B3_2_M__02.tif,93,B1
MP_BipKopp1.1_B3_2_M__02.tif,95,B2
MP_BipKopp1.1_B3_2_M__02.tif,80,B3
MP_BipKopp1.1_B3_2_M__02.tif,82,C1
MP_BipKopp1.1_B3_2_M__02.tif,100,C2
MP_BipKopp1.1_B3_2_M__02.tif,90,C3
MP_BipKopp1.1_B3_2_M__02.tif,108,E1
MP_BipKopp1.1_B3_2_M__02.tif,106,E2
MP_BipKopp1.1_B3_2_M__02.tif,90,F1
MP_BipKopp1.1_B3_2_M__02.tif,93,F2
MP_BipKopp1.1_B3_2_M__02.tif,106,F3
MP_BipKopp1.1_B3_2_M__02.tif,124,G1
MP_BipKopp1.1_B3_2_M__02.tif,87,G2
MP_BipKopp1.1_B3_2_M__02.tif,108,G3
MP_BipKopp1.1_B3_2_M__03.tif,90,A1
MP_BipKopp1.1_B3_2_M__03.tif,81,A2
MP_BipKopp1.1_B3_2_M__03.tif,97,B1
MP_BipKopp1.1_B3_2_M__03.tif,91,B2
MP_BipKopp1.1_B3_2_M__03.tif,104,B3
MP_BipKopp1.1_B3_2_M__03.tif,80,C1
MP_BipKopp1.1_B3_2_M__03.tif,96,C2
MP_BipKopp1.1_B3_2_M__03.tif,112,C3
MP_BipKopp1.1_B3_2_M__03.tif,113,E1
MP_BipKopp1.1_B3_2_M__03.tif,117,E2
MP_BipKopp1.1_B3_2_M__03.tif,110,F1
MP_BipKopp1.1_B3_2_M__03.tif,111,F2
MP_BipKopp1.1_B3_2_M__03.tif,110,F3
MP_BipKopp1.1_B3_2_M__03.tif,140,G1
MP_BipKopp1.1_B3_2_M__03.tif,103,G2
MP_BipKopp1.1_B3_2_M__03.tif,119,G3
MP_BipKopp1.1_B3_2_M__04.tif,78,A1
MP_BipKopp1.1_B3_2_M__04.tif,59,A2
MP_BipKopp1.1_B3_2_M__04.tif,83,B1
MP_BipKopp1.1_B3_2_M__04.tif,89,B2
MP_BipKopp1.1_B3_2_M__04.tif,98,B3
MP_BipKopp1.1_B3_2_M__04.tif,88,C1
MP_BipKopp1.1_B3_2_M__04.tif,89,C2
MP_BipKopp1.1_B3_2_M__04.tif,102,C3
MP_BipKopp1.1_B3_2_M__04.tif,101,E1
MP_BipKopp1.1_B3_2_M__04.tif,97,E2
MP_BipKopp1.1_B3_2_M__04.tif,91,F1
MP_BipKopp1.1_B3_2_M__04.tif,98,F2
MP_BipKopp1.1_B3_2_M__04.tif,100,F3
MP_BipKopp1.1_B3_2_M__04.tif,130,G1
MP_BipKopp1.1_B3_2_M__04.tif,82,G2
MP_BipKopp1.1_B3_2_M__04.tif,105,G3
MP_BipKopp1.1_B3_2_M__05.tif,85,A1
MP_BipKopp1.1_B3_2_M__05.tif,83,A2
MP_BipKopp1.1_B3_2_M__05.tif,97,B1
MP_BipKopp1.1_B3_2_M__05.tif,90,B2
MP_BipKopp1.1_B3_2_M__05.tif,103,B3
MP_BipKopp1.1_B3_2_M__05.tif,80,C1
MP_BipKopp1.1_B3_2_M__05.tif,108,C2
MP_BipKopp1.1_B3_2_M__05.tif,122,C3
MP_BipKopp1.1_B3_2_M__05.tif,109,E1
MP_BipKopp1.1_B3_2_M__05.tif,111,E2
MP_BipKopp1.1_B3_2_M__05.tif,98,F1
MP_BipKopp1.1_B3_2_M__05.tif,98,F2
MP_BipKopp1.1_B3_2_M__05.tif,112,F3
MP_BipKopp1.1_B3_2_M__05.tif,151,G1
MP_BipKopp1.1_B3_2_M__05.tif,88,G2
MP_BipKopp1.1_B3_2_M__05.tif,109,G3
MP_BipKopp1.1_B3_2_M__06.tif,84,A1
MP_BipKopp1.1_B3_2_M__06.tif,84,A2
MP_BipKopp1.1_B3_2_M__06.tif,99,B1
MP_BipKopp1.1_B3_2_M__06.tif,96,B2
MP_BipKopp1.1_B3_2_M__06.tif,104,B3
MP_BipKopp1.1_B3_2_M__06.tif,81,C1
MP_BipKopp1.1_B3_2_M__06.tif,101,C2
MP_BipKopp1.1_B3_2_M__06.tif,116,C3
MP_BipKopp1.1_B3_2_M__06.tif,106,E1
MP_BipKopp1.1_B3_2_M__06.tif,98,E2
MP_BipKopp1.1_B3_2_M__06.tif,115,F1
MP_BipKopp1.1_B3_2_M__06.tif,115,F2
MP_BipKopp1.1_B3_2_M__06.tif,122,F3
MP_BipKopp1.1_B3_2_M__06.tif,143,G1
MP_BipKopp1.1_B3_2_M__06.tif,89,G2
MP_BipKopp1.1_B3_2_M__06.tif,110,G3
MP_BipKopp1.1_B3_2_M__07.tif,82,A1
MP_BipKopp1.1_B3_2_M__07.tif,89,A2
MP_BipKopp1.1_B3_2_M__07.tif,104,B1
MP_BipKopp1.1_B3_2_M__07.tif,100,B2
MP_BipKopp1.1_B3_2_M__07.tif,76,B3
MP_BipKopp1.1_B3_2_M__07.tif,99,C1
MP_BipKopp1.1_B3_2_M__07.tif,104,C2
MP_BipKopp1.1_B3_2_M__07.tif,106,C3
MP_BipKopp1.1_B3_2_M__07.tif,105,E1
MP_BipKopp1.1_B3_2_M__07.tif,94,E2
MP_BipKopp1.1_B3_2_M__07.tif,95,F1
MP_BipKopp1.1_B3_2_M__07.tif,86,F2
MP_BipKopp1.1_B3_2_M__07.tif,104,F3
MP_BipKopp1.1_B3_2_M__07.tif,116,G1
MP_BipKopp1.1_B3_2_M__07.tif,95,G2
MP_BipKopp1.1_B3_2_M__07.tif,114,G3
MP_BipKopp1.1_B3_2_M__08.tif,76,A1
MP_BipKopp1.1_B3_2_M__08.tif,82,A2
MP_BipKopp1.1_B3_2_M__08.tif,102,B1
MP_BipKopp1.1_B3_2_M__08.tif,88,B2
MP_BipKopp1.1_B3_2_M__08.tif,75,B3
MP_BipKopp1.1_B3_2_M__08.tif,80,C1
MP_BipKopp1.1_B3_2_M__08.tif,84,C2
MP_BipKopp1.1_B3_2_M__08.tif,99,C3
MP_BipKopp1.1_B3_2_M__08.tif,108,E1
MP_BipKopp1.1_B3_2_M__08.tif,104,E2
MP_BipKopp1.1_B3_2_M__08.tif,87,F1
MP_BipKopp1.1_B3_2_M__08.tif,108,F2
MP_BipKopp1.1_B3_2_M__08.tif,102,F3
MP_BipKopp1.1_B3_2_M__08.tif,103,G1
MP_BipKopp1.1_B3_2_M__08.tif,102,G2
MP_BipKopp1.1_B3_2_M__08.tif,98,G3
MP_BipKopp1.1_B3_2_M__09.tif,79,A1
MP_BipKopp1.1_B3_2_M__09.tif,72,A2
MP_BipKopp1.1_B3_2_M__09.tif,96,B1
MP_BipKopp1.1_B3_2_M__09.tif,94,B2
MP_BipKopp1.1_B3_2_M__09.tif,113,B3
MP_BipKopp1.1_B3_2_M__09.tif,90,C1
MP_BipKopp1.1_B3_2_M__09.tif,100,C2
MP_BipKopp1.1_B3_2_M__09.tif,118,C3
MP_BipKopp1.1_B3_2_M__09.tif,104,E1
MP_BipKopp1.1_B3_2_M__09.tif,108,E2
MP_BipKopp1.1_B3_2_M__09.tif,104,F1
MP_BipKopp1.1_B3_2_M__09.tif,96,F2
MP_BipKopp1.1_B3_2_M__09.tif,118,F3
MP_BipKopp1.1_B3_2_M__09.tif,133,G1
MP_BipKopp1.1_B3_2_M__09.tif,100,G2
MP_BipKopp1.1_B3_2_M__09.tif,114,G3
MP_BipKopp1.1_B3_2_M__10.tif,92,A1
MP_BipKopp1.1_B3_2_M__10.tif,85,A2
MP_BipKopp1.1_B3_2_M__10.tif,88,B1
MP_BipKopp1.1_B3_2_M__10.tif,88,B2
MP_BipKopp1.1_B3_2_M__10.tif,103,B3
MP_BipKopp1.1_B3_2_M__10.tif,88,C1
MP_BipKopp1.1_B3_2_M__10.tif,91,C2
MP_BipKopp1.1_B3_2_M__10.tif,111,C3
MP_BipKopp1.1_B3_2_M__10.tif,104,E1
MP_BipKopp1.1_B3_2_M__10.tif,98,E2
MP_BipKopp1.1_B3_2_M__10.tif,87,F1
MP_BipKopp1.1_B3_2_M__10.tif,99,F2
MP_BipKopp1.1_B3_2_M__10.tif,109,F3
MP_BipKopp1.1_B3_2_M__10.tif,132,G1
MP_BipKopp1.1_B3_2_M__10.tif,99,G2
MP_BipKopp1.1_B3_2_M__10.tif,103,G3
MP_BipKopp1.1_B3_2_M__11.tif,83,A1
MP_BipKopp1.1_B3_2_M__11.tif,73,A2
MP_BipKopp1.1_B3_2_M__11.tif,106,B1
MP_BipKopp1.1_B3_2_M__11.tif,100,B2
MP_BipKopp1.1_B3_2_M__11.tif,107,B3
MP_BipKopp1.1_B3_2_M__11.tif,88,C1
MP_BipKopp1.1_B3_2_M__11.tif,110,C2
MP_BipKopp1.1_B3_2_M__11.tif,130,C3
MP_BipKopp1.1_B3_2_M__11.tif,119,E1
MP_BipKopp1.1_B3_2_M__11.tif,106,E2
MP_BipKopp1.1_B3_2_M__11.tif,115,F1
MP_BipKopp1.1_B3_2_M__11.tif,104,F2
MP_BipKopp1.1_B3_2_M__11.tif,117,F3
MP_BipKopp1.1_B3_2_M__11.tif,158,G1
MP_BipKopp1.1_B3_2_M__11.tif,93,G2
MP_BipKopp1.1_B3_2_M__11.tif,116,G3
MP_BipKopp1.1_B3_2_M__12.tif,107,A1
MP_BipKopp1.1_B3_2_M__12.tif,87,A2
MP_BipKopp1.1_B3_2_M__12.tif,108,B1
MP_BipKopp1.1_B3_2_M__12.tif,102,B2
MP_BipKopp1.1_B3_2_M__12.tif,128,B3
MP_BipKopp1.1_B3_2_M__12.tif,97,C1
MP_BipKopp1.1_B3_2_M__12.tif,111,C2
MP_BipKopp1.1_B3_2_M__12.tif,130,C3
MP_BipKopp1.1_B3_2_M__12.tif,123,E1
MP_BipKopp1.1_B3_2_M__12.tif,141,E2
MP_BipKopp1.1_B3_2_M__12.tif,102,F1
MP_BipKopp1.1_B3_2_M__12.tif,90,F2
MP_BipKopp1.1_B3_2_M__12.tif,99,F3
MP_BipKopp1.1_B3_2_M__12.tif,136,G1
MP_BipKopp1.1_B3_2_M__12.tif,108,G2
MP_BipKopp1.1_B3_2_M__12.tif,120,G3
MP_BipKopp1.1_B3_2_M__13.tif,81,A1
MP_BipKopp1.1_B3_2_M__13.tif,80,A2
MP_BipKopp1.1_B3_2_M__13.tif,89,B1
MP_BipKopp1.1_B3_2_M__13.tif,101,B2
MP_BipKopp1.1_B3_2_M__13.tif,110,B3
MP_BipKopp1.1_B3_2_M__13.tif,91,C1
MP_BipKopp1.1_B3_2_M__13.tif,61,C2
MP_BipKopp1.1_B3_2_M__13.tif,119,C3
MP_BipKopp1.1_B3_2_M__13.tif,123,E1
MP_BipKopp1.1_B3_2_M__13.tif,99,E2
MP_BipKopp1.1_B3_2_M__13.tif,60,F1
MP_BipKopp1.1_B3_2_M__13.tif,86,F2
MP_BipKopp1.1_B3_2_M__13.tif,49,F3
MP_BipKopp1.1_B3_2_M__13.tif,114,G1
MP_BipKopp1.1_B3_2_M__13.tif,89,G2
MP_BipKopp1.1_B3_2_M__13.tif,117,G3
MP_BipKopp1.1_B3_2_M__14.tif,89,A1
MP_BipKopp1.1_B3_2_M__14.tif,89,A2
MP_BipKopp1.1_B3_2_M__14.tif,90,B1
MP_BipKopp1.1_B3_2_M__14.tif,94,B2
MP_BipKopp1.1_B3_2_M__14.tif,107,B3
MP_BipKopp1.1_B3_2_M__14.tif,88,C1
MP_BipKopp1.1_B3_2_M__14.tif,104,C2
MP_BipKopp1.1_B3_2_M__14.tif,120,C3
MP_BipKopp1.1_B3_2_M__14.tif,118,E1
MP_BipKopp1.1_B3_2_M__14.tif,121,E2
MP_BipKopp1.1_B3_2_M__14.tif,114,F1
MP_BipKopp1.1_B3_2_M__14.tif,103,F2
MP_BipKopp1.1_B3_2_M__14.tif,126,F3
MP_BipKopp1.1_B3_2_M__14.tif,104,G1
MP_BipKopp1.1_B3_2_M__14.tif,95,G2
MP_BipKopp1.1_B3_2_M__14.tif,117,G3
MP_BipKopp1.1_B3_2_M__15.tif,89,A1
MP_BipKopp1.1_B3_2_M__15.tif,88,A2
MP_BipKopp1.1_B3_2_M__15.tif,104,B1
MP_BipKopp1.1_B3_2_M__15.tif,82,B2
MP_BipKopp1.1_B3_2_M__15.tif,100,B3
MP_BipKopp1.1_B3_2_M__15.tif,93,C1
MP_BipKopp1.1_B3_2_M__15.tif,89,C2
MP_BipKopp1.1_B3_2_M__15.tif,115,C3
MP_BipKopp1.1_B3_2_M__15.tif,105,E1
MP_BipKopp1.1_B3_2_M__15.tif,113,E2
MP_BipKopp1.1_B3_2_M__15.tif,99,F1
MP_BipKopp1.1_B3_2_M__15.tif,101,F2
MP_BipKopp1.1_B3_2_M__15.tif,114,F3
MP_BipKopp1.1_B3_2_M__15.tif,113,G1
MP_BipKopp1.1_B3_2_M__15.tif,98,G2
MP_BipKopp1.1_B3_2_M__15.tif,90,G3
MP_BipKopp1.1_B3_2_M__16.tif,73,A1
MP_BipKopp1.1_B3_2_M__16.tif,74,A2
MP_BipKopp1.1_B3_2_M__16.tif,104,B1
MP_BipKopp1.1_B3_2_M__16.tif,97,B2
MP_BipKopp1.1_B3_2_M__16.tif,101,B3
MP_BipKopp1.1_B3_2_M__16.tif,83,C1
MP_BipKopp1.1_B3_2_M__16.tif,94,C2
MP_BipKopp1.1_B3_2_M__16.tif,107,C3
MP_BipKopp1.1_B3_2_M__16.tif,109,E1
MP_BipKopp1.1_B3_2_M__16.tif,107,E2
MP_BipKopp1.1_B3_2_M__16.tif,104,F1
MP_BipKopp1.1_B3_2_M__16.tif,98,F2
MP_BipKopp1.1_B3_2_M__16.tif,119,F3
MP_BipKopp1.1_B3_2_M__16.tif,135,G1
MP_BipKopp1.1_B3_2_M__16.tif,83,G2
MP_BipKopp1.1_B3_2_M__16.tif,112,G3
MP_BipKopp1.1_B3_2_M__17.tif,79,A1
MP_BipKopp1.1_B3_2_M__17.tif,84,A2
MP_BipKopp1.1_B3_2_M__17.tif,86,B1
MP_BipKopp1.1_B3_2_M__17.tif,87,B2
MP_BipKopp1.1_B3_2_M__17.tif,89,B3
MP_BipKopp1.1_B3_2_M__17.tif,75,C1
MP_BipKopp1.1_B3_2_M__17.tif,100,C2
MP_BipKopp1.1_B3_2_M__17.tif,103,C3
MP_BipKopp1.1_B3_2_M__17.tif,99,E1
MP_BipKopp1.1_B3_2_M__17.tif,101,E2
MP_BipKopp1.1_B3_2_M__17.tif,96,F1
MP_BipKopp1.1_B3_2_M__17.tif,86,F2
MP_BipKopp1.1_B3_2_M__17.tif,113,F3
MP_BipKopp1.1_B3_2_M__17.tif,96,G1
MP_BipKopp1.1_B3_2_M__17.tif,77,G2
MP_BipKopp1.1_B3_2_M__17.tif,105,G3
MP_BipKopp1.1_B3_2_M__18.tif,91,A1
MP_BipKopp1.1_B3_2_M__18.tif,75,A2
MP_BipKopp1.1_B3_2_M__18.tif,88,B1
MP_BipKopp1.1_B3_2_M__18.tif,83,B2
MP_BipKopp1.1_B3_2_M__18.tif,103,B3
MP_BipKopp1.1_B3_2_M__18.tif,76,C1
MP_BipKopp1.1_B3_2_M__18.tif,96,C2
MP_BipKopp1.1_B3_2_M__18.tif,110,C3
MP_BipKopp1.1_B3_2_M__18.tif,111,E1
MP_BipKopp1.1_B3_2_M__18.tif,102,E2
MP_BipKopp1.1_B3_2_M__18.tif,97,F1
MP_BipKopp1.1_B3_2_M__18.tif,102,F2
MP_BipKopp1.1_B3_2_M__18.tif,100,F3
MP_BipKopp1.1_B3_2_M__18.tif,123,G1
MP_BipKopp1.1_B3_2_M__18.tif,90,G2
MP_BipKopp1.1_B3_2_M__18.tif,111,G3
MP_BipKopp1.1_B3_2_M__19.tif,80,A1
MP_BipKopp1.1_B3_2_M__19.tif,94,A2
MP_BipKopp1.1_B3_2_M__19.tif,92,B1
MP_BipKopp1.1_B3_2_M__19.tif,88,B2
MP_BipKopp1.1_B3_2_M__19.tif,99,B3
MP_BipKopp1.1_B3_2_M__19.tif,93,C1
MP_BipKopp1.1_B3_2_M__19.tif,106,C2
MP_BipKopp1.1_B3_2_M__19.tif,110,C3
MP_BipKopp1.1_B3_2_M__19.tif,110,E1
MP_BipKopp1.1_B3_2_M__19.tif,103,E2
MP_BipKopp1.1_B3_2_M__19.tif,101,F1
MP_BipKopp1.1_B3_2_M__19.tif,105,F2
MP_BipKopp1.1_B3_2_M__19.tif,105,F3
MP_BipKopp1.1_B3_2_M__19.tif,111,G1
MP_BipKopp1.1_B3_2_M__19.tif,97,G2
MP_BipKopp1.1_B3_2_M__19.tif,99,G3
MP_BipKopp1.1_B3_2_M__20.tif,92,A1
MP_BipKopp1.1_B3_2_M__20.tif,75,A2
MP_BipKopp1.1_B3_2_M__20.tif,102,B1
MP_BipKopp1.1_B3_2_M__20.tif,91,B2
MP_BipKopp1.1_B3_2_M__20.tif,96,B3
MP_BipKopp1.1_B3_2_M__20.tif,88,C1
MP_BipKopp1.1_B3_2_M__20.tif,91,C2
MP_BipKopp1.1_B3_2_M__20.tif,102,C3
MP_BipKopp1.1_B3_2_M__20.tif,119,E1
MP_BipKopp1.1_B3_2_M__20.tif,98,E2
MP_BipKopp1.1_B3_2_M__20.tif,97,F1
MP_BipKopp1.1_B3_2_M__20.tif,102,F2
MP_BipKopp1.1_B3_2_M__20.tif,96,F3
MP_BipKopp1.1_B3_2_M__20.tif,116,G1
MP_BipKopp1.1_B3_2_M__20.tif,87,G2
MP_BipKopp1.1_B3_2_M__20.tif,117,G3
MP_BipKopp1.1_B3_2_M__21.tif,75,A1
MP_BipKopp1.1_B3_2_M__21.tif,65,A2
MP_BipKopp1.1_B3_2_M__21.tif,73,B1
MP_BipKopp1.1_B3_2_M__21.tif,77,B2
MP_BipKopp1.1_B3_2_M__21.tif,84,B3
MP_BipKopp1.1_B3_2_M__21.tif,86,C1
MP_BipKopp1.1_B3_2_M__21.tif,86,C2
MP_BipKopp1.1_B3_2_M__21.tif,102,C3
MP_BipKopp1.1_B3_2_M__21.tif,99,E1
MP_BipKopp1.1_B3_2_M__21.tif,94,E2
MP_BipKopp1.1_B3_2_M__21.tif,106,F1
MP_BipKopp1.1_B3_2_M__21.tif,94,F2
MP_BipKopp1.1_B3_2_M__21.tif,121,F3
MP_BipKopp1.1_B3_2_M__21.tif,120,G1
MP_BipKopp1.1_B3_2_M__21.tif,93,G2
MP_BipKopp1.1_B3_2_M__21.tif,105,G3
MP_BipKopp1.1_B3_2_M__22.tif,86,A1
MP_BipKopp1.1_B3_2_M__22.tif,88,A2
MP_BipKopp1.1_B3_2_M__22.tif,99,B1
MP_BipKopp1.1_B3_2_M__22.tif,94,B2
MP_BipKopp1.1_B3_2_M__22.tif,98,B3
MP_BipKopp1.1_B3_2_M__22.tif,95,C1
MP_BipKopp1.1_B3_2_M__22.tif,96,C2
MP_BipKopp1.1_B3_2_M__22.tif,96,C3
MP_BipKopp1.1_B3_2_M__22.tif,90,E1
MP_BipKopp1.1_B3_2_M__22.tif,101,E2
MP_BipKopp1.1_B3_2_M__22.tif,97,F1
MP_BipKopp1.1_B3_2_M__22.tif,102,F2
MP_BipKopp1.1_B3_2_M__22.tif,120,F3
MP_BipKopp1.1_B3_2_M__22.tif,128,G1
MP_BipKopp1.1_B3_2_M__22.tif,86,G2
MP_BipKopp1.1_B3_2_M__22.tif,110,G3
MP_BipKopp1.1_B3_2_M__23.tif,76,A1
MP_BipKopp1.1_B3_2_M__23.tif,91,A2
MP_BipKopp1.1_B3_2_M__23.tif,85,B1
MP_BipKopp1.1_B3_2_M__23.tif,98,B2
MP_BipKopp1.1_B3_2_M__23.tif,107,B3
MP_BipKopp1.1_B3_2_M__23.tif,86,C1
MP_BipKopp1.1_B3_2_M__23.tif,105,C2
MP_BipKopp1.1_B3_2_M__23.tif,117,C3
MP_BipKopp1.1_B3_2_M__23.tif,108,E1
MP_BipKopp1.1_B3_2_M__23.tif,105,E2
MP_BipKopp1.1_B3_2_M__23.tif,102,F1
MP_BipKopp1.1_B3_2_M__23.tif,110,F2
MP_BipKopp1.1_B3_2_M__23.tif,116,F3
MP_BipKopp1.1_B3_2_M__23.tif,120,G1
MP_BipKopp1.1_B3_2_M__23.tif,92,G2
MP_BipKopp1.1_B3_2_M__23.tif,139,G3
MP_BipKopp1.1_B3_2_M__24.tif,94,A1
MP_BipKopp1.1_B3_2_M__24.tif,87,A2
MP_BipKopp1.1_B3_2_M__24.tif,100,B1
MP_BipKopp1.1_B3_2_M__24.tif,98,B2
MP_BipKopp1.1_B3_2_M__24.tif,115,B3
MP_BipKopp1.1_B3_2_M__24.tif,94,C1
MP_BipKopp1.1_B3_2_M__24.tif,102,C2
MP_BipKopp1.1_B3_2_M__24.tif,107,C3
MP_BipKopp1.1_B3_2_M__24.tif,109,E1
MP_BipKopp1.1_B3_2_M__24.tif,103,E2
MP_BipKopp1.1_B3_2_M__24.tif,98,F1
MP_BipKopp1.1_B3_2_M__24.tif,109,F2
MP_BipKopp1.1_B3_2_M__24.tif,121,F3
MP_BipKopp1.1_B3_2_M__24.tif,142,G1
MP_BipKopp1.1_B3_2_M__24.tif,99,G2
MP_BipKopp1.1_B3_2_M__24.tif,120,G3
MP_BipKopp1.1_B3_3_F__01.tif,150,A1
MP_BipKopp1.1_B3_3_F__01.tif,127,A2
MP_BipKopp1.1_B3_3_F__01.tif,146,B1
MP_BipKopp1.1_B3_3_F__01.tif,100,B2
MP_BipKopp1.1_B3_3_F__01.tif,125,B3
MP_BipKopp1.1_B3_3_F__01.tif,154,C1
MP_BipKopp1.1_B3_3_F__01.tif,140,C2
MP_BipKopp1.1_B3_3_F__01.tif,135,C3
MP_BipKopp1.1_B3_3_F__01.tif,172,E1
MP_BipKopp1.1_B3_3_F__01.tif,156,E2
MP_BipKopp1.1_B3_3_F__01.tif,163,F1
MP_BipKopp1.1_B3_3_F__01.tif,140,F2
MP_BipKopp1.1_B3_3_F__01.tif,136,F3
MP_BipKopp1.1_B3_3_F__01.tif,148,G1
MP_BipKopp1.1_B3_3_F__01.tif,176,G2
MP_BipKopp1.1_B3_3_F__01.tif,147,G3
MP_BipKopp1.1_B3_3_F__02.tif,82,A1
MP_BipKopp1.1_B3_3_F__02.tif,81,A2
MP_BipKopp1.1_B3_3_F__02.tif,95,B1
MP_BipKopp1.1_B3_3_F__02.tif,92,B2
MP_BipKopp1.1_B3_3_F__02.tif,103,B3
MP_BipKopp1.1_B3_3_F__02.tif,86,C1
MP_BipKopp1.1_B3_3_F__02.tif,86,C2
MP_BipKopp1.1_B3_3_F__02.tif,115,C3
MP_BipKopp1.1_B3_3_F__02.tif,105,E1
MP_BipKopp1.1_B3_3_F__02.tif,111,E2
MP_BipKopp1.1_B3_3_F__02.tif,109,F1
MP_BipKopp1.1_B3_3_F__02.tif,101,F2
MP_BipKopp1.1_B3_3_F__02.tif,108,F3
MP_BipKopp1.1_B3_3_F__02.tif,83,G1
MP_BipKopp1.1_B3_3_F__02.tif,85,G2
MP_BipKopp1.1_B3_3_F__02.tif,110,G3
MP_BipKopp1.1_B3_3_F__03.tif,74,A1
MP_BipKopp1.1_B3_3_F__03.tif,85,A2
MP_BipKopp1.1_B3_3_F__03.tif,75,B1
MP_BipKopp1.1_B3_3_F__03.tif,78,B2
MP_BipKopp1.1_B3_3_F__03.tif,79,B3
MP_BipKopp1.1_B3_3_F__03.tif,66,C1
MP_BipKopp1.1_B3_3_F__03.tif,82,C2
MP_BipKopp1.1_B3_3_F__03.tif,85,C3
MP_BipKopp1.1_B3_3_F__03.tif,92,E1
MP_BipKopp1.1_B3_3_F__03.tif,97,E2
MP_BipKopp1.1_B3_3_F__03.tif,97,F1
MP_BipKopp1.1_B3_3_F__03.tif,96,F2
MP_BipKopp1.1_B3_3_F__03.tif,103,F3
MP_BipKopp1.1_B3_3_F__03.tif,109,G1
MP_BipKopp1.1_B3_3_F__03.tif,86,G2
MP_BipKopp1.1_B3_3_F__03.tif,97,G3
MP_BipKopp1.1_B3_3_F__04.tif,74,A1
MP_BipKopp1.1_B3_3_F__04.tif,73,A2
MP_BipKopp1.1_B3_3_F__04.tif,74,B1
MP_BipKopp1.1_B3_3_F__04.tif,76,B2
MP_BipKopp1.1_B3_3_F__04.tif,92,B3
MP_BipKopp1.1_B3_3_F__04.tif,79,C1
MP_BipKopp1.1_B3_3_F__04.tif,91,C2
MP_BipKopp1.1_B3_3_F__04.tif,114,C3
MP_BipKopp1.1_B3_3_F__04.tif,82,E1
MP_BipKopp1.1_B3_3_F__04.tif,87,E2
MP_BipKopp1.1_B3_3_F__04.tif,91,F1
MP_BipKopp1.1_B3_3_F__04.tif,97,F2
MP_BipKopp1.1_B3_3_F__04.tif,102,F3
MP_BipKopp1.1_B3_3_F__04.tif,114,G1
MP_BipKopp1.1_B3_3_F__04.tif,79,G2
MP_BipKopp1.1_B3_3_F__04.tif,81,G3
MP_BipKopp1.1_B3_3_F__05.tif,83,A1
MP_BipKopp1.1_B3_3_F__05.tif,72,A2
MP_BipKopp1.1_B3_3_F__05.tif,86,B1
MP_BipKopp1.1_B3_3_F__05.tif,75,B2
MP_BipKopp1.1_B3_3_F__05.tif,85,B3
MP_BipKopp1.1_B3_3_F__05.tif,83,C1
MP_BipKopp1.1_B3_3_F__05.tif,87,C2
MP_BipKopp1.1_B3_3_F__05.tif,107,C3
MP_BipKopp1.1_B3_3_F__05.tif,99,E1
MP_BipKopp1.1_B3_3_F__05.tif,94,E2
MP_BipKopp1.1_B3_3_F__05.tif,85,F1
MP_BipKopp1.1_B3_3_F__05.tif,97,F2
MP_BipKopp1.1_B3_3_F__05.tif,115,F3
MP_BipKopp1.1_B3_3_F__05.tif,134,G1
MP_BipKopp1.1_B3_3_F__05.tif,86,G2
MP_BipKopp1.1_B3_3_F__05.tif,101,G3
MP_BipKopp1.1_B3_3_F__06.tif,78,A1
MP_BipKopp1.1_B3_3_F__06.tif,80,A2
MP_BipKopp1.1_B3_3_F__06.tif,95,B1
MP_BipKopp1.1_B3_3_F__06.tif,86,B2
MP_BipKopp1.1_B3_3_F__06.tif,94,B3
MP_BipKopp1.1_B3_3_F__06.tif,91,C1
MP_BipKopp1.1_B3_3_F__06.tif,84,C2
MP_BipKopp1.1_B3_3_F__06.tif,113,C3
MP_BipKopp1.1_B3_3_F__06.tif,117,E1
MP_BipKopp1.1_B3_3_F__06.tif,105,E2
MP_BipKopp1.1_B3_3_F__06.tif,122,F1
MP_BipKopp1.1_B3_3_F__06.tif,107,F2
MP_BipKopp1.1_B3_3_F__06.tif,108,F3
MP_BipKopp1.1_B3_3_F__06.tif,72,G1
MP_BipKopp1.1_B3_3_F__06.tif,101,G2
MP_BipKopp1.1_B3_3_F__06.tif,71,G3
MP_BipKopp1.1_B3_3_F__07.tif,84,A1
MP_BipKopp1.1_B3_3_F__07.tif,69,A2
MP_BipKopp1.1_B3_3_F__07.tif,78,B1
MP_BipKopp1.1_B3_3_F__07.tif,80,B2
MP_BipKopp1.1_B3_3_F__07.tif,104,B3
MP_BipKopp1.1_B3_3_F__07.tif,72,C1
MP_BipKopp1.1_B3_3_F__07.tif,85,C2
MP_BipKopp1.1_B3_3_F__07.tif,107,C3
MP_BipKopp1.1_B3_3_F__07.tif,88,E1
MP_BipKopp1.1_B3_3_F__07.tif,87,E2
MP_BipKopp1.1_B3_3_F__07.tif,100,F1
MP_BipKopp1.1_B3_3_F__07.tif,105,F2
MP_BipKopp1.1_B3_3_F__07.tif,103,F3
MP_BipKopp1.1_B3_3_F__07.tif,103,G1
MP_BipKopp1.1_B3_3_F__07.tif,91,G2
MP_BipKopp1.1_B3_3_F__07.tif,88,G3
MP_BipKopp1.1_B3_3_F__08.tif,85,A1
MP_BipKopp1.1_B3_3_F__08.tif,69,A2
MP_BipKopp1.1_B3_3_F__08.tif,82,B1
MP_BipKopp1.1_B3_3_F__08.tif,84,B2
MP_BipKopp1.1_B3_3_F__08.tif,85,B3
MP_BipKopp1.1_B3_3_F__08.tif,91,C1
MP_BipKopp1.1_B3_3_F__08.tif,101,C2
MP_BipKopp1.1_B3_3_F__08.tif,98,C3
MP_BipKopp1.1_B3_3_F__08.tif,99,E1
MP_BipKopp1.1_B3_3_F__08.tif,110,E2
MP_BipKopp1.1_B3_3_F__08.tif,104,F1
MP_BipKopp1.1_B3_3_F__08.tif,84,F2
MP_BipKopp1.1_B3_3_F__08.tif,126,F3
MP_BipKopp1.1_B3_3_F__08.tif,120,G1
MP_BipKopp1.1_B3_3_F__08.tif,86,G2
MP_BipKopp1.1_B3_3_F__08.tif,101,G3
MP_BipKopp1.1_B3_3_F__09.tif,73,A1
MP_BipKopp1.1_B3_3_F__09.tif,70,A2
MP_BipKopp1.1_B3_3_F__09.tif,75,B1
MP_BipKopp1.1_B3_3_F__09.tif,82,B2
MP_BipKopp1.1_B3_3_F__09.tif,99,B3
MP_BipKopp1.1_B3_3_F__09.tif,73,C1
MP_BipKopp1.1_B3_3_F__09.tif,87,C2
MP_BipKopp1.1_B3_3_F__09.tif,96,C3
MP_BipKopp1.1_B3_3_F__09.tif,89,E1
MP_BipKopp1.1_B3_3_F__09.tif,89,E2
MP_BipKopp1.1_B3_3_F__09.tif,95,F1
MP_BipKopp1.1_B3_3_F__09.tif,91,F2
MP_BipKopp1.1_B3_3_F__09.tif,87,F3
MP_BipKopp1.1_B3_3_F__09.tif,126,G1
MP_BipKopp1.1_B3_3_F__09.tif,78,G2
MP_BipKopp1.1_B3_3_F__09.tif,92,G3
MP_BipKopp1.1_B3_3_F__10.tif,78,A1
MP_BipKopp1.1_B3_3_F__10.tif,78,A2
MP_BipKopp1.1_B3_3_F__10.tif,88,B1
MP_BipKopp1.1_B3_3_F__10.tif,78,B2
MP_BipKopp1.1_B3_3_F__10.tif,95,B3
MP_BipKopp1.1_B3_3_F__10.tif,77,C1
MP_BipKopp1.1_B3_3_F__10.tif,84,C2
MP_BipKopp1.1_B3_3_F__10.tif,111,C3
MP_BipKopp1.1_B3_3_F__10.tif,86,E1
MP_BipKopp1.1_B3_3_F__10.tif,95,E2
MP_BipKopp1.1_B3_3_F__10.tif,89,F1
MP_BipKopp1.1_B3_3_F__10.tif,93,F2
MP_BipKopp1.1_B3_3_F__10.tif,96,F3
MP_BipKopp1.1_B3_3_F__10.tif,96,G1
MP_BipKopp1.1_B3_3_F__10.tif,68,G2
MP_BipKopp1.1_B3_3_F__10.tif,103,G3
MP_BipKopp1.1_B3_3_F__11.tif,82,A1
MP_BipKopp1.1_B3_3_F__11.tif,78,A2
MP_BipKopp1.1_B3_3_F__11.tif,83,B1
MP_BipKopp1.1_B3_3_F__11.tif,85,B2
MP_BipKopp1.1_B3_3_F__11.tif,102,B3
MP_BipKopp1.1_B3_3_F__11.tif,83,C1
MP_BipKopp1.1_B3_3_F__11.tif,98,C2
MP_BipKopp1.1_B3_3_F__11.tif,115,C3
MP_BipKopp1.1_B3_3_F__11.tif,107,E1
MP_BipKopp1.1_B3_3_F__11.tif,99,E2
MP_BipKopp1.1_B3_3_F__11.tif,101,F1
MP_BipKopp1.1_B3_3_F__11.tif,93,F2
MP_BipKopp1.1_B3_3_F__11.tif,111,F3
MP_BipKopp1.1_B3_3_F__11.tif,136,G1
MP_BipKopp1.1_B3_3_F__11.tif,88,G2
MP_BipKopp1.1_B3_3_F__11.tif,107,G3
MP_BipKopp1.1_B3_3_F__12.tif,86,A1
MP_BipKopp1.1_B3_3_F__12.tif,86,A2
MP_BipKopp1.1_B3_3_F__12.tif,88,B1
MP_BipKopp1.1_B3_3_F__12.tif,84,B2
MP_BipKopp1.1_B3_3_F__12.tif,92,B3
MP_BipKopp1.1_B3_3_F__12.tif,81,C1
MP_BipKopp1.1_B3_3_F__12.tif,93,C2
MP_BipKopp1.1_B3_3_F__12.tif,112,C3
MP_BipKopp1.1_B3_3_F__12.tif,101,E1
MP_BipKopp1.1_B3_3_F__12.tif,92,E2
MP_BipKopp1.1_B3_3_F__12.tif,102,F1
MP_BipKopp1.1_B3_3_F__12.tif,104,F2
MP_BipKopp1.1_B3_3_F__12.tif,107,F3
MP_BipKopp1.1_B3_3_F__12.tif,101,G1
MP_BipKopp1.1_B3_3_F__12.tif,89,G2
MP_BipKopp1.1_B3_3_F__12.tif,104,G3
MP_BipKopp1.1_B3_3_F__13.tif,70,A1
MP_BipKopp1.1_B3_3_F__13.tif,71,A2
MP_BipKopp1.1_B3_3_F__13.tif,85,B1
MP_BipKopp1.1_B3_3_F__13.tif,90,B2
MP_BipKopp1.1_B3_3_F__13.tif,84,B3
MP_BipKopp1.1_B3_3_F__13.tif,76,C1
MP_BipKopp1.1_B3_3_F__13.tif,96,C2
MP_BipKopp1.1_B3_3_F__13.tif,100,C3
MP_BipKopp1.1_B3_3_F__13.tif,95,E1
MP_BipKopp1.1_B3_3_F__13.tif,104,E2
MP_BipKopp1.1_B3_3_F__13.tif,112,F1
MP_BipKopp1.1_B3_3_F__13.tif,103,F2
MP_BipKopp1.1_B3_3_F__13.tif,101,F3
MP_BipKopp1.1_B3_3_F__13.tif,120,G1
MP_BipKopp1.1_B3_3_F__13.tif,87,G2
MP_BipKopp1.1_B3_3_F__13.tif,102,G3
MP_BipKopp1.1_B3_3_F__14.tif,79,A1
MP_BipKopp1.1_B3_3_F__14.tif,63,A2
MP_BipKopp1.1_B3_3_F__14.tif,79,B1
MP_BipKopp1.1_B3_3_F__14.tif,99,B2
MP_BipKopp1.1_B3_3_F__14.tif,99,B3
MP_BipKopp1.1_B3_3_F__14.tif,79,C1
MP_BipKopp1.1_B3_3_F__14.tif,87,C2
MP_BipKopp1.1_B3_3_F__14.tif,126,C3
MP_BipKopp1.1_B3_3_F__14.tif,86,E1
MP_BipKopp1.1_B3_3_F__14.tif,78,E2
MP_BipKopp1.1_B3_3_F__14.tif,99,F1
MP_BipKopp1.1_B3_3_F__14.tif,98,F2
MP_BipKopp1.1_B3_3_F__14.tif,104,F3
MP_BipKopp1.1_B3_3_F__14.tif,137,G1
MP_BipKopp1.1_B3_3_F__14.tif,80,G2
MP_BipKopp1.1_B3_3_F__14.tif,107,G3
MP_BipKopp1.1_B3_3_F__15.tif,78,A1
MP_BipKopp1.1_B3_3_F__15.tif,80,A2
MP_BipKopp1.1_B3_3_F__15.tif,73,B1
MP_BipKopp1.1_B3_3_F__15.tif,93,B2
MP_BipKopp1.1_B3_3_F__15.tif,95,B3
MP_BipKopp1.1_B3_3_F__15.tif,76,C1
MP_BipKopp1.1_B3_3_F__15.tif,86,C2
MP_BipKopp1.1_B3_3_F__15.tif,109,C3
MP_BipKopp1.1_B3_3_F__15.tif,86,E1
MP_BipKopp1.1_B3_3_F__15.tif,93,E2
MP_BipKopp1.1_B3_3_F__15.tif,94,F1
MP_BipKopp1.1_B3_3_F__15.tif,103,F2
MP_BipKopp1.1_B3_3_F__15.tif,101,F3
MP_BipKopp1.1_B3_3_F__15.tif,119,G1
MP_BipKopp1.1_B3_3_F__15.tif,89,G2
MP_BipKopp1.1_B3_3_F__15.tif,98,G3
MP_BipKopp1.1_B3_3_F__16.tif,80,A1
MP_BipKopp1.1_B3_3_F__16.tif,83,A2
MP_BipKopp1.1_B3_3_F__16.tif,84,B1
MP_BipKopp1.1_B3_3_F__16.tif,84,B2
MP_BipKopp1.1_B3_3_F__16.tif,78,B3
MP_BipKopp1.1_B3_3_F__16.tif,81,C1
MP_BipKopp1.1_B3_3_F__16.tif,83,C2
MP_BipKopp1.1_B3_3_F__16.tif,69,C3
MP_BipKopp1.1_B3_3_F__16.tif,109,E1
MP_BipKopp1.1_B3_3_F__16.tif,121,E2
MP_BipKopp1.1_B3_3_F__16.tif,112,F1
MP_BipKopp1.1_B3_3_F__16.tif,86,F2
MP_BipKopp1.1_B3_3_F__16.tif,67,F3
MP_BipKopp1.1_B3_3_F__16.tif,114,G1
MP_BipKopp1.1_B3_3_F__16.tif,91,G2
MP_BipKopp1.1_B3_3_F__16.tif,109,G3
MP_BipKopp1.1_B3_3_F__17.tif,87,A1
MP_BipKopp1.1_B3_3_F__17.tif,73,A2
MP_BipKopp1.1_B3_3_F__17.tif,96,B1
MP_BipKopp1.1_B3_3_F__17.tif,86,B2
MP_BipKopp1.1_B3_3_F__17.tif,81,B3
MP_BipKopp1.1_B3_3_F__17.tif,85,C1
MP_BipKopp1.1_B3_3_F__17.tif,87,C2
MP_BipKopp1.1_B3_3_F__17.tif,107,C3
MP_BipKopp1.1_B3_3_F__17.tif,102,E1
MP_BipKopp1.1_B3_3_F__17.tif,105,E2
MP_BipKopp1.1_B3_3_F__17.tif,100,F1
MP_BipKopp1.1_B3_3_F__17.tif,80,F2
MP_BipKopp1.1_B3_3_F__17.tif,101,F3
MP_BipKopp1.1_B3_3_F__17.tif,130,G1
MP_BipKopp1.1_B3_3_F__17.tif,87,G2
MP_BipKopp1.1_B3_3_F__17.tif,108,G3
MP_BipKopp1.1_B3_3_F__18.tif,86,A1
MP_BipKopp1.1_B3_3_F__18.tif,77,A2
MP_BipKopp1.1_B3_3_F__18.tif,83,B1
MP_BipKopp1.1_B3_3_F__18.tif,87,B2
MP_BipKopp1.1_B3_3_F__18.tif,100,B3
MP_BipKopp1.1_B3_3_F__18.tif,86,C1
MP_BipKopp1.1_B3_3_F__18.tif,91,C2
MP_BipKopp1.1_B3_3_F__18.tif,113,C3
MP_BipKopp1.1_B3_3_F__18.tif,88,E1
MP_BipKopp1.1_B3_3_F__18.tif,99,E2
MP_BipKopp1.1_B3_3_F__18.tif,105,F1
MP_BipKopp1.1_B3_3_F__18.tif,107,F2
MP_BipKopp1.1_B3_3_F__18.tif,118,F3
MP_BipKopp1.1_B3_3_F__18.tif,116,G1
MP_BipKopp1.1_B3_3_F__18.tif,96,G2
MP_BipKopp1.1_B3_3_F__18.tif,116,G3
MP_BipKopp1.1_B3_3_F__19.tif,83,A1
MP_BipKopp1.1_B3_3_F__19.tif,82,A2
MP_BipKopp1.1_B3_3_F__19.tif,91,B1
MP_BipKopp1.1_B3_3_F__19.tif,74,B2
MP_BipKopp1.1_B3_3_F__19.tif,96,B3
MP_BipKopp1.1_B3_3_F__19.tif,74,C1
MP_BipKopp1.1_B3_3_F__19.tif,96,C2
MP_BipKopp1.1_B3_3_F__19.tif,121,C3
MP_BipKopp1.1_B3_3_F__19.tif,97,E1
MP_BipKopp1.1_B3_3_F__19.tif,101,E2
MP_BipKopp1.1_B3_3_F__19.tif,98,F1
MP_BipKopp1.1_B3_3_F__19.tif,90,F2
MP_BipKopp1.1_B3_3_F__19.tif,106,F3
MP_BipKopp1.1_B3_3_F__19.tif,114,G1
MP_BipKopp1.1_B3_3_F__19.tif,83,G2
MP_BipKopp1.1_B3_3_F__19.tif,111,G3
MP_BipKopp1.1_B3_3_F__20.tif,73,A1
MP_BipKopp1.1_B3_3_F__20.tif,72,A2
MP_BipKopp1.1_B3_3_F__20.tif,91,B1
MP_BipKopp1.1_B3_3_F__20.tif,89,B2
MP_BipKopp1.1_B3_3_F__20.tif,93,B3
MP_BipKopp1.1_B3_3_F__20.tif,94,C1
MP_BipKopp1.1_B3_3_F__20.tif,89,C2
MP_BipKopp1.1_B3_3_F__20.tif,104,C3
MP_BipKopp1.1_B3_3_F__20.tif,98,E1
MP_BipKopp1.1_B3_3_F__20.tif,99,E2
MP_BipKopp1.1_B3_3_F__20.tif,97,F1
MP_BipKopp1.1_B3_3_F__20.tif,106,F2
MP_BipKopp1.1_B3_3_F__20.tif,100,F3
MP_BipKopp1.1_B3_3_F__20.tif,131,G1
MP_BipKopp1.1_B3_3_F__20.tif,89,G2
MP_BipKopp1.1_B3_3_F__20.tif,109,G3
MP_BipKopp1.1_B3_3_F__21.tif,86,A1
MP_BipKopp1.1_B3_3_F__21.tif,89,A2
MP_BipKopp1.1_B3_3_F__21.tif,96,B1
MP_BipKopp1.1_B3_3_F__21.tif,90,B2
MP_BipKopp1.1_B3_3_F__21.tif,128,B3
MP_BipKopp1.1_B3_3_F__21.tif,95,C1
MP_BipKopp1.1_B3_3_F__21.tif,109,C2
MP_BipKopp1.1_B3_3_F__21.tif,123,C3
MP_BipKopp1.1_B3_3_F__21.tif,94,E1
MP_BipKopp1.1_B3_3_F__21.tif,106,E2
MP_BipKopp1.1_B3_3_F__21.tif,108,F1
MP_BipKopp1.1_B3_3_F__21.tif,123,F2
MP_BipKopp1.1_B3_3_F__21.tif,143,F3
MP_BipKopp1.1_B3_3_F__21.tif,109,G1
MP_BipKopp1.1_B3_3_F__21.tif,87,G2
MP_BipKopp1.1_B3_3_F__21.tif,107,G3
MP_BipKopp1.1_B3_3_F__22.tif,79,A1
MP_BipKopp1.1_B3_3_F__22.tif,79,A2
MP_BipKopp1.1_B3_3_F__22.tif,84,B1
MP_BipKopp1.1_B3_3_F__22.tif,80,B2
MP_BipKopp1.1_B3_3_F__22.tif,96,B3
MP_BipKopp1.1_B3_3_F__22.tif,84,C1
MP_BipKopp1.1_B3_3_F__22.tif,87,C2
MP_BipKopp1.1_B3_3_F__22.tif,112,C3
MP_BipKopp1.1_B3_3_F__22.tif,85,E1
MP_BipKopp1.1_B3_3_F__22.tif,107,E2
MP_BipKopp1.1_B3_3_F__22.tif,99,F1
MP_BipKopp1.1_B3_3_F__22.tif,91,F2
MP_BipKopp1.1_B3_3_F__22.tif,104,F3
MP_BipKopp1.1_B3_3_F__22.tif,113,G1
MP_BipKopp1.1_B3_3_F__22.tif,77,G2
MP_BipKopp1.1_B3_3_F__22.tif,101,G3
MP_BipKopp1.1_B3_3_F__23.tif,73,A1
MP_BipKopp1.1_B3_3_F__23.tif,65,A2
MP_BipKopp1.1_B3_3_F__23.tif,77,B1
MP_BipKopp1.1_B3_3_F__23.tif,72,B2
MP_BipKopp1.1_B3_3_F__23.tif,87,B3
MP_BipKopp1.1_B3_3_F__23.tif,65,C1
MP_BipKopp1.1_B3_3_F__23.tif,89,C2
MP_BipKopp1.1_B3_3_F__23.tif,103,C3
MP_BipKopp1.1_B3_3_F__23.tif,91,E1
MP_BipKopp1.1_B3_3_F__23.tif,97,E2
MP_BipKopp1.1_B3_3_F__23.tif,95,F1
MP_BipKopp1.1_B3_3_F__23.tif,91,F2
MP_BipKopp1.1_B3_3_F__23.tif,97,F3
MP_BipKopp1.1_B3_3_F__23.tif,104,G1
MP_BipKopp1.1_B3_3_F__23.tif,82,G2
MP_BipKopp1.1_B3_3_F__23.tif,100,G3
MP_BipKopp1.1_B3_3_F__24.tif,81,A1
MP_BipKopp1.1_B3_3_F__24.tif,74,A2
MP_BipKopp1.1_B3_3_F__24.tif,89,B1
MP_BipKopp1.1_B3_3_F__24.tif,88,B2
MP_BipKopp1.1_B3_3_F__24.tif,83,B3
MP_BipKopp1.1_B3_3_F__24.tif,73,C1
MP_BipKopp1.1_B3_3_F__24.tif,89,C2
MP_BipKopp1.1_B3_3_F__24.tif,97,C3
MP_BipKopp1.1_B3_3_F__24.tif,99,E1
MP_BipKopp1.1_B3_3_F__24.tif,100,E2
MP_BipKopp1.1_B3_3_F__24.tif,93,F1
MP_BipKopp1.1_B3_3_F__24.tif,92,F2
MP_BipKopp1.1_B3_3_F__24.tif,98,F3
MP_BipKopp1.1_B3_3_F__24.tif,132,G1
MP_BipKopp1.1_B3_3_F__24.tif,76,G2
MP_BipKopp1.1_B3_3_F__24.tif,103,G3
MP_BipKopp1.1_B3_3_F__25.tif,79,A1
MP_BipKopp1.1_B3_3_F__25.tif,81,A2
MP_BipKopp1.1_B3_3_F__25.tif,84,B1
MP_BipKopp1.1_B3_3_F__25.tif,81,B2
MP_BipKopp1.1_B3_3_F__25.tif,94,B3
MP_BipKopp1.1_B3_3_F__25.tif,61,C1
MP_BipKopp1.1_B3_3_F__25.tif,87,C2
MP_BipKopp1.1_B3_3_F__25.tif,114,C3
MP_BipKopp1.1_B3_3_F__25.tif,98,E1
MP_BipKopp1.1_B3_3_F__25.tif,95,E2
MP_BipKopp1.1_B3_3_F__25.tif,95,F1
MP_BipKopp1.1_B3_3_F__25.tif,93,F2
MP_BipKopp1.1_B3_3_F__25.tif,119,F3
MP_BipKopp1.1_B3_3_F__25.tif,111,G1
MP_BipKopp1.1_B3_3_F__25.tif,77,G2
MP_BipKopp1.1_B3_3_F__25.tif,115,G3
MP_BipKopp1.1_B3_3_F__26.tif,129,A1
MP_BipKopp1.1_B3_3_F__26.tif,123,A2
MP_BipKopp1.1_B3_3_F__26.tif,96,B1
MP_BipKopp1.1_B3_3_F__26.tif,101,B2
MP_BipKopp1.1_B3_3_F__26.tif,123,B3
MP_BipKopp1.1_B3_3_F__26.tif,90,C1
MP_BipKopp1.1_B3_3_F__26.tif,118,C2
MP_BipKopp1.1_B3_3_F__26.tif,103,C3
MP_BipKopp1.1_B3_3_F__26.tif,105,E1
MP_BipKopp1.1_B3_3_F__26.tif,103,E2
MP_BipKopp1.1_B3_3_F__26.tif,99,F1
MP_BipKopp1.1_B3_3_F__26.tif,93,F2
MP_BipKopp1.1_B3_3_F__26.tif,95,F3
MP_BipKopp1.1_B3_3_F__26.tif,113,G1
MP_BipKopp1.1_B3_3_F__26.tif,94,G2
MP_BipKopp1.1_B3_3_F__26.tif,103,G3
MP_BipKopp1.1_B3_3_F__27.tif,83,A1
MP_BipKopp1.1_B3_3_F__27.tif,83,A2
MP_BipKopp1.1_B3_3_F__27.tif,80,B1
MP_BipKopp1.1_B3_3_F__27.tif,89,B2
MP_BipKopp1.1_B3_3_F__27.tif,95,B3
MP_BipKopp1.1_B3_3_F__27.tif,76,C1
MP_BipKopp1.1_B3_3_F__27.tif,92,C2
MP_BipKopp1.1_B3_3_F__27.tif,121,C3
MP_BipKopp1.1_B3_3_F__27.tif,102,E1
MP_BipKopp1.1_B3_3_F__27.tif,98,E2
MP_BipKopp1.1_B3_3_F__27.tif,103,F1
MP_BipKopp1.1_B3_3_F__27.tif,100,F2
MP_BipKopp1.1_B3_3_F__27.tif,114,F3
MP_BipKopp1.1_B3_3_F__27.tif,136,G1
MP_BipKopp1.1_B3_3_F__27.tif,85,G2
MP_BipKopp1.1_B3_3_F__27.tif,116,G3
MP_BipKopp1.1_B3_3_F__28.tif,80,A1
MP_BipKopp1.1_B3_3_F__28.tif,78,A2
MP_BipKopp1.1_B3_3_F__28.tif,83,B1
MP_BipKopp1.1_B3_3_F__28.tif,85,B2
MP_BipKopp1.1_B3_3_F__28.tif,91,B3
MP_BipKopp1.1_B3_3_F__28.tif,85,C1
MP_BipKopp1.1_B3_3_F__28.tif,89,C2
MP_BipKopp1.1_B3_3_F__28.tif,106,C3
MP_BipKopp1.1_B3_3_F__28.tif,85,E1
MP_BipKopp1.1_B3_3_F__28.tif,90,E2
MP_BipKopp1.1_B3_3_F__28.tif,94,F1
MP_BipKopp1.1_B3_3_F__28.tif,104,F2
MP_BipKopp1.1_B3_3_F__28.tif,104,F3
MP_BipKopp1.1_B3_3_F__28.tif,117,G1
MP_BipKopp1.1_B3_3_F__28.tif,83,G2
MP_BipKopp1.1_B3_3_F__28.tif,113,G3
MP_BipKopp1.1_B3_3_F__29.tif,96,A1
MP_BipKopp1.1_B3_3_F__29.tif,82,A2
MP_BipKopp1.1_B3_3_F__29.tif,83,B1
MP_BipKopp1.1_B3_3_F__29.tif,98,B2
MP_BipKopp1.1_B3_3_F__29.tif,83,B3
MP_BipKopp1.1_B3_3_F__29.tif,84,C1
MP_BipKopp1.1_B3_3_F__29.tif,101,C2
MP_BipKopp1.1_B3_3_F__29.tif,107,C3
MP_BipKopp1.1_B3_3_F__29.tif,98,E1
MP_BipKopp1.1_B3_3_F__29.tif,103,E2
MP_BipKopp1.1_B3_3_F__29.tif,95,F1
MP_BipKopp1.1_B3_3_F__29.tif,111,F2
MP_BipKopp1.1_B3_3_F__29.tif,101,F3
MP_BipKopp1.1_B3_3_F__29.tif,117,G1
MP_BipKopp1.1_B3_3_F__29.tif,91,G2
MP_BipKopp1.1_B3_3_F__29.tif,89,G3
MP_BipKopp1.1_B3_3_F__30.tif,93,A1
MP_BipKopp1.1_B3_3_F__30.tif,88,A2
MP_BipKopp1.1_B3_3_F__30.tif,91,B1
MP_BipKopp1.1_B3_3_F__30.tif,83,B2
MP_BipKopp1.1_B3_3_F__30.tif,112,B3
MP_BipKopp1.1_B3_3_F__30.tif,88,C1
MP_BipKopp1.1_B3_3_F__30.tif,105,C2
MP_BipKopp1.1_B3_3_F__30.tif,120,C3
MP_BipKopp1.1_B3_3_F__30.tif,112,E1
MP_BipKopp1.1_B3_3_F__30.tif,114,E2
MP_BipKopp1.1_B3_3_F__30.tif,106,F1
MP_BipKopp1.1_B3_3_F__30.tif,106,F2
MP_BipKopp1.1_B3_3_F__30.tif,114,F3
MP_BipKopp1.1_B3_3_F__30.tif,123,G1
MP_BipKopp1.1_B3_3_F__30.tif,89,G2
MP_BipKopp1.1_B3_3_F__30.tif,120,G3
MP_BipKopp1.1_B3_3_M__01.tif,147,A1
MP_BipKopp1.1_B3_3_M__01.tif,137,A2
MP_BipKopp1.1_B3_3_M__01.tif,144,B1
MP_BipKopp1.1_B3_3_M__01.tif,148,B2
MP_BipKopp1.1_B3_3_M__01.tif,122,B3
MP_BipKopp1.1_B3_3_M__01.tif,129,C1
MP_BipKopp1.1_B3_3_M__01.tif,162,C2
MP_BipKopp1.1_B3_3_M__01.tif,144,C3
MP_BipKopp1.1_B3_3_M__01.tif,150,E1
MP_BipKopp1.1_B3_3_M__01.tif,153,E2
MP_BipKopp1.1_B3_3_M__01.tif,146,F1
MP_BipKopp1.1_B3_3_M__01.tif,160,F2
MP_BipKopp1.1_B3_3_M__01.tif,138,F3
MP_BipKopp1.1_B3_3_M__01.tif,159,G1
MP_BipKopp1.1_B3_3_M__01.tif,131,G2
MP_BipKopp1.1_B3_3_M__01.tif,128,G3
MP_BipKopp1.1_B3_3_M__02.tif,89,A1
MP_BipKopp1.1_B3_3_M__02.tif,75,A2
MP_BipKopp1.1_B3_3_M__02.tif,91,B1
MP_BipKopp1.1_B3_3_M__02.tif,95,B2
MP_BipKopp1.1_B3_3_M__02.tif,105,B3
MP_BipKopp1.1_B3_3_M__02.tif,81,C1
MP_BipKopp1.1_B3_3_M__02.tif,98,C2
MP_BipKopp1.1_B3_3_M__02.tif,114,C3
MP_BipKopp1.1_B3_3_M__02.tif,101,E1
MP_BipKopp1.1_B3_3_M__02.tif,102,E2
MP_BipKopp1.1_B3_3_M__02.tif,101,F1
MP_BipKopp1.1_B3_3_M__02.tif,102,F2
MP_BipKopp1.1_B3_3_M__02.tif,109,F3
MP_BipKopp1.1_B3_3_M__02.tif,129,G1
MP_BipKopp1.1_B3_3_M__02.tif,85,G2
MP_BipKopp1.1_B3_3_M__02.tif,86,G3
MP_BipKopp1.1_B3_3_M__03.tif,97,A1
MP_BipKopp1.1_B3_3_M__03.tif,86,A2
MP_BipKopp1.1_B3_3_M__03.tif,103,B1
MP_BipKopp1.1_B3_3_M__03.tif,103,B2
MP_BipKopp1.1_B3_3_M__03.tif,101,B3
MP_BipKopp1.1_B3_3_M__03.tif,86,C1
MP_BipKopp1.1_B3_3_M__03.tif,82,C2
MP_BipKopp1.1_B3_3_M__03.tif,115,C3
MP_BipKopp1.1_B3_3_M__03.tif,120,E1
MP_BipKopp1.1_B3_3_M__03.tif,112,E2
MP_BipKopp1.1_B3_3_M__03.tif,121,F1
MP_BipKopp1.1_B3_3_M__03.tif,109,F2
MP_BipKopp1.1_B3_3_M__03.tif,119,F3
MP_BipKopp1.1_B3_3_M__03.tif,137,G1
MP_BipKopp1.1_B3_3_M__03.tif,100,G2
MP_BipKopp1.1_B3_3_M__03.tif,126,G3
MP_BipKopp1.1_B3_3_M__04.tif,86,A1
MP_BipKopp1.1_B3_3_M__04.tif,109,A2
MP_BipKopp1.1_B3_3_M__04.tif,95,B1
MP_BipKopp1.1_B3_3_M__04.tif,95,B2
MP_BipKopp1.1_B3_3_M__04.tif,114,B3
MP_BipKopp1.1_B3_3_M__04.tif,83,C1
MP_BipKopp1.1_B3_3_M__04.tif,95,C2
MP_BipKopp1.1_B3_3_M__04.tif,120,C3
MP_BipKopp1.1_B3_3_M__04.tif,111,E1
MP_BipKopp1.1_B3_3_M__04.tif,110,E2
MP_BipKopp1.1_B3_3_M__04.tif,114,F1
MP_BipKopp1.1_B3_3_M__04.tif,105,F2
MP_BipKopp1.1_B3_3_M__04.tif,126,F3
MP_BipKopp1.1_B3_3_M__04.tif,146,G1
MP_BipKopp1.1_B3_3_M__04.tif,104,G2
MP_BipKopp1.1_B3_3_M__04.tif,111,G3
MP_BipKopp1.1_B3_3_M__05.tif,86,A1
MP_BipKopp1.1_B3_3_M__05.tif,78,A2
MP_BipKopp1.1_B3_3_M__05.tif,83,B1
MP_BipKopp1.1_B3_3_M__05.tif,86,B2
MP_BipKopp1.1_B3_3_M__05.tif,105,B3
MP_BipKopp1.1_B3_3_M__05.tif,94,C1
MP_BipKopp1.1_B3_3_M__05.tif,102,C2
MP_BipKopp1.1_B3_3_M__05.tif,114,C3
MP_BipKopp1.1_B3_3_M__05.tif,105,E1
MP_BipKopp1.1_B3_3_M__05.tif,104,E2
MP_BipKopp1.1_B3_3_M__05.tif,106,F1
MP_BipKopp1.1_B3_3_M__05.tif,110,F2
MP_BipKopp1.1_B3_3_M__05.tif,108,F3
MP_BipKopp1.1_B3_3_M__05.tif,107,G1
MP_BipKopp1.1_B3_3_M__05.tif,96,G2
MP_BipKopp1.1_B3_3_M__05.tif,104,G3
MP_BipKopp1.1_B3_3_M__06.tif,94,A1
MP_BipKopp1.1_B3_3_M__06.tif,107,A2
MP_BipKopp1.1_B3_3_M__06.tif,103,B1
MP_BipKopp1.1_B3_3_M__06.tif,106,B2
MP_BipKopp1.1_B3_3_M__06.tif,79,B3
MP_BipKopp1.1_B3_3_M__06.tif,91,C1
MP_BipKopp1.1_B3_3_M__06.tif,93,C2
MP_BipKopp1.1_B3_3_M__06.tif,89,C3
MP_BipKopp1.1_B3_3_M__06.tif,121,E1
MP_BipKopp1.1_B3_3_M__06.tif,120,E2
MP_BipKopp1.1_B3_3_M__06.tif,130,F1
MP_BipKopp1.1_B3_3_M__06.tif,118,F2
MP_BipKopp1.1_B3_3_M__06.tif,119,F3
MP_BipKopp1.1_B3_3_M__06.tif,113,G1
MP_BipKopp1.1_B3_3_M__06.tif,103,G2
MP_BipKopp1.1_B3_3_M__06.tif,105,G3
MP_BipKopp1.1_B3_3_M__07.tif,89,A1
MP_BipKopp1.1_B3_3_M__07.tif,74,A2
MP_BipKopp1.1_B3_3_M__07.tif,91,B1
MP_BipKopp1.1_B3_3_M__07.tif,89,B2
MP_BipKopp1.1_B3_3_M__07.tif,94,B3
MP_BipKopp1.1_B3_3_M__07.tif,86,C1
MP_BipKopp1.1_B3_3_M__07.tif,108,C2
MP_BipKopp1.1_B3_3_M__07.tif,116,C3
MP_BipKopp1.1_B3_3_M__07.tif,102,E1
MP_BipKopp1.1_B3_3_M__07.tif,107,E2
MP_BipKopp1.1_B3_3_M__07.tif,109,F1
MP_BipKopp1.1_B3_3_M__07.tif,89,F2
MP_BipKopp1.1_B3_3_M__07.tif,113,F3
MP_BipKopp1.1_B3_3_M__07.tif,135,G1
MP_BipKopp1.1_B3_3_M__07.tif,91,G2
MP_BipKopp1.1_B3_3_M__07.tif,99,G3
MP_BipKopp1.1_B3_3_M__08.tif,87,A1
MP_BipKopp1.1_B3_3_M__08.tif,88,A2
MP_BipKopp1.1_B3_3_M__08.tif,100,B1
MP_BipKopp1.1_B3_3_M__08.tif,92,B2
MP_BipKopp1.1_B3_3_M__08.tif,104,B3
MP_BipKopp1.1_B3_3_M__08.tif,97,C1
MP_BipKopp1.1_B3_3_M__08.tif,101,C2
MP_BipKopp1.1_B3_3_M__08.tif,129,C3
MP_BipKopp1.1_B3_3_M__08.tif,134,E1
MP_BipKopp1.1_B3_3_M__08.tif,119,E2
MP_BipKopp1.1_B3_3_M__08.tif,120,F1
MP_BipKopp1.1_B3_3_M__08.tif,107,F2
MP_BipKopp1.1_B3_3_M__08.tif,112,F3
MP_BipKopp1.1_B3_3_M__08.tif,154,G1
MP_BipKopp1.1_B3_3_M__08.tif,96,G2
MP_BipKopp1.1_B3_3_M__08.tif,117,G3
MP_BipKopp1.1_B3_3_M__09.tif,82,A1
MP_BipKopp1.1_B3_3_M__09.tif,88,A2
MP_BipKopp1.1_B3_3_M__09.tif,97,B1
MP_BipKopp1.1_B3_3_M__09.tif,94,B2
MP_BipKopp1.1_B3_3_M__09.tif,97,B3
MP_BipKopp1.1_B3_3_M__09.tif,83,C1
MP_BipKopp1.1_B3_3_M__09.tif,104,C2
MP_BipKopp1.1_B3_3_M__09.tif,103,C3
MP_BipKopp1.1_B3_3_M__09.tif,104,E1
MP_BipKopp1.1_B3_3_M__09.tif,106,E2
MP_BipKopp1.1_B3_3_M__09.tif,94,F1
MP_BipKopp1.1_B3_3_M__09.tif,98,F2
MP_BipKopp1.1_B3_3_M__09.tif,111,F3
MP_BipKopp1.1_B3_3_M__09.tif,152,G1
MP_BipKopp1.1_B3_3_M__09.tif,95,G2
MP_BipKopp1.1_B3_3_M__09.tif,105,G3
MP_BipKopp1.1_B3_3_M__10.tif,93,A1
MP_BipKopp1.1_B3_3_M__10.tif,97,A2
MP_BipKopp1.1_B3_3_M__10.tif,106,B1
MP_BipKopp1.1_B3_3_M__10.tif,100,B2
MP_BipKopp1.1_B3_3_M__10.tif,110,B3
MP_BipKopp1.1_B3_3_M__10.tif,89,C1
MP_BipKopp1.1_B3_3_M__10.tif,102,C2
MP_BipKopp1.1_B3_3_M__10.tif,124,C3
MP_BipKopp1.1_B3_3_M__10.tif,111,E1
MP_BipKopp1.1_B3_3_M__10.tif,107,E2
MP_BipKopp1.1_B3_3_M__10.tif,114,F1
MP_BipKopp1.1_B3_3_M__10.tif,106,F2
MP_BipKopp1.1_B3_3_M__10.tif,126,F3
MP_BipKopp1.1_B3_3_M__10.tif,118,G1
MP_BipKopp1.1_B3_3_M__10.tif,101,G2
MP_BipKopp1.1_B3_3_M__10.tif,109,G3
MP_BipKopp1.1_B3_3_M__11.tif,96,A1
MP_BipKopp1.1_B3_3_M__11.tif,87,A2
MP_BipKopp1.1_B3_3_M__11.tif,92,B1
MP_BipKopp1.1_B3_3_M__11.tif,104,B2
MP_BipKopp1.1_B3_3_M__11.tif,102,B3
MP_BipKopp1.1_B3_3_M__11.tif,83,C1
MP_BipKopp1.1_B3_3_M__11.tif,93,C2
MP_BipKopp1.1_B3_3_M__11.tif,130,C3
MP_BipKopp1.1_B3_3_M__11.tif,110,E1
MP_BipKopp1.1_B3_3_M__11.tif,104,E2
MP_BipKopp1.1_B3_3_M__11.tif,107,F1
MP_BipKopp1.1_B3_3_M__11.tif,109,F2
MP_BipKopp1.1_B3_3_M__11.tif,128,F3
MP_BipKopp1.1_B3_3_M__11.tif,118,G1
MP_BipKopp1.1_B3_3_M__11.tif,89,G2
MP_BipKopp1.1_B3_3_M__11.tif,104,G3
MP_BipKopp1.1_B3_3_M__12.tif,89,A1
MP_BipKopp1.1_B3_3_M__12.tif,71,A2
MP_BipKopp1.1_B3_3_M__12.tif,97,B1
MP_BipKopp1.1_B3_3_M__12.tif,88,B2
MP_BipKopp1.1_B3_3_M__12.tif,96,B3
MP_BipKopp1.1_B3_3_M__12.tif,82,C1
MP_BipKopp1.1_B3_3_M__12.tif,101,C2
MP_BipKopp1.1_B3_3_M__12.tif,111,C3
MP_BipKopp1.1_B3_3_M__12.tif,115,E1
MP_BipKopp1.1_B3_3_M__12.tif,126,E2
MP_BipKopp1.1_B3_3_M__12.tif,108,F1
MP_BipKopp1.1_B3_3_M__12.tif,121,F2
MP_BipKopp1.1_B3_3_M__12.tif,118,F3
MP_BipKopp1.1_B3_3_M__12.tif,148,G1
MP_BipKopp1.1_B3_3_M__12.tif,91,G2
MP_BipKopp1.1_B3_3_M__12.tif,116,G3
MP_BipKopp1.1_B3_3_M__13.tif,83,A1
MP_BipKopp1.1_B3_3_M__13.tif,93,A2
MP_BipKopp1.1_B3_3_M__13.tif,104,B1
MP_BipKopp1.1_B3_3_M__13.tif,93,B2
MP_BipKopp1.1_B3_3_M__13.tif,95,B3
MP_BipKopp1.1_B3_3_M__13.tif,84,C1
MP_BipKopp1.1_B3_3_M__13.tif,97,C2
MP_BipKopp1.1_B3_3_M__13.tif,121,C3
MP_BipKopp1.1_B3_3_M__13.tif,107,E1
MP_BipKopp1.1_B3_3_M__13.tif,111,E2
MP_BipKopp1.1_B3_3_M__13.tif,112,F1
MP_BipKopp1.1_B3_3_M__13.tif,107,F2
MP_BipKopp1.1_B3_3_M__13.tif,108,F3
MP_BipKopp1.1_B3_3_M__13.tif,139,G1
MP_BipKopp1.1_B3_3_M__13.tif,100,G2
MP_BipKopp1.1_B3_3_M__13.tif,112,G3
MP_BipKopp1.1_B3_3_M__14.tif,93,A1
MP_BipKopp1.1_B3_3_M__14.tif,80,A2
MP_BipKopp1.1_B3_3_M__14.tif,93,B1
MP_BipKopp1.1_B3_3_M__14.tif,95,B2
MP_BipKopp1.1_B3_3_M__14.tif,102,B3
MP_BipKopp1.1_B3_3_M__14.tif,97,C1
MP_BipKopp1.1_B3_3_M__14.tif,95,C2
MP_BipKopp1.1_B3_3_M__14.tif,124,C3
MP_BipKopp1.1_B3_3_M__14.tif,104,E1
MP_BipKopp1.1_B3_3_M__14.tif,105,E2
MP_BipKopp1.1_B3_3_M__14.tif,103,F1
MP_BipKopp1.1_B3_3_M__14.tif,105,F2
MP_BipKopp1.1_B3_3_M__14.tif,110,F3
MP_BipKopp1.1_B3_3_M__14.tif,146,G1
MP_BipKopp1.1_B3_3_M__14.tif,103,G2
MP_BipKopp1.1_B3_3_M__14.tif,116,G3
MP_BipKopp1.1_B3_3_M__15.tif,87,A1
MP_BipKopp1.1_B3_3_M__15.tif,84,A2
MP_BipKopp1.1_B3_3_M__15.tif,104,B1
MP_BipKopp1.1_B3_3_M__15.tif,94,B2
MP_BipKopp1.1_B3_3_M__15.tif,96,B3
MP_BipKopp1.1_B3_3_M__15.tif,82,C1
MP_BipKopp1.1_B3_3_M__15.tif,95,C2
MP_BipKopp1.1_B3_3_M__15.tif,123,C3
MP_BipKopp1.1_B3_3_M__15.tif,95,E1
MP_BipKopp1.1_B3_3_M__15.tif,104,E2
MP_BipKopp1.1_B3_3_M__15.tif,103,F1
MP_BipKopp1.1_B3_3_M__15.tif,94,F2
MP_BipKopp1.1_B3_3_M__15.tif,115,F3
MP_BipKopp1.1_B3_3_M__15.tif,130,G1
MP_BipKopp1.1_B3_3_M__15.tif,92,G2
MP_BipKopp1.1_B3_3_M__15.tif,108,G3
MP_BipKopp1.1_B3_3_M__16.tif,88,A1
MP_BipKopp1.1_B3_3_M__16.tif,85,A2
MP_BipKopp1.1_B3_3_M__16.tif,84,B1
MP_BipKopp1.1_B3_3_M__16.tif,103,B2
MP_BipKopp1.1_B3_3_M__16.tif,99,B3
MP_BipKopp1.1_B3_3_M__16.tif,82,C1
MP_BipKopp1.1_B3_3_M__16.tif,88,C2
MP_BipKopp1.1_B3_3_M__16.tif,100,C3
MP_BipKopp1.1_B3_3_M__16.tif,94,E1
MP_BipKopp1.1_B3_3_M__16.tif,111,E2
MP_BipKopp1.1_B3_3_M__16.tif,99,F1
MP_BipKopp1.1_B3_3_M__16.tif,95,F2
MP_BipKopp1.1_B3_3_M__16.tif,111,F3
MP_BipKopp1.1_B3_3_M__16.tif,134,G1
MP_BipKopp1.1_B3_3_M__16.tif,94,G2
MP_BipKopp1.1_B3_3_M__16.tif,109,G3
MP_BipKopp1.1_B3_3_M__17.tif,99,A1
MP_BipKopp1.1_B3_3_M__17.tif,95,A2
MP_BipKopp1.1_B3_3_M__17.tif,87,B1
MP_BipKopp1.1_B3_3_M__17.tif,106,B2
MP_BipKopp1.1_B3_3_M__17.tif,100,B3
MP_BipKopp1.1_B3_3_M__17.tif,88,C1
MP_BipKopp1.1_B3_3_M__17.tif,99,C2
MP_BipKopp1.1_B3_3_M__17.tif,113,C3
MP_BipKopp1.1_B3_3_M__17.tif,116,E1
MP_BipKopp1.1_B3_3_M__17.tif,112,E2
MP_BipKopp1.1_B3_3_M__17.tif,110,F1
MP_BipKopp1.1_B3_3_M__17.tif,114,F2
MP_BipKopp1.1_B3_3_M__17.tif,126,F3
MP_BipKopp1.1_B3_3_M__17.tif,152,G1
MP_BipKopp1.1_B3_3_M__17.tif,103,G2
MP_BipKopp1.1_B3_3_M__17.tif,120,G3
MP_BipKopp1.1_B3_3_M__18.tif,88,A1
MP_BipKopp1.1_B3_3_M__18.tif,96,A2
MP_BipKopp1.1_B3_3_M__18.tif,109,B1
MP_BipKopp1.1_B3_3_M__18.tif,101,B2
MP_BipKopp1.1_B3_3_M__18.tif,96,B3
MP_BipKopp1.1_B3_3_M__18.tif,89,C1
MP_BipKopp1.1_B3_3_M__18.tif,78,C2
MP_BipKopp1.1_B3_3_M__18.tif,102,C3
MP_BipKopp1.1_B3_3_M__18.tif,109,E1
MP_BipKopp1.1_B3_3_M__18.tif,111,E2
MP_BipKopp1.1_B3_3_M__18.tif,108,F1
MP_BipKopp1.1_B3_3_M__18.tif,108,F2
MP_BipKopp1.1_B3_3_M__18.tif,113,F3
MP_BipKopp1.1_B3_3_M__18.tif,142,G1
MP_BipKopp1.1_B3_3_M__18.tif,103,G2
MP_BipKopp1.1_B3_3_M__18.tif,107,G3
MP_BipKopp1.1_B3_3_M__19.tif,82,A1
MP_BipKopp1.1_B3_3_M__19.tif,89,A2
MP_BipKopp1.1_B3_3_M__19.tif,97,B1
MP_BipKopp1.1_B3_3_M__19.tif,98,B2
MP_BipKopp1.1_B3_3_M__19.tif,105,B3
MP_BipKopp1.1_B3_3_M__19.tif,87,C1
MP_BipKopp1.1_B3_3_M__19.tif,97,C2
MP_BipKopp1.1_B3_3_M__19.tif,111,C3
MP_BipKopp1.1_B3_3_M__19.tif,97,E1
MP_BipKopp1.1_B3_3_M__19.tif,114,E2
MP_BipKopp1.1_B3_3_M__19.tif,111,F1
MP_BipKopp1.1_B3_3_M__19.tif,115,F2
MP_BipKopp1.1_B3_3_M__19.tif,116,F3
MP_BipKopp1.1_B3_3_M__19.tif,128,G1
MP_BipKopp1.1_B3_3_M__19.tif,90,G2
MP_BipKopp1.1_B3_3_M__19.tif,113,G3
MP_BipKopp1.1_B3_3_M__20.tif,89,A1
MP_BipKopp1.1_B3_3_M__20.tif,93,A2
MP_BipKopp1.1_B3_3_M__20.tif,97,B1
MP_BipKopp1.1_B3_3_M__20.tif,95,B2
MP_BipKopp1.1_B3_3_M__20.tif,104,B3
MP_BipKopp1.1_B3_3_M__20.tif,89,C1
MP_BipKopp1.1_B3_3_M__20.tif,88,C2
MP_BipKopp1.1_B3_3_M__20.tif,113,C3
MP_BipKopp1.1_B3_3_M__20.tif,99,E1
MP_BipKopp1.1_B3_3_M__20.tif,106,E2
MP_BipKopp1.1_B3_3_M__20.tif,99,F1
MP_BipKopp1.1_B3_3_M__20.tif,107,F2
MP_BipKopp1.1_B3_3_M__20.tif,108,F3
MP_BipKopp1.1_B3_3_M__20.tif,127,G1
MP_BipKopp1.1_B3_3_M__20.tif,97,G2
MP_BipKopp1.1_B3_3_M__20.tif,111,G3
MP_BipKopp1.1_B3_3_M__21.tif,78,A1
MP_BipKopp1.1_B3_3_M__21.tif,80,A2
MP_BipKopp1.1_B3_3_M__21.tif,91,B1
MP_BipKopp1.1_B3_3_M__21.tif,81,B2
MP_BipKopp1.1_B3_3_M__21.tif,98,B3
MP_BipKopp1.1_B3_3_M__21.tif,87,C1
MP_BipKopp1.1_B3_3_M__21.tif,102,C2
MP_BipKopp1.1_B3_3_M__21.tif,115,C3
MP_BipKopp1.1_B3_3_M__21.tif,109,E1
MP_BipKopp1.1_B3_3_M__21.tif,103,E2
MP_BipKopp1.1_B3_3_M__21.tif,106,F1
MP_BipKopp1.1_B3_3_M__21.tif,104,F2
MP_BipKopp1.1_B3_3_M__21.tif,113,F3
MP_BipKopp1.1_B3_3_M__21.tif,130,G1
MP_BipKopp1.1_B3_3_M__21.tif,88,G2
MP_BipKopp1.1_B3_3_M__21.tif,114,G3
MP_BipKopp1.1_B3_3_M__22.tif,84,A1
MP_BipKopp1.1_B3_3_M__22.tif,80,A2
MP_BipKopp1.1_B3_3_M__22.tif,103,B1
MP_BipKopp1.1_B3_3_M__22.tif,100,B2
MP_BipKopp1.1_B3_3_M__22.tif,104,B3
MP_BipKopp1.1_B3_3_M__22.tif,88,C1
MP_BipKopp1.1_B3_3_M__22.tif,91,C2
MP_BipKopp1.1_B3_3_M__22.tif,131,C3
MP_BipKopp1.1_B3_3_M__22.tif,107,E1
MP_BipKopp1.1_B3_3_M__22.tif,118,E2
MP_BipKopp1.1_B3_3_M__22.tif,103,F1
MP_BipKopp1.1_B3_3_M__22.tif,110,F2
MP_BipKopp1.1_B3_3_M__22.tif,117,F3
MP_BipKopp1.1_B3_3_M__22.tif,141,G1
MP_BipKopp1.1_B3_3_M__22.tif,92,G2
MP_BipKopp1.1_B3_3_M__22.tif,110,G3
MP_BipKopp1.1_B3_3_M__23.tif,85,A1
MP_BipKopp1.1_B3_3_M__23.tif,68,A2
MP_BipKopp1.1_B3_3_M__23.tif,105,B1
MP_BipKopp1.1_B3_3_M__23.tif,90,B2
MP_BipKopp1.1_B3_3_M__23.tif,115,B3
MP_BipKopp1.1_B3_3_M__23.tif,85,C1
MP_BipKopp1.1_B3_3_M__23.tif,96,C2
MP_BipKopp1.1_B3_3_M__23.tif,118,C3
MP_BipKopp1.1_B3_3_M__23.tif,104,E1
MP_BipKopp1.1_B3_3_M__23.tif,104,E2
MP_BipKopp1.1_B3_3_M__23.tif,96,F1
MP_BipKopp1.1_B3_3_M__23.tif,93,F2
MP_BipKopp1.1_B3_3_M__23.tif,121,F3
MP_BipKopp1.1_B3_3_M__23.tif,131,G1
MP_BipKopp1.1_B3_3_M__23.tif,86,G2
MP_BipKopp1.1_B3_3_M__23.tif,118,G3
MP_BipKopp1.1_B3_3_M__24.tif,97,A1
MP_BipKopp1.1_B3_3_M__24.tif,92,A2
MP_BipKopp1.1_B3_3_M__24.tif,86,B1
MP_BipKopp1.1_B3_3_M__24.tif,101,B2
MP_BipKopp1.1_B3_3_M__24.tif,92,B3
MP_BipKopp1.1_B3_3_M__24.tif,88,C1
MP_BipKopp1.1_B3_3_M__24.tif,100,C2
MP_BipKopp1.1_B3_3_M__24.tif,115,C3
MP_BipKopp1.1_B3_3_M__24.tif,128,E1
MP_BipKopp1.1_B3_3_M__24.tif,119,E2
MP_BipKopp1.1_B3_3_M__24.tif,114,F1
MP_BipKopp1.1_B3_3_M__24.tif,101,F2
MP_BipKopp1.1_B3_3_M__24.tif,112,F3
MP_BipKopp1.1_B3_3_M__24.tif,147,G1
MP_BipKopp1.1_B3_3_M__24.tif,102,G2
MP_BipKopp1.1_B3_3_M__24.tif,133,G3
MP_BipKopp1.1_B3_3_M__25.tif,90,A1
MP_BipKopp1.1_B3_3_M__25.tif,88,A2
MP_BipKopp1.1_B3_3_M__25.tif,107,B1
MP_BipKopp1.1_B3_3_M__25.tif,108,B2
MP_BipKopp1.1_B3_3_M__25.tif,96,B3
MP_BipKopp1.1_B3_3_M__25.tif,97,C1
MP_BipKopp1.1_B3_3_M__25.tif,105,C2
MP_BipKopp1.1_B3_3_M__25.tif,121,C3
MP_BipKopp1.1_B3_3_M__25.tif,95,E1
MP_BipKopp1.1_B3_3_M__25.tif,104,E2
MP_BipKopp1.1_B3_3_M__25.tif,109,F1
MP_BipKopp1.1_B3_3_M__25.tif,110,F2
MP_BipKopp1.1_B3_3_M__25.tif,122,F3
MP_BipKopp1.1_B3_3_M__25.tif,138,G1
MP_BipKopp1.1_B3_3_M__25.tif,89,G2
MP_BipKopp1.1_B3_3_M__25.tif,107,G3
MP_BipKopp1.1_B3_3_M__26.tif,97,A1
MP_BipKopp1.1_B3_3_M__26.tif,93,A2
MP_BipKopp1.1_B3_3_M__26.tif,97,B1
MP_BipKopp1.1_B3_3_M__26.tif,84,B2
MP_BipKopp1.1_B3_3_M__26.tif,94,B3
MP_BipKopp1.1_B3_3_M__26.tif,91,C1
MP_BipKopp1.1_B3_3_M__26.tif,113,C2
MP_BipKopp1.1_B3_3_M__26.tif,127,C3
MP_BipKopp1.1_B3_3_M__26.tif,119,E1
MP_BipKopp1.1_B3_3_M__26.tif,112,E2
MP_BipKopp1.1_B3_3_M__26.tif,118,F1
MP_BipKopp1.1_B3_3_M__26.tif,100,F2
MP_BipKopp1.1_B3_3_M__26.tif,120,F3
MP_BipKopp1.1_B3_3_M__26.tif,146,G1
MP_BipKopp1.1_B3_3_M__26.tif,103,G2
MP_BipKopp1.1_B3_3_M__26.tif,113,G3
MP_BipKopp1.1_B3_3_M__27.tif,75,A1
MP_BipKopp1.1_B3_3_M__27.tif,79,A2
MP_BipKopp1.1_B3_3_M__27.tif,101,B1
MP_BipKopp1.1_B3_3_M__27.tif,80,B2
MP_BipKopp1.1_B3_3_M__27.tif,112,B3
MP_BipKopp1.1_B3_3_M__27.tif,96,C1
MP_BipKopp1.1_B3_3_M__27.tif,104,C2
MP_BipKopp1.1_B3_3_M__27.tif,120,C3
MP_BipKopp1.1_B3_3_M__27.tif,100,E1
MP_BipKopp1.1_B3_3_M__27.tif,123,E2
MP_BipKopp1.1_B3_3_M__27.tif,118,F1
MP_BipKopp1.1_B3_3_M__27.tif,110,F2
MP_BipKopp1.1_B3_3_M__27.tif,119,F3
MP_BipKopp1.1_B3_3_M__27.tif,140,G1
MP_BipKopp1.1_B3_3_M__27.tif,98,G2
MP_BipKopp1.1_B3_3_M__27.tif,101,G3
MP_BipKopp1.1_B3_3_M__28.tif,90,A1
MP_BipKopp1.1_B3_3_M__28.tif,90,A2
MP_BipKopp1.1_B3_3_M__28.tif,84,B1
MP_BipKopp1.1_B3_3_M__28.tif,90,B2
MP_BipKopp1.1_B3_3_M__28.tif,111,B3
MP_BipKopp1.1_B3_3_M__28.tif,88,C1
MP_BipKopp1.1_B3_3_M__28.tif,97,C2
MP_BipKopp1.1_B3_3_M__28.tif,104,C3
MP_BipKopp1.1_B3_3_M__28.tif,106,E1
MP_BipKopp1.1_B3_3_M__28.tif,101,E2
MP_BipKopp1.1_B3_3_M__28.tif,105,F1
MP_BipKopp1.1_B3_3_M__28.tif,99,F2
MP_BipKopp1.1_B3_3_M__28.tif,111,F3
MP_BipKopp1.1_B3_3_M__28.tif,137,G1
MP_BipKopp1.1_B3_3_M__28.tif,79,G2
MP_BipKopp1.1_B3_3_M__28.tif,113,G3
MP_BipKopp1.1_B3_3_M__29.tif,89,A1
MP_BipKopp1.1_B3_3_M__29.tif,90,A2
MP_BipKopp1.1_B3_3_M__29.tif,94,B1
MP_BipKopp1.1_B3_3_M__29.tif,92,B2
MP_BipKopp1.1_B3_3_M__29.tif,98,B3
MP_BipKopp1.1_B3_3_M__29.tif,96,C1
MP_BipKopp1.1_B3_3_M__29.tif,106,C2
MP_BipKopp1.1_B3_3_M__29.tif,120,C3
MP_BipKopp1.1_B3_3_M__29.tif,100,E1
MP_BipKopp1.1_B3_3_M__29.tif,115,E2
MP_BipKopp1.1_B3_3_M__29.tif,108,F1
MP_BipKopp1.1_B3_3_M__29.tif,106,F2
MP_BipKopp1.1_B3_3_M__29.tif,125,F3
MP_BipKopp1.1_B3_3_M__29.tif,136,G1
MP_BipKopp1.1_B3_3_M__29.tif,93,G2
MP_BipKopp1.1_B3_3_M__29.tif,127,G3
MP_BipKopp1.1_B3_3_M__30.tif,101,A1
MP_BipKopp1.1_B3_3_M__30.tif,99,A2
MP_BipKopp1.1_B3_3_M__30.tif,97,B1
MP_BipKopp1.1_B3_3_M__30.tif,95,B2
MP_BipKopp1.1_B3_3_M__30.tif,102,B3
MP_BipKopp1.1_B3_3_M__30.tif,98,C1
MP_BipKopp1.1_B3_3_M__30.tif,101,C2
MP_BipKopp1.1_B3_3_M__30.tif,119,C3
MP_BipKopp1.1_B3_3_M__30.tif,118,E1
MP_BipKopp1.1_B3_3_M__30.tif,115,E2
MP_BipKopp1.1_B3_3_M__30.tif,114,F1
MP_BipKopp1.1_B3_3_M__30.tif,104,F2
MP_BipKopp1.1_B3_3_M__30.tif,112,F3
MP_BipKopp1.1_B3_3_M__30.tif,131,G1
MP_BipKopp1.1_B3_3_M__30.tif,91,G2
MP_BipKopp1.1_B3_3_M__30.tif,117,G3