Label,Count,Wing_Area,Notes
MP_SuzC4.3_B1_1_F__01.tif,33,A1,
MP_SuzC4.3_B1_1_F__01.tif,37,A2,
MP_SuzC4.3_B1_1_F__01.tif,47,B1,
MP_SuzC4.3_B1_1_F__01.tif,52,B2,
MP_SuzC4.3_B1_1_F__01.tif,80,B3,
MP_SuzC4.3_B1_1_F__01.tif,44,C1,
MP_SuzC4.3_B1_1_F__01.tif,61,C2,
MP_SuzC4.3_B1_1_F__01.tif,70,C3,
MP_SuzC4.3_B1_1_F__01.tif,39,E1,
MP_SuzC4.3_B1_1_F__01.tif,47,E2,
MP_SuzC4.3_B1_1_F__01.tif,53,F1,
MP_SuzC4.3_B1_1_F__01.tif,56,F2,
MP_SuzC4.3_B1_1_F__01.tif,72,F3,
MP_SuzC4.3_B1_1_F__01.tif,57,G1,
MP_SuzC4.3_B1_1_F__01.tif,49,G2,
MP_SuzC4.3_B1_1_F__01.tif,59,G3,
MP_SuzC4.3_B1_1_F__02.tif,63,A1,
MP_SuzC4.3_B1_1_F__02.tif,60,A2,
MP_SuzC4.3_B1_1_F__02.tif,65,B1,
MP_SuzC4.3_B1_1_F__02.tif,55,B2,
MP_SuzC4.3_B1_1_F__02.tif,84,B3,
MP_SuzC4.3_B1_1_F__02.tif,57,C1,
MP_SuzC4.3_B1_1_F__02.tif,53,C2,
MP_SuzC4.3_B1_1_F__02.tif,94,C3,
MP_SuzC4.3_B1_1_F__02.tif,74,E1,
MP_SuzC4.3_B1_1_F__02.tif,77,E2,
MP_SuzC4.3_B1_1_F__02.tif,65,F1,
MP_SuzC4.3_B1_1_F__02.tif,60,F2,
MP_SuzC4.3_B1_1_F__02.tif,96,F3,
MP_SuzC4.3_B1_1_F__02.tif,115,G1,
MP_SuzC4.3_B1_1_F__02.tif,73,G2,
MP_SuzC4.3_B1_1_F__02.tif,88,G3,
MP_SuzC4.3_B1_1_F__03.tif,52,A1,
MP_SuzC4.3_B1_1_F__03.tif,64,A2,
MP_SuzC4.3_B1_1_F__03.tif,54,B1,
MP_SuzC4.3_B1_1_F__03.tif,51,B2,
MP_SuzC4.3_B1_1_F__03.tif,66,B3,
MP_SuzC4.3_B1_1_F__03.tif,59,C1,
MP_SuzC4.3_B1_1_F__03.tif,57,C2,
MP_SuzC4.3_B1_1_F__03.tif,105,C3,
MP_SuzC4.3_B1_1_F__03.tif,80,E1,
MP_SuzC4.3_B1_1_F__03.tif,74,E2,
MP_SuzC4.3_B1_1_F__03.tif,67,F1,
MP_SuzC4.3_B1_1_F__03.tif,80,F2,
MP_SuzC4.3_B1_1_F__03.tif,99,F3,
MP_SuzC4.3_B1_1_F__03.tif,123,G1,
MP_SuzC4.3_B1_1_F__03.tif,63,G2,
MP_SuzC4.3_B1_1_F__03.tif,104,G3,
MP_SuzC4.3_B1_1_F__04.tif,53,A1,
MP_SuzC4.3_B1_1_F__04.tif,53,A2,
MP_SuzC4.3_B1_1_F__04.tif,63,B1,
MP_SuzC4.3_B1_1_F__04.tif,52,B2,
MP_SuzC4.3_B1_1_F__04.tif,61,B3,
MP_SuzC4.3_B1_1_F__04.tif,63,C1,
MP_SuzC4.3_B1_1_F__04.tif,80,C2,
MP_SuzC4.3_B1_1_F__04.tif,80,C3,
MP_SuzC4.3_B1_1_F__04.tif,74,E1,
MP_SuzC4.3_B1_1_F__04.tif,84,E2,
MP_SuzC4.3_B1_1_F__04.tif,75,F1,
MP_SuzC4.3_B1_1_F__04.tif,68,F2,
MP_SuzC4.3_B1_1_F__04.tif,83,F3,
MP_SuzC4.3_B1_1_F__04.tif,117,G1,
MP_SuzC4.3_B1_1_F__04.tif,69,G2,
MP_SuzC4.3_B1_1_F__04.tif,110,G3,
MP_SuzC4.3_B1_1_F__05.tif,58,A1,
MP_SuzC4.3_B1_1_F__05.tif,57,A2,
MP_SuzC4.3_B1_1_F__05.tif,67,B1,
MP_SuzC4.3_B1_1_F__05.tif,65,B2,
MP_SuzC4.3_B1_1_F__05.tif,62,B3,
MP_SuzC4.3_B1_1_F__05.tif,61,C1,
MP_SuzC4.3_B1_1_F__05.tif,66,C2,
MP_SuzC4.3_B1_1_F__05.tif,82,C3,
MP_SuzC4.3_B1_1_F__05.tif,72,E1,
MP_SuzC4.3_B1_1_F__05.tif,78,E2,
MP_SuzC4.3_B1_1_F__05.tif,74,F1,
MP_SuzC4.3_B1_1_F__05.tif,79,F2,
MP_SuzC4.3_B1_1_F__05.tif,75,F3,
MP_SuzC4.3_B1_1_F__05.tif,114,G1,
MP_SuzC4.3_B1_1_F__05.tif,56,G2,
MP_SuzC4.3_B1_1_F__05.tif,96,G3,
MP_SuzC4.3_B1_1_F__06.tif,49,A1,
MP_SuzC4.3_B1_1_F__06.tif,44,A2,
MP_SuzC4.3_B1_1_F__06.tif,59,B1,
MP_SuzC4.3_B1_1_F__06.tif,58,B2,
MP_SuzC4.3_B1_1_F__06.tif,80,B3,
MP_SuzC4.3_B1_1_F__06.tif,58,C1,
MP_SuzC4.3_B1_1_F__06.tif,74,C2,
MP_SuzC4.3_B1_1_F__06.tif,89,C3,
MP_SuzC4.3_B1_1_F__06.tif,57,E1,
MP_SuzC4.3_B1_1_F__06.tif,68,E2,
MP_SuzC4.3_B1_1_F__06.tif,68,F1,
MP_SuzC4.3_B1_1_F__06.tif,82,F2,
MP_SuzC4.3_B1_1_F__06.tif,88,F3,
MP_SuzC4.3_B1_1_F__06.tif,109,G1,
MP_SuzC4.3_B1_1_F__06.tif,59,G2,
MP_SuzC4.3_B1_1_F__06.tif,109,G3,
MP_SuzC4.3_B1_1_F__07.tif,49,A1,
MP_SuzC4.3_B1_1_F__07.tif,52,A2,
MP_SuzC4.3_B1_1_F__07.tif,57,B1,
MP_SuzC4.3_B1_1_F__07.tif,63,B2,
MP_SuzC4.3_B1_1_F__07.tif,90,B3,
MP_SuzC4.3_B1_1_F__07.tif,53,C1,
MP_SuzC4.3_B1_1_F__07.tif,77,C2,
MP_SuzC4.3_B1_1_F__07.tif,97,C3,
MP_SuzC4.3_B1_1_F__07.tif,63,E1,
MP_SuzC4.3_B1_1_F__07.tif,71,E2,
MP_SuzC4.3_B1_1_F__07.tif,79,F1,
MP_SuzC4.3_B1_1_F__07.tif,77,F2,
MP_SuzC4.3_B1_1_F__07.tif,100,F3,
MP_SuzC4.3_B1_1_F__07.tif,102,G1,
MP_SuzC4.3_B1_1_F__07.tif,64,G2,
MP_SuzC4.3_B1_1_F__07.tif,91,G3,
MP_SuzC4.3_B1_1_F__08.tif,45,A1,
MP_SuzC4.3_B1_1_F__08.tif,46,A2,
MP_SuzC4.3_B1_1_F__08.tif,60,B1,
MP_SuzC4.3_B1_1_F__08.tif,68,B2,
MP_SuzC4.3_B1_1_F__08.tif,89,B3,
MP_SuzC4.3_B1_1_F__08.tif,51,C1,
MP_SuzC4.3_B1_1_F__08.tif,71,C2,
MP_SuzC4.3_B1_1_F__08.tif,90,C3,
MP_SuzC4.3_B1_1_F__08.tif,65,E1,
MP_SuzC4.3_B1_1_F__08.tif,75,E2,
MP_SuzC4.3_B1_1_F__08.tif,69,F1,
MP_SuzC4.3_B1_1_F__08.tif,61,F2,
MP_SuzC4.3_B1_1_F__08.tif,93,F3,
MP_SuzC4.3_B1_1_F__08.tif,109,G1,
MP_SuzC4.3_B1_1_F__08.tif,56,G2,
MP_SuzC4.3_B1_1_F__08.tif,96,G3,
MP_SuzC4.3_B1_1_F__09.tif,48,A1,
MP_SuzC4.3_B1_1_F__09.tif,52,A2,
MP_SuzC4.3_B1_1_F__09.tif,62,B1,
MP_SuzC4.3_B1_1_F__09.tif,66,B2,
MP_SuzC4.3_B1_1_F__09.tif,77,B3,
MP_SuzC4.3_B1_1_F__09.tif,61,C1,
MP_SuzC4.3_B1_1_F__09.tif,70,C2,
MP_SuzC4.3_B1_1_F__09.tif,85,C3,
MP_SuzC4.3_B1_1_F__09.tif,65,E1,
MP_SuzC4.3_B1_1_F__09.tif,65,E2,
MP_SuzC4.3_B1_1_F__09.tif,63,F1,
MP_SuzC4.3_B1_1_F__09.tif,85,F2,
MP_SuzC4.3_B1_1_F__09.tif,89,F3,
MP_SuzC4.3_B1_1_F__09.tif,107,G1,
MP_SuzC4.3_B1_1_F__09.tif,52,G2,
MP_SuzC4.3_B1_1_F__09.tif,97,G3,
MP_SuzC4.3_B1_1_F__10.tif,58,A1,
MP_SuzC4.3_B1_1_F__10.tif,50,A2,
MP_SuzC4.3_B1_1_F__10.tif,79,B1,
MP_SuzC4.3_B1_1_F__10.tif,68,B2,
MP_SuzC4.3_B1_1_F__10.tif,70,B3,
MP_SuzC4.3_B1_1_F__10.tif,66,C1,
MP_SuzC4.3_B1_1_F__10.tif,77,C2,
MP_SuzC4.3_B1_1_F__10.tif,101,C3,
MP_SuzC4.3_B1_1_F__10.tif,73,E1,
MP_SuzC4.3_B1_1_F__10.tif,79,E2,
MP_SuzC4.3_B1_1_F__10.tif,74,F1,
MP_SuzC4.3_B1_1_F__10.tif,92,F2,
MP_SuzC4.3_B1_1_F__10.tif,99,F3,
MP_SuzC4.3_B1_1_F__10.tif,98,G1,
MP_SuzC4.3_B1_1_F__10.tif,64,G2,
MP_SuzC4.3_B1_1_F__10.tif,102,G3,
MP_SuzC4.3_B1_1_F_2X_01.tif,149,A1,
MP_SuzC4.3_B1_1_F_2X_01.tif,139,A2,
MP_SuzC4.3_B1_1_F_2X_01.tif,155,B1,
MP_SuzC4.3_B1_1_F_2X_01.tif,156,B2,
MP_SuzC4.3_B1_1_F_2X_01.tif,168,B3,
MP_SuzC4.3_B1_1_F_2X_01.tif,150,C1,
MP_SuzC4.3_B1_1_F_2X_01.tif,161,C2,
MP_SuzC4.3_B1_1_F_2X_01.tif,184,C3,
MP_SuzC4.3_B1_1_F_2X_01.tif,149,E1,
MP_SuzC4.3_B1_1_F_2X_01.tif,156,E2,
MP_SuzC4.3_B1_1_F_2X_01.tif,147,F1,
MP_SuzC4.3_B1_1_F_2X_01.tif,162,F2,
MP_SuzC4.3_B1_1_F_2X_01.tif,164,F3,
MP_SuzC4.3_B1_1_F_2X_01.tif,156,G1,
MP_SuzC4.3_B1_1_F_2X_01.tif,131,G2,
MP_SuzC4.3_B1_1_F_2X_01.tif,163,G3,
MP_SuzC4.3_B1_1_F_2X_02.tif,147,A1,
MP_SuzC4.3_B1_1_F_2X_02.tif,135,A2,
MP_SuzC4.3_B1_1_F_2X_02.tif,154,B1,
MP_SuzC4.3_B1_1_F_2X_02.tif,147,B2,
MP_SuzC4.3_B1_1_F_2X_02.tif,149,B3,
MP_SuzC4.3_B1_1_F_2X_02.tif,152,C1,
MP_SuzC4.3_B1_1_F_2X_02.tif,167,C2,
MP_SuzC4.3_B1_1_F_2X_02.tif,155,C3,
MP_SuzC4.3_B1_1_F_2X_02.tif,174,E1,
MP_SuzC4.3_B1_1_F_2X_02.tif,178,E2,
MP_SuzC4.3_B1_1_F_2X_02.tif,190,F1,
MP_SuzC4.3_B1_1_F_2X_02.tif,182,F2,
MP_SuzC4.3_B1_1_F_2X_02.tif,174,F3,
MP_SuzC4.3_B1_1_F_2X_02.tif,186,G1,
MP_SuzC4.3_B1_1_F_2X_02.tif,176,G2,
MP_SuzC4.3_B1_1_F_2X_02.tif,161,G3,
MP_SuzC4.3_B1_1_F_2X_03.tif,131,A1,
MP_SuzC4.3_B1_1_F_2X_03.tif,134,A2,
MP_SuzC4.3_B1_1_F_2X_03.tif,131,B1,
MP_SuzC4.3_B1_1_F_2X_03.tif,129,B2,
MP_SuzC4.3_B1_1_F_2X_03.tif,114,B3,
MP_SuzC4.3_B1_1_F_2X_03.tif,133,C1,
MP_SuzC4.3_B1_1_F_2X_03.tif,139,C2,
MP_SuzC4.3_B1_1_F_2X_03.tif,150,C3,
MP_SuzC4.3_B1_1_F_2X_03.tif,156,E1,
MP_SuzC4.3_B1_1_F_2X_03.tif,142,E2,
MP_SuzC4.3_B1_1_F_2X_03.tif,149,F1,
MP_SuzC4.3_B1_1_F_2X_03.tif,143,F2,
MP_SuzC4.3_B1_1_F_2X_03.tif,149,F3,
MP_SuzC4.3_B1_1_F_2X_03.tif,152,G1,
MP_SuzC4.3_B1_1_F_2X_03.tif,128,G2,
MP_SuzC4.3_B1_1_F_2X_03.tif,159,G3,
MP_SuzC4.3_B1_1_F_2X_04.tif,133,A1,
MP_SuzC4.3_B1_1_F_2X_04.tif,128,A2,
MP_SuzC4.3_B1_1_F_2X_04.tif,131,B1,
MP_SuzC4.3_B1_1_F_2X_04.tif,142,B2,
MP_SuzC4.3_B1_1_F_2X_04.tif,162,B3,
MP_SuzC4.3_B1_1_F_2X_04.tif,127,C1,
MP_SuzC4.3_B1_1_F_2X_04.tif,149,C2,
MP_SuzC4.3_B1_1_F_2X_04.tif,145,C3,
MP_SuzC4.3_B1_1_F_2X_04.tif,137,E1,
MP_SuzC4.3_B1_1_F_2X_04.tif,150,E2,
MP_SuzC4.3_B1_1_F_2X_04.tif,150,F1,
MP_SuzC4.3_B1_1_F_2X_04.tif,146,F2,
MP_SuzC4.3_B1_1_F_2X_04.tif,143,F3,
MP_SuzC4.3_B1_1_F_2X_04.tif,124,G1,
MP_SuzC4.3_B1_1_F_2X_04.tif,130,G2,
MP_SuzC4.3_B1_1_F_2X_04.tif,133,G3,
MP_SuzC4.3_B1_1_F_2X_05.tif,139,A1,
MP_SuzC4.3_B1_1_F_2X_05.tif,116,A2,
MP_SuzC4.3_B1_1_F_2X_05.tif,113,B1,
MP_SuzC4.3_B1_1_F_2X_05.tif,122,B2,
MP_SuzC4.3_B1_1_F_2X_05.tif,89,B3,
MP_SuzC4.3_B1_1_F_2X_05.tif,123,C1,
MP_SuzC4.3_B1_1_F_2X_05.tif,125,C2,
MP_SuzC4.3_B1_1_F_2X_05.tif,150,C3,
MP_SuzC4.3_B1_1_F_2X_05.tif,152,E1,
MP_SuzC4.3_B1_1_F_2X_05.tif,141,E2,
MP_SuzC4.3_B1_1_F_2X_05.tif,131,F1,
MP_SuzC4.3_B1_1_F_2X_05.tif,115,F2,
MP_SuzC4.3_B1_1_F_2X_05.tif,124,F3,
MP_SuzC4.3_B1_1_F_2X_05.tif,106,G1,
MP_SuzC4.3_B1_1_F_2X_05.tif,110,G2,
MP_SuzC4.3_B1_1_F_2X_05.tif,121,G3,
MP_SuzC4.3_B1_1_F_2X_06.tif,147,A1,
MP_SuzC4.3_B1_1_F_2X_06.tif,136,A2,
MP_SuzC4.3_B1_1_F_2X_06.tif,156,B1,
MP_SuzC4.3_B1_1_F_2X_06.tif,155,B2,
MP_SuzC4.3_B1_1_F_2X_06.tif,162,B3,
MP_SuzC4.3_B1_1_F_2X_06.tif,155,C1,
MP_SuzC4.3_B1_1_F_2X_06.tif,146,C2,
MP_SuzC4.3_B1_1_F_2X_06.tif,186,C3,
MP_SuzC4.3_B1_1_F_2X_06.tif,151,E1,
MP_SuzC4.3_B1_1_F_2X_06.tif,168,E2,
MP_SuzC4.3_B1_1_F_2X_06.tif,161,F1,
MP_SuzC4.3_B1_1_F_2X_06.tif,158,F2,
MP_SuzC4.3_B1_1_F_2X_06.tif,172,F3,
MP_SuzC4.3_B1_1_F_2X_06.tif,172,G1,
MP_SuzC4.3_B1_1_F_2X_06.tif,140,G2,
MP_SuzC4.3_B1_1_F_2X_06.tif,153,G3,
MP_SuzC4.3_B1_1_F_2X_07.tif,127,A1,
MP_SuzC4.3_B1_1_F_2X_07.tif,130,A2,
MP_SuzC4.3_B1_1_F_2X_07.tif,130,B1,
MP_SuzC4.3_B1_1_F_2X_07.tif,146,B2,
MP_SuzC4.3_B1_1_F_2X_07.tif,145,B3,
MP_SuzC4.3_B1_1_F_2X_07.tif,142,C1,
MP_SuzC4.3_B1_1_F_2X_07.tif,157,C2,
MP_SuzC4.3_B1_1_F_2X_07.tif,197,C3,
MP_SuzC4.3_B1_1_F_2X_07.tif,166,E1,
MP_SuzC4.3_B1_1_F_2X_07.tif,170,E2,
MP_SuzC4.3_B1_1_F_2X_07.tif,164,F1,
MP_SuzC4.3_B1_1_F_2X_07.tif,156,F2,
MP_SuzC4.3_B1_1_F_2X_07.tif,159,F3,
MP_SuzC4.3_B1_1_F_2X_07.tif,150,G1,
MP_SuzC4.3_B1_1_F_2X_07.tif,137,G2,
MP_SuzC4.3_B1_1_F_2X_07.tif,162,G3,
MP_SuzC4.3_B1_1_F_2X_08.tif,136,A1,
MP_SuzC4.3_B1_1_F_2X_08.tif,130,A2,
MP_SuzC4.3_B1_1_F_2X_08.tif,135,B1,
MP_SuzC4.3_B1_1_F_2X_08.tif,145,B2,
MP_SuzC4.3_B1_1_F_2X_08.tif,144,B3,
MP_SuzC4.3_B1_1_F_2X_08.tif,144,C1,
MP_SuzC4.3_B1_1_F_2X_08.tif,149,C2,
MP_SuzC4.3_B1_1_F_2X_08.tif,183,C3,
MP_SuzC4.3_B1_1_F_2X_08.tif,158,E1,
MP_SuzC4.3_B1_1_F_2X_08.tif,165,E2,
MP_SuzC4.3_B1_1_F_2X_08.tif,166,F1,
MP_SuzC4.3_B1_1_F_2X_08.tif,157,F2,
MP_SuzC4.3_B1_1_F_2X_08.tif,170,F3,
MP_SuzC4.3_B1_1_F_2X_08.tif,111,G1,
MP_SuzC4.3_B1_1_F_2X_08.tif,112,G2,
MP_SuzC4.3_B1_1_F_2X_08.tif,149,G3,
MP_SuzC4.3_B1_1_F_2X_09.tif,125,A1,
MP_SuzC4.3_B1_1_F_2X_09.tif,120,A2,
MP_SuzC4.3_B1_1_F_2X_09.tif,128,B1,
MP_SuzC4.3_B1_1_F_2X_09.tif,131,B2,
MP_SuzC4.3_B1_1_F_2X_09.tif,149,B3,
MP_SuzC4.3_B1_1_F_2X_09.tif,134,C1,
MP_SuzC4.3_B1_1_F_2X_09.tif,156,C2,
MP_SuzC4.3_B1_1_F_2X_09.tif,176,C3,
MP_SuzC4.3_B1_1_F_2X_09.tif,142,E1,
MP_SuzC4.3_B1_1_F_2X_09.tif,153,E2,
MP_SuzC4.3_B1_1_F_2X_09.tif,153,F1,
MP_SuzC4.3_B1_1_F_2X_09.tif,158,F2,
MP_SuzC4.3_B1_1_F_2X_09.tif,147,F3,
MP_SuzC4.3_B1_1_F_2X_09.tif,112,G1,
MP_SuzC4.3_B1_1_F_2X_09.tif,120,G2,
MP_SuzC4.3_B1_1_F_2X_09.tif,149,G3,
MP_SuzC4.3_B1_1_F_2X_10.tif,126,A1,
MP_SuzC4.3_B1_1_F_2X_10.tif,113,A2,
MP_SuzC4.3_B1_1_F_2X_10.tif,121,B1,
MP_SuzC4.3_B1_1_F_2X_10.tif,131,B2,
MP_SuzC4.3_B1_1_F_2X_10.tif,140,B3,
MP_SuzC4.3_B1_1_F_2X_10.tif,135,C1,
MP_SuzC4.3_B1_1_F_2X_10.tif,149,C2,
MP_SuzC4.3_B1_1_F_2X_10.tif,161,C3,
MP_SuzC4.3_B1_1_F_2X_10.tif,157,E1,
MP_SuzC4.3_B1_1_F_2X_10.tif,165,E2,
MP_SuzC4.3_B1_1_F_2X_10.tif,167,F1,
MP_SuzC4.3_B1_1_F_2X_10.tif,170,F2,
MP_SuzC4.3_B1_1_F_2X_10.tif,164,F3,
MP_SuzC4.3_B1_1_F_2X_10.tif,97,G1,
MP_SuzC4.3_B1_1_F_2X_10.tif,143,G2,
MP_SuzC4.3_B1_1_F_2X_10.tif,137,G3,
MP_SuzC4.3_B1_1_M__01.tif,99,A1,brown spots
MP_SuzC4.3_B1_1_M__01.tif,108,A2,brown spots
MP_SuzC4.3_B1_1_M__01.tif,158,B1,brown spots
MP_SuzC4.3_B1_1_M__01.tif,205,B2,brown spots
MP_SuzC4.3_B1_1_M__01.tif,184,B3,brown spots
MP_SuzC4.3_B1_1_M__01.tif,167,C1,brown spots
MP_SuzC4.3_B1_1_M__01.tif,131,C2,brown spots
MP_SuzC4.3_B1_1_M__01.tif,166,C3,brown spots
MP_SuzC4.3_B1_1_M__01.tif,173,E1,brown spots
MP_SuzC4.3_B1_1_M__01.tif,190,E2,brown spots
MP_SuzC4.3_B1_1_M__01.tif,196,F1,brown spots
MP_SuzC4.3_B1_1_M__01.tif,93,F2,brown spots
MP_SuzC4.3_B1_1_M__01.tif,83,F3,brown spots
MP_SuzC4.3_B1_1_M__01.tif,121,G1,brown spots
MP_SuzC4.3_B1_1_M__01.tif,158,G2,brown spots
MP_SuzC4.3_B1_1_M__01.tif,77,G3,brown spots
MP_SuzC4.3_B1_1_M__02.tif,151,A1,brown spots
MP_SuzC4.3_B1_1_M__02.tif,168,A2,brown spots
MP_SuzC4.3_B1_1_M__02.tif,155,B1,brown spots
MP_SuzC4.3_B1_1_M__02.tif,175,B2,brown spots
MP_SuzC4.3_B1_1_M__02.tif,154,B3,brown spots
MP_SuzC4.3_B1_1_M__02.tif,138,C1,brown spots
MP_SuzC4.3_B1_1_M__02.tif,161,C2,brown spots
MP_SuzC4.3_B1_1_M__02.tif,144,C3,brown spots
MP_SuzC4.3_B1_1_M__02.tif,198,E1,brown spots
MP_SuzC4.3_B1_1_M__02.tif,189,E2,brown spots
MP_SuzC4.3_B1_1_M__02.tif,182,F1,brown spots
MP_SuzC4.3_B1_1_M__02.tif,162,F2,brown spots
MP_SuzC4.3_B1_1_M__02.tif,134,F3,brown spots
MP_SuzC4.3_B1_1_M__02.tif,180,G1,brown spots
MP_SuzC4.3_B1_1_M__02.tif,189,G2,brown spots
MP_SuzC4.3_B1_1_M__02.tif,162,G3,brown spots
MP_SuzC4.3_B1_1_M__03.tif,162,A1,brown spots
MP_SuzC4.3_B1_1_M__03.tif,99,A2,
MP_SuzC4.3_B1_1_M__03.tif,147,B1,brown spots
MP_SuzC4.3_B1_1_M__03.tif,77,B2,
MP_SuzC4.3_B1_1_M__03.tif,92,B3,
MP_SuzC4.3_B1_1_M__03.tif,141,C1,brown spots
MP_SuzC4.3_B1_1_M__03.tif,95,C2,
MP_SuzC4.3_B1_1_M__03.tif,93,C3,
MP_SuzC4.3_B1_1_M__03.tif,77,E1,brown spots
MP_SuzC4.3_B1_1_M__03.tif,149,E2,brown spots
MP_SuzC4.3_B1_1_M__03.tif,99,F1,brown spots
MP_SuzC4.3_B1_1_M__03.tif,101,F2,
MP_SuzC4.3_B1_1_M__03.tif,97,F3,
MP_SuzC4.3_B1_1_M__03.tif,60,G1,brown spots
MP_SuzC4.3_B1_1_M__03.tif,73,G2,brown spots
MP_SuzC4.3_B1_1_M__03.tif,146,G3,brown spots
MP_SuzC4.3_B1_1_M__04.tif,65,A1,
MP_SuzC4.3_B1_1_M__04.tif,55,A2,
MP_SuzC4.3_B1_1_M__04.tif,62,B1,
MP_SuzC4.3_B1_1_M__04.tif,69,B2,
MP_SuzC4.3_B1_1_M__04.tif,78,B3,
MP_SuzC4.3_B1_1_M__04.tif,58,C1,
MP_SuzC4.3_B1_1_M__04.tif,83,C2,
MP_SuzC4.3_B1_1_M__04.tif,107,C3,
MP_SuzC4.3_B1_1_M__04.tif,70,E1,
MP_SuzC4.3_B1_1_M__04.tif,92,E2,
MP_SuzC4.3_B1_1_M__04.tif,93,F1,
MP_SuzC4.3_B1_1_M__04.tif,72,F2,
MP_SuzC4.3_B1_1_M__04.tif,108,F3,
MP_SuzC4.3_B1_1_M__04.tif,68,G1,
MP_SuzC4.3_B1_1_M__04.tif,69,G2,
MP_SuzC4.3_B1_1_M__04.tif,99,G3,
MP_SuzC4.3_B1_1_M__05.tif,57,A1,
MP_SuzC4.3_B1_1_M__05.tif,59,A2,
MP_SuzC4.3_B1_1_M__05.tif,69,B1,
MP_SuzC4.3_B1_1_M__05.tif,79,B2,
MP_SuzC4.3_B1_1_M__05.tif,95,B3,
MP_SuzC4.3_B1_1_M__05.tif,69,C1,
MP_SuzC4.3_B1_1_M__05.tif,79,C2,
MP_SuzC4.3_B1_1_M__05.tif,100,C3,
MP_SuzC4.3_B1_1_M__05.tif,79,E1,
MP_SuzC4.3_B1_1_M__05.tif,83,E2,
MP_SuzC4.3_B1_1_M__05.tif,90,F1,
MP_SuzC4.3_B1_1_M__05.tif,76,F2,
MP_SuzC4.3_B1_1_M__05.tif,79,F3,
MP_SuzC4.3_B1_1_M__05.tif,60,G1,
MP_SuzC4.3_B1_1_M__05.tif,68,G2,
MP_SuzC4.3_B1_1_M__05.tif,79,G3,
MP_SuzC4.3_B1_1_M__06.tif,94,A1,
MP_SuzC4.3_B1_1_M__06.tif,84,A2,
MP_SuzC4.3_B1_1_M__06.tif,107,B1,
MP_SuzC4.3_B1_1_M__06.tif,85,B2,
MP_SuzC4.3_B1_1_M__06.tif,85,B3,brown spots
MP_SuzC4.3_B1_1_M__06.tif,122,C1,brown spots
MP_SuzC4.3_B1_1_M__06.tif,96,C2,
MP_SuzC4.3_B1_1_M__06.tif,74,C3,
MP_SuzC4.3_B1_1_M__06.tif,121,E1,
MP_SuzC4.3_B1_1_M__06.tif,96,E2,
MP_SuzC4.3_B1_1_M__06.tif,151,F1,
MP_SuzC4.3_B1_1_M__06.tif,126,F2,brown spots
MP_SuzC4.3_B1_1_M__06.tif,63,F3,brown spots
MP_SuzC4.3_B1_1_M__06.tif,156,G1,brown spots
MP_SuzC4.3_B1_1_M__06.tif,98,G2,brown spots
MP_SuzC4.3_B1_1_M__06.tif,187,G3,brown spots
MP_SuzC4.3_B1_1_M__07.tif,79,A1,brown spots
MP_SuzC4.3_B1_1_M__07.tif,147,A2,brown spots
MP_SuzC4.3_B1_1_M__07.tif,104,B1,
MP_SuzC4.3_B1_1_M__07.tif,162,B2,
MP_SuzC4.3_B1_1_M__07.tif,170,B3,brown spots
MP_SuzC4.3_B1_1_M__07.tif,129,C1,
MP_SuzC4.3_B1_1_M__07.tif,105,C2,
MP_SuzC4.3_B1_1_M__07.tif,129,C3,brown spots
MP_SuzC4.3_B1_1_M__07.tif,99,E1,
MP_SuzC4.3_B1_1_M__07.tif,87,E2,
MP_SuzC4.3_B1_1_M__07.tif,96,F1,
MP_SuzC4.3_B1_1_M__07.tif,95,F2,
MP_SuzC4.3_B1_1_M__07.tif,113,F3,
MP_SuzC4.3_B1_1_M__07.tif,166,G1,brown spots
MP_SuzC4.3_B1_1_M__07.tif,76,G2,
MP_SuzC4.3_B1_1_M__07.tif,82,G3,
MP_SuzC4.3_B1_1_M__08.tif,60,A1,
MP_SuzC4.3_B1_1_M__08.tif,67,A2,
MP_SuzC4.3_B1_1_M__08.tif,75,B1,
MP_SuzC4.3_B1_1_M__08.tif,80,B2,
MP_SuzC4.3_B1_1_M__08.tif,108,B3,
MP_SuzC4.3_B1_1_M__08.tif,76,C1,
MP_SuzC4.3_B1_1_M__08.tif,91,C2,
MP_SuzC4.3_B1_1_M__08.tif,117,C3,
MP_SuzC4.3_B1_1_M__08.tif,85,E1,
MP_SuzC4.3_B1_1_M__08.tif,86,E2,
MP_SuzC4.3_B1_1_M__08.tif,84,F1,
MP_SuzC4.3_B1_1_M__08.tif,87,F2,
MP_SuzC4.3_B1_1_M__08.tif,101,F3,
MP_SuzC4.3_B1_1_M__08.tif,121,G1,
MP_SuzC4.3_B1_1_M__08.tif,79,G2,
MP_SuzC4.3_B1_1_M__08.tif,99,G3,
MP_SuzC4.3_B1_1_M__09.tif,53,A1,
MP_SuzC4.3_B1_1_M__09.tif,63,A2,
MP_SuzC4.3_B1_1_M__09.tif,71,B1,
MP_SuzC4.3_B1_1_M__09.tif,77,B2,
MP_SuzC4.3_B1_1_M__09.tif,91,B3,
MP_SuzC4.3_B1_1_M__09.tif,67,C1,
MP_SuzC4.3_B1_1_M__09.tif,86,C2,
MP_SuzC4.3_B1_1_M__09.tif,103,C3,
MP_SuzC4.3_B1_1_M__09.tif,71,E1,
MP_SuzC4.3_B1_1_M__09.tif,91,E2,
MP_SuzC4.3_B1_1_M__09.tif,89,F1,
MP_SuzC4.3_B1_1_M__09.tif,89,F2,
MP_SuzC4.3_B1_1_M__09.tif,96,F3,
MP_SuzC4.3_B1_1_M__09.tif,118,G1,
MP_SuzC4.3_B1_1_M__09.tif,78,G2,
MP_SuzC4.3_B1_1_M__09.tif,106,G3,
MP_SuzC4.3_B1_1_M__10.tif,44,A1,
MP_SuzC4.3_B1_1_M__10.tif,58,A2,
MP_SuzC4.3_B1_1_M__10.tif,64,B1,
MP_SuzC4.3_B1_1_M__10.tif,64,B2,
MP_SuzC4.3_B1_1_M__10.tif,94,B3,
MP_SuzC4.3_B1_1_M__10.tif,60,C1,
MP_SuzC4.3_B1_1_M__10.tif,77,C2,
MP_SuzC4.3_B1_1_M__10.tif,108,C3,
MP_SuzC4.3_B1_1_M__10.tif,66,E1,
MP_SuzC4.3_B1_1_M__10.tif,79,E2,
MP_SuzC4.3_B1_1_M__10.tif,79,F1,
MP_SuzC4.3_B1_1_M__10.tif,83,F2,
MP_SuzC4.3_B1_1_M__10.tif,90,F3,
MP_SuzC4.3_B1_1_M__10.tif,108,G1,
MP_SuzC4.3_B1_1_M__10.tif,70,G2,
MP_SuzC4.3_B1_1_M__10.tif,94,G3,
MP_SuzC4.3_B1_1_M__11.tif,53,A1,
MP_SuzC4.3_B1_1_M__11.tif,50,A2,
MP_SuzC4.3_B1_1_M__11.tif,59,B1,
MP_SuzC4.3_B1_1_M__11.tif,65,B2,
MP_SuzC4.3_B1_1_M__11.tif,81,B3,
MP_SuzC4.3_B1_1_M__11.tif,61,C1,
MP_SuzC4.3_B1_1_M__11.tif,72,C2,
MP_SuzC4.3_B1_1_M__11.tif,106,C3,
MP_SuzC4.3_B1_1_M__11.tif,69,E1,
MP_SuzC4.3_B1_1_M__11.tif,68,E2,
MP_SuzC4.3_B1_1_M__11.tif,78,F1,
MP_SuzC4.3_B1_1_M__11.tif,81,F2,
MP_SuzC4.3_B1_1_M__11.tif,93,F3,
MP_SuzC4.3_B1_1_M__11.tif,100,G1,
MP_SuzC4.3_B1_1_M__11.tif,62,G2,
MP_SuzC4.3_B1_1_M__11.tif,103,G3,
MP_SuzC4.3_B1_1_M__12.tif,96,A1,
MP_SuzC4.3_B1_1_M__12.tif,51,A2,
MP_SuzC4.3_B1_1_M__12.tif,107,B1,
MP_SuzC4.3_B1_1_M__12.tif,54,B2,
MP_SuzC4.3_B1_1_M__12.tif,85,B3,
MP_SuzC4.3_B1_1_M__12.tif,64,C1,
MP_SuzC4.3_B1_1_M__12.tif,73,C2,
MP_SuzC4.3_B1_1_M__12.tif,111,C3,
MP_SuzC4.3_B1_1_M__12.tif,127,E1,
MP_SuzC4.3_B1_1_M__12.tif,82,E2,
MP_SuzC4.3_B1_1_M__12.tif,79,F1,
MP_SuzC4.3_B1_1_M__12.tif,87,F2,
MP_SuzC4.3_B1_1_M__12.tif,108,F3,
MP_SuzC4.3_B1_1_M__12.tif,136,G1,
MP_SuzC4.3_B1_1_M__12.tif,64,G2,
MP_SuzC4.3_B1_1_M__12.tif,100,G3,
MP_SuzC4.3_B1_1_M__13.tif,57,A1,
MP_SuzC4.3_B1_1_M__13.tif,59,A2,
MP_SuzC4.3_B1_1_M__13.tif,61,B1,
MP_SuzC4.3_B1_1_M__13.tif,72,B2,
MP_SuzC4.3_B1_1_M__13.tif,90,B3,
MP_SuzC4.3_B1_1_M__13.tif,58,C1,
MP_SuzC4.3_B1_1_M__13.tif,83,C2,
MP_SuzC4.3_B1_1_M__13.tif,89,C3,
MP_SuzC4.3_B1_1_M__13.tif,87,E1,
MP_SuzC4.3_B1_1_M__13.tif,79,E2,
MP_SuzC4.3_B1_1_M__13.tif,79,F1,
MP_SuzC4.3_B1_1_M__13.tif,82,F2,
MP_SuzC4.3_B1_1_M__13.tif,90,F3,
MP_SuzC4.3_B1_1_M__13.tif,123,G1,
MP_SuzC4.3_B1_1_M__13.tif,66,G2,
MP_SuzC4.3_B1_1_M__13.tif,89,G3,
MP_SuzC4.3_B1_1_M__14.tif,50,A1,
MP_SuzC4.3_B1_1_M__14.tif,57,A2,
MP_SuzC4.3_B1_1_M__14.tif,69,B1,
MP_SuzC4.3_B1_1_M__14.tif,62,B2,
MP_SuzC4.3_B1_1_M__14.tif,92,B3,
MP_SuzC4.3_B1_1_M__14.tif,58,C1,
MP_SuzC4.3_B1_1_M__14.tif,72,C2,
MP_SuzC4.3_B1_1_M__14.tif,96,C3,
MP_SuzC4.3_B1_1_M__14.tif,68,E1,
MP_SuzC4.3_B1_1_M__14.tif,79,E2,
MP_SuzC4.3_B1_1_M__14.tif,71,F1,
MP_SuzC4.3_B1_1_M__14.tif,86,F2,
MP_SuzC4.3_B1_1_M__14.tif,113,F3,
MP_SuzC4.3_B1_1_M__14.tif,101,G1,
MP_SuzC4.3_B1_1_M__14.tif,55,G2,
MP_SuzC4.3_B1_1_M__14.tif,107,G3,
MP_SuzC4.3_B1_1_M__15.tif,67,A1,
MP_SuzC4.3_B1_1_M__15.tif,61,A2,
MP_SuzC4.3_B1_1_M__15.tif,70,B1,
MP_SuzC4.3_B1_1_M__15.tif,77,B2,
MP_SuzC4.3_B1_1_M__15.tif,100,B3,
MP_SuzC4.3_B1_1_M__15.tif,70,C1,
MP_SuzC4.3_B1_1_M__15.tif,83,C2,
MP_SuzC4.3_B1_1_M__15.tif,107,C3,
MP_SuzC4.3_B1_1_M__15.tif,82,E1,
MP_SuzC4.3_B1_1_M__15.tif,77,E2,
MP_SuzC4.3_B1_1_M__15.tif,74,F1,
MP_SuzC4.3_B1_1_M__15.tif,93,F2,
MP_SuzC4.3_B1_1_M__15.tif,101,F3,
MP_SuzC4.3_B1_1_M__15.tif,102,G1,
MP_SuzC4.3_B1_1_M__15.tif,70,G2,
MP_SuzC4.3_B1_1_M__15.tif,89,G3,
MP_SuzC4.3_B1_1_M__16.tif,56,A1,
MP_SuzC4.3_B1_1_M__16.tif,49,A2,
MP_SuzC4.3_B1_1_M__16.tif,65,B1,
MP_SuzC4.3_B1_1_M__16.tif,66,B2,
MP_SuzC4.3_B1_1_M__16.tif,92,B3,
MP_SuzC4.3_B1_1_M__16.tif,61,C1,
MP_SuzC4.3_B1_1_M__16.tif,81,C2,
MP_SuzC4.3_B1_1_M__16.tif,101,C3,
MP_SuzC4.3_B1_1_M__16.tif,82,E1,
MP_SuzC4.3_B1_1_M__16.tif,79,E2,
MP_SuzC4.3_B1_1_M__16.tif,75,F1,
MP_SuzC4.3_B1_1_M__16.tif,91,F2,
MP_SuzC4.3_B1_1_M__16.tif,97,F3,
MP_SuzC4.3_B1_1_M__16.tif,120,G1,
MP_SuzC4.3_B1_1_M__16.tif,60,G2,
MP_SuzC4.3_B1_1_M__16.tif,100,G3,
MP_SuzC4.3_B1_1_M__17.tif,51,A1,
MP_SuzC4.3_B1_1_M__17.tif,62,A2,
MP_SuzC4.3_B1_1_M__17.tif,69,B1,
MP_SuzC4.3_B1_1_M__17.tif,71,B2,
MP_SuzC4.3_B1_1_M__17.tif,100,B3,
MP_SuzC4.3_B1_1_M__17.tif,65,C1,
MP_SuzC4.3_B1_1_M__17.tif,89,C2,
MP_SuzC4.3_B1_1_M__17.tif,105,C3,
MP_SuzC4.3_B1_1_M__17.tif,75,E1,
MP_SuzC4.3_B1_1_M__17.tif,62,E2,
MP_SuzC4.3_B1_1_M__17.tif,84,F1,
MP_SuzC4.3_B1_1_M__17.tif,86,F2,
MP_SuzC4.3_B1_1_M__17.tif,112,F3,
MP_SuzC4.3_B1_1_M__17.tif,104,G1,
MP_SuzC4.3_B1_1_M__17.tif,60,G2,
MP_SuzC4.3_B1_1_M__17.tif,117,G3,
MP_SuzC4.3_B1_2_F__25.tif,45,A1,
MP_SuzC4.3_B1_2_F__25.tif,59,A2,
MP_SuzC4.3_B1_2_F__25.tif,62,B1,
MP_SuzC4.3_B1_2_F__25.tif,68,B2,
MP_SuzC4.3_B1_2_F__25.tif,84,B3,
MP_SuzC4.3_B1_2_F__25.tif,50,C1,
MP_SuzC4.3_B1_2_F__25.tif,62,C2,
MP_SuzC4.3_B1_2_F__25.tif,84,C3,
MP_SuzC4.3_B1_2_F__25.tif,67,E1,
MP_SuzC4.3_B1_2_F__25.tif,79,E2,
MP_SuzC4.3_B1_2_F__25.tif,68,F1,
MP_SuzC4.3_B1_2_F__25.tif,84,F2,
MP_SuzC4.3_B1_2_F__25.tif,113,F3,
MP_SuzC4.3_B1_2_F__25.tif,106,G1,
MP_SuzC4.3_B1_2_F__25.tif,60,G2,
MP_SuzC4.3_B1_2_F__25.tif,107,G3,
MP_SuzC4.3_B1_2_F__26.tif,61,A1,
MP_SuzC4.3_B1_2_F__26.tif,59,A2,
MP_SuzC4.3_B1_2_F__26.tif,53,B1,
MP_SuzC4.3_B1_2_F__26.tif,74,B2,
MP_SuzC4.3_B1_2_F__26.tif,91,B3,
MP_SuzC4.3_B1_2_F__26.tif,66,C1,
MP_SuzC4.3_B1_2_F__26.tif,78,C2,
MP_SuzC4.3_B1_2_F__26.tif,104,C3,
MP_SuzC4.3_B1_2_F__26.tif,80,E1,
MP_SuzC4.3_B1_2_F__26.tif,83,E2,
MP_SuzC4.3_B1_2_F__26.tif,70,F1,
MP_SuzC4.3_B1_2_F__26.tif,84,F2,
MP_SuzC4.3_B1_2_F__26.tif,80,F3,
MP_SuzC4.3_B1_2_F__26.tif,118,G1,
MP_SuzC4.3_B1_2_F__26.tif,76,G2,
MP_SuzC4.3_B1_2_F__26.tif,111,G3,
MP_SuzC4.3_B1_2_F__27.tif,63,A1,
MP_SuzC4.3_B1_2_F__27.tif,60,A2,
MP_SuzC4.3_B1_2_F__27.tif,69,B1,
MP_SuzC4.3_B1_2_F__27.tif,66,B2,
MP_SuzC4.3_B1_2_F__27.tif,86,B3,
MP_SuzC4.3_B1_2_F__27.tif,55,C1,
MP_SuzC4.3_B1_2_F__27.tif,80,C2,
MP_SuzC4.3_B1_2_F__27.tif,93,C3,
MP_SuzC4.3_B1_2_F__27.tif,83,E1,
MP_SuzC4.3_B1_2_F__27.tif,78,E2,
MP_SuzC4.3_B1_2_F__27.tif,88,F1,
MP_SuzC4.3_B1_2_F__27.tif,90,F2,
MP_SuzC4.3_B1_2_F__27.tif,96,F3,
MP_SuzC4.3_B1_2_F__27.tif,119,G1,
MP_SuzC4.3_B1_2_F__27.tif,67,G2,
MP_SuzC4.3_B1_2_F__27.tif,103,G3,
MP_SuzC4.3_B1_2_F__28.tif,55,A1,
MP_SuzC4.3_B1_2_F__28.tif,49,A2,
MP_SuzC4.3_B1_2_F__28.tif,64,B1,
MP_SuzC4.3_B1_2_F__28.tif,65,B2,
MP_SuzC4.3_B1_2_F__28.tif,74,B3,
MP_SuzC4.3_B1_2_F__28.tif,55,C1,
MP_SuzC4.3_B1_2_F__28.tif,71,C2,
MP_SuzC4.3_B1_2_F__28.tif,90,C3,
MP_SuzC4.3_B1_2_F__28.tif,74,E1,
MP_SuzC4.3_B1_2_F__28.tif,74,E2,
MP_SuzC4.3_B1_2_F__28.tif,67,F1,
MP_SuzC4.3_B1_2_F__28.tif,72,F2,
MP_SuzC4.3_B1_2_F__28.tif,91,F3,
MP_SuzC4.3_B1_2_F__28.tif,92,G1,
MP_SuzC4.3_B1_2_F__28.tif,44,G2,
MP_SuzC4.3_B1_2_F__28.tif,92,G3,
MP_SuzC4.3_B1_2_F__29.tif,53,A1,
MP_SuzC4.3_B1_2_F__29.tif,52,A2,
MP_SuzC4.3_B1_2_F__29.tif,61,B1,
MP_SuzC4.3_B1_2_F__29.tif,72,B2,
MP_SuzC4.3_B1_2_F__29.tif,95,B3,
MP_SuzC4.3_B1_2_F__29.tif,58,C1,
MP_SuzC4.3_B1_2_F__29.tif,70,C2,
MP_SuzC4.3_B1_2_F__29.tif,90,C3,
MP_SuzC4.3_B1_2_F__29.tif,59,E1,
MP_SuzC4.3_B1_2_F__29.tif,75,E2,
MP_SuzC4.3_B1_2_F__29.tif,78,F1,
MP_SuzC4.3_B1_2_F__29.tif,82,F2,
MP_SuzC4.3_B1_2_F__29.tif,107,F3,
MP_SuzC4.3_B1_2_F__29.tif,95,G1,
MP_SuzC4.3_B1_2_F__29.tif,64,G2,
MP_SuzC4.3_B1_2_F__29.tif,97,G3,
MP_SuzC4.3_B1_2_F__30.tif,53,A1,
MP_SuzC4.3_B1_2_F__30.tif,52,A2,
MP_SuzC4.3_B1_2_F__30.tif,61,B1,
MP_SuzC4.3_B1_2_F__30.tif,60,B2,
MP_SuzC4.3_B1_2_F__30.tif,75,B3,
MP_SuzC4.3_B1_2_F__30.tif,54,C1,
MP_SuzC4.3_B1_2_F__30.tif,74,C2,
MP_SuzC4.3_B1_2_F__30.tif,107,C3,
MP_SuzC4.3_B1_2_F__30.tif,75,E1,
MP_SuzC4.3_B1_2_F__30.tif,76,E2,
MP_SuzC4.3_B1_2_F__30.tif,73,F1,
MP_SuzC4.3_B1_2_F__30.tif,74,F2,
MP_SuzC4.3_B1_2_F__30.tif,89,F3,
MP_SuzC4.3_B1_2_F__30.tif,123,G1,
MP_SuzC4.3_B1_2_F__30.tif,61,G2,
MP_SuzC4.3_B1_2_F__30.tif,114,G3,
MP_SuzC4.3_B1_2_F_2X_01.tif,159,A1,
MP_SuzC4.3_B1_2_F_2X_01.tif,142,A2,
MP_SuzC4.3_B1_2_F_2X_01.tif,155,B1,
MP_SuzC4.3_B1_2_F_2X_01.tif,164,B2,
MP_SuzC4.3_B1_2_F_2X_01.tif,177,B3,
MP_SuzC4.3_B1_2_F_2X_01.tif,147,C1,
MP_SuzC4.3_B1_2_F_2X_01.tif,184,C2,
MP_SuzC4.3_B1_2_F_2X_01.tif,180,C3,
MP_SuzC4.3_B1_2_F_2X_01.tif,173,E1,
MP_SuzC4.3_B1_2_F_2X_01.tif,169,E2,
MP_SuzC4.3_B1_2_F_2X_01.tif,193,F1,
MP_SuzC4.3_B1_2_F_2X_01.tif,164,F2,
MP_SuzC4.3_B1_2_F_2X_01.tif,193,F3,
MP_SuzC4.3_B1_2_F_2X_01.tif,196,G1,
MP_SuzC4.3_B1_2_F_2X_01.tif,146,G2,
MP_SuzC4.3_B1_2_F_2X_01.tif,145,G3,
MP_SuzC4.3_B1_2_F_2X_02.tif,148,A1,
MP_SuzC4.3_B1_2_F_2X_02.tif,144,A2,
MP_SuzC4.3_B1_2_F_2X_02.tif,165,B1,
MP_SuzC4.3_B1_2_F_2X_02.tif,170,B2,
MP_SuzC4.3_B1_2_F_2X_02.tif,179,B3,
MP_SuzC4.3_B1_2_F_2X_02.tif,155,C1,
MP_SuzC4.3_B1_2_F_2X_02.tif,177,C2,
MP_SuzC4.3_B1_2_F_2X_02.tif,186,C3,
MP_SuzC4.3_B1_2_F_2X_02.tif,170,E1,
MP_SuzC4.3_B1_2_F_2X_02.tif,157,E2,
MP_SuzC4.3_B1_2_F_2X_02.tif,159,F1,
MP_SuzC4.3_B1_2_F_2X_02.tif,187,F2,
MP_SuzC4.3_B1_2_F_2X_02.tif,165,F3,
MP_SuzC4.3_B1_2_F_2X_02.tif,170,G1,
MP_SuzC4.3_B1_2_F_2X_02.tif,151,G2,
MP_SuzC4.3_B1_2_F_2X_02.tif,172,G3,
MP_SuzC4.3_B1_2_F_2X_03.tif,147,A1,
MP_SuzC4.3_B1_2_F_2X_03.tif,147,A2,
MP_SuzC4.3_B1_2_F_2X_03.tif,169,B1,
MP_SuzC4.3_B1_2_F_2X_03.tif,178,B2,
MP_SuzC4.3_B1_2_F_2X_03.tif,168,B3,
MP_SuzC4.3_B1_2_F_2X_03.tif,159,C1,
MP_SuzC4.3_B1_2_F_2X_03.tif,171,C2,
MP_SuzC4.3_B1_2_F_2X_03.tif,192,C3,
MP_SuzC4.3_B1_2_F_2X_03.tif,174,E1,
MP_SuzC4.3_B1_2_F_2X_03.tif,179,E2,
MP_SuzC4.3_B1_2_F_2X_03.tif,194,F1,
MP_SuzC4.3_B1_2_F_2X_03.tif,169,F2,
MP_SuzC4.3_B1_2_F_2X_03.tif,171,F3,
MP_SuzC4.3_B1_2_F_2X_03.tif,178,G1,
MP_SuzC4.3_B1_2_F_2X_03.tif,151,G2,
MP_SuzC4.3_B1_2_F_2X_03.tif,187,G3,
MP_SuzC4.3_B1_2_F_2X_04.tif,138,A1,
MP_SuzC4.3_B1_2_F_2X_04.tif,145,A2,
MP_SuzC4.3_B1_2_F_2X_04.tif,162,B1,
MP_SuzC4.3_B1_2_F_2X_04.tif,166,B2,
MP_SuzC4.3_B1_2_F_2X_04.tif,171,B3,
MP_SuzC4.3_B1_2_F_2X_04.tif,166,C1,
MP_SuzC4.3_B1_2_F_2X_04.tif,184,C2,
MP_SuzC4.3_B1_2_F_2X_04.tif,189,C3,
MP_SuzC4.3_B1_2_F_2X_04.tif,173,E1,
MP_SuzC4.3_B1_2_F_2X_04.tif,170,E2,
MP_SuzC4.3_B1_2_F_2X_04.tif,181,F1,
MP_SuzC4.3_B1_2_F_2X_04.tif,166,F2,
MP_SuzC4.3_B1_2_F_2X_04.tif,185,F3,
MP_SuzC4.3_B1_2_F_2X_04.tif,167,G1,
MP_SuzC4.3_B1_2_F_2X_04.tif,153,G2,
MP_SuzC4.3_B1_2_F_2X_04.tif,169,G3,
MP_SuzC4.3_B1_2_F_2X_05.tif,150,A1,
MP_SuzC4.3_B1_2_F_2X_05.tif,154,A2,
MP_SuzC4.3_B1_2_F_2X_05.tif,157,B1,
MP_SuzC4.3_B1_2_F_2X_05.tif,164,B2,
MP_SuzC4.3_B1_2_F_2X_05.tif,189,B3,
MP_SuzC4.3_B1_2_F_2X_05.tif,155,C1,
MP_SuzC4.3_B1_2_F_2X_05.tif,170,C2,
MP_SuzC4.3_B1_2_F_2X_05.tif,190,C3,
MP_SuzC4.3_B1_2_F_2X_05.tif,179,E1,
MP_SuzC4.3_B1_2_F_2X_05.tif,180,E2,
MP_SuzC4.3_B1_2_F_2X_05.tif,182,F1,
MP_SuzC4.3_B1_2_F_2X_05.tif,175,F2,
MP_SuzC4.3_B1_2_F_2X_05.tif,183,F3,
MP_SuzC4.3_B1_2_F_2X_05.tif,176,G1,
MP_SuzC4.3_B1_2_F_2X_05.tif,152,G2,
MP_SuzC4.3_B1_2_F_2X_05.tif,177,G3,
MP_SuzC4.3_B1_2_F_2X_06.tif,154,A1,
MP_SuzC4.3_B1_2_F_2X_06.tif,152,A2,
MP_SuzC4.3_B1_2_F_2X_06.tif,164,B1,
MP_SuzC4.3_B1_2_F_2X_06.tif,174,B2,
MP_SuzC4.3_B1_2_F_2X_06.tif,163,B3,
MP_SuzC4.3_B1_2_F_2X_06.tif,163,C1,
MP_SuzC4.3_B1_2_F_2X_06.tif,164,C2,
MP_SuzC4.3_B1_2_F_2X_06.tif,186,C3,
MP_SuzC4.3_B1_2_F_2X_06.tif,172,E1,
MP_SuzC4.3_B1_2_F_2X_06.tif,178,E2,
MP_SuzC4.3_B1_2_F_2X_06.tif,169,F1,
MP_SuzC4.3_B1_2_F_2X_06.tif,171,F2,
MP_SuzC4.3_B1_2_F_2X_06.tif,169,F3,
MP_SuzC4.3_B1_2_F_2X_06.tif,178,G1,
MP_SuzC4.3_B1_2_F_2X_06.tif,149,G2,
MP_SuzC4.3_B1_2_F_2X_06.tif,165,G3,
MP_SuzC4.3_B1_2_F_2X_07.tif,147,A1,
MP_SuzC4.3_B1_2_F_2X_07.tif,152,A2,
MP_SuzC4.3_B1_2_F_2X_07.tif,154,B1,
MP_SuzC4.3_B1_2_F_2X_07.tif,168,B2,
MP_SuzC4.3_B1_2_F_2X_07.tif,178,B3,
MP_SuzC4.3_B1_2_F_2X_07.tif,151,C1,
MP_SuzC4.3_B1_2_F_2X_07.tif,168,C2,
MP_SuzC4.3_B1_2_F_2X_07.tif,173,C3,
MP_SuzC4.3_B1_2_F_2X_07.tif,152,E1,
MP_SuzC4.3_B1_2_F_2X_07.tif,165,E2,
MP_SuzC4.3_B1_2_F_2X_07.tif,177,F1,
MP_SuzC4.3_B1_2_F_2X_07.tif,157,F2,
MP_SuzC4.3_B1_2_F_2X_07.tif,165,F3,
MP_SuzC4.3_B1_2_F_2X_07.tif,173,G1,
MP_SuzC4.3_B1_2_F_2X_07.tif,143,G2,
MP_SuzC4.3_B1_2_F_2X_07.tif,159,G3,
MP_SuzC4.3_B1_2_F_2X_08.tif,146,A1,
MP_SuzC4.3_B1_2_F_2X_08.tif,148,A2,
MP_SuzC4.3_B1_2_F_2X_08.tif,139,B1,
MP_SuzC4.3_B1_2_F_2X_08.tif,158,B2,
MP_SuzC4.3_B1_2_F_2X_08.tif,174,B3,
MP_SuzC4.3_B1_2_F_2X_08.tif,150,C1,
MP_SuzC4.3_B1_2_F_2X_08.tif,170,C2,
MP_SuzC4.3_B1_2_F_2X_08.tif,184,C3,
MP_SuzC4.3_B1_2_F_2X_08.tif,164,E1,
MP_SuzC4.3_B1_2_F_2X_08.tif,171,E2,
MP_SuzC4.3_B1_2_F_2X_08.tif,169,F1,
MP_SuzC4.3_B1_2_F_2X_08.tif,162,F2,
MP_SuzC4.3_B1_2_F_2X_08.tif,172,F3,
MP_SuzC4.3_B1_2_F_2X_08.tif,179,G1,
MP_SuzC4.3_B1_2_F_2X_08.tif,150,G2,
MP_SuzC4.3_B1_2_F_2X_08.tif,158,G3,
MP_SuzC4.3_B1_2_F_2X_09.tif,166,A1,
MP_SuzC4.3_B1_2_F_2X_09.tif,142,A2,
MP_SuzC4.3_B1_2_F_2X_09.tif,158,B1,
MP_SuzC4.3_B1_2_F_2X_09.tif,167,B2,
MP_SuzC4.3_B1_2_F_2X_09.tif,154,B3,
MP_SuzC4.3_B1_2_F_2X_09.tif,156,C1,
MP_SuzC4.3_B1_2_F_2X_09.tif,183,C2,
MP_SuzC4.3_B1_2_F_2X_09.tif,182,C3,
MP_SuzC4.3_B1_2_F_2X_09.tif,175,E1,
MP_SuzC4.3_B1_2_F_2X_09.tif,174,E2,
MP_SuzC4.3_B1_2_F_2X_09.tif,170,F1,
MP_SuzC4.3_B1_2_F_2X_09.tif,182,F2,
MP_SuzC4.3_B1_2_F_2X_09.tif,180,F3,
MP_SuzC4.3_B1_2_F_2X_09.tif,186,G1,
MP_SuzC4.3_B1_2_F_2X_09.tif,147,G2,
MP_SuzC4.3_B1_2_F_2X_09.tif,189,G3,
MP_SuzC4.3_B1_2_F_2X_10.tif,151,A1,
MP_SuzC4.3_B1_2_F_2X_10.tif,153,A2,
MP_SuzC4.3_B1_2_F_2X_10.tif,157,B1,
MP_SuzC4.3_B1_2_F_2X_10.tif,168,B2,
MP_SuzC4.3_B1_2_F_2X_10.tif,193,B3,
MP_SuzC4.3_B1_2_F_2X_10.tif,167,C1,
MP_SuzC4.3_B1_2_F_2X_10.tif,190,C2,
MP_SuzC4.3_B1_2_F_2X_10.tif,209,C3,
MP_SuzC4.3_B1_2_F_2X_10.tif,176,E1,
MP_SuzC4.3_B1_2_F_2X_10.tif,189,E2,
MP_SuzC4.3_B1_2_F_2X_10.tif,202,F1,
MP_SuzC4.3_B1_2_F_2X_10.tif,184,F2,
MP_SuzC4.3_B1_2_F_2X_10.tif,189,F3,
MP_SuzC4.3_B1_2_F_2X_10.tif,184,G1,
MP_SuzC4.3_B1_2_F_2X_10.tif,173,G2,
MP_SuzC4.3_B1_2_F_2X_10.tif,154,G3,
MP_SuzC4.3_B1_2_F_2X_11.tif,145,A1,
MP_SuzC4.3_B1_2_F_2X_11.tif,155,A2,
MP_SuzC4.3_B1_2_F_2X_11.tif,169,B1,
MP_SuzC4.3_B1_2_F_2X_11.tif,162,B2,
MP_SuzC4.3_B1_2_F_2X_11.tif,153,B3,
MP_SuzC4.3_B1_2_F_2X_11.tif,160,C1,
MP_SuzC4.3_B1_2_F_2X_11.tif,157,C2,
MP_SuzC4.3_B1_2_F_2X_11.tif,177,C3,
MP_SuzC4.3_B1_2_F_2X_11.tif,162,E1,
MP_SuzC4.3_B1_2_F_2X_11.tif,171,E2,
MP_SuzC4.3_B1_2_F_2X_11.tif,175,F1,
MP_SuzC4.3_B1_2_F_2X_11.tif,183,F2,
MP_SuzC4.3_B1_2_F_2X_11.tif,188,F3,
MP_SuzC4.3_B1_2_F_2X_11.tif,167,G1,
MP_SuzC4.3_B1_2_F_2X_11.tif,142,G2,
MP_SuzC4.3_B1_2_F_2X_11.tif,152,G3,
MP_SuzC4.3_B1_2_F_2X_12.tif,143,A1,
MP_SuzC4.3_B1_2_F_2X_12.tif,140,A2,
MP_SuzC4.3_B1_2_F_2X_12.tif,156,B1,
MP_SuzC4.3_B1_2_F_2X_12.tif,160,B2,
MP_SuzC4.3_B1_2_F_2X_12.tif,176,B3,
MP_SuzC4.3_B1_2_F_2X_12.tif,166,C1,
MP_SuzC4.3_B1_2_F_2X_12.tif,186,C2,
MP_SuzC4.3_B1_2_F_2X_12.tif,201,C3,
MP_SuzC4.3_B1_2_F_2X_12.tif,170,E1,
MP_SuzC4.3_B1_2_F_2X_12.tif,177,E2,
MP_SuzC4.3_B1_2_F_2X_12.tif,189,F1,
MP_SuzC4.3_B1_2_F_2X_12.tif,204,F2,
MP_SuzC4.3_B1_2_F_2X_12.tif,205,F3,
MP_SuzC4.3_B1_2_F_2X_12.tif,199,G1,
MP_SuzC4.3_B1_2_F_2X_12.tif,170,G2,
MP_SuzC4.3_B1_2_F_2X_12.tif,216,G3,
MP_SuzC4.3_B1_2_F_2X_13.tif,154,A1,
MP_SuzC4.3_B1_2_F_2X_13.tif,164,A2,
MP_SuzC4.3_B1_2_F_2X_13.tif,161,B1,
MP_SuzC4.3_B1_2_F_2X_13.tif,187,B2,
MP_SuzC4.3_B1_2_F_2X_13.tif,218,B3,
MP_SuzC4.3_B1_2_F_2X_13.tif,173,C1,
MP_SuzC4.3_B1_2_F_2X_13.tif,193,C2,
MP_SuzC4.3_B1_2_F_2X_13.tif,225,C3,
MP_SuzC4.3_B1_2_F_2X_13.tif,189,E1,
MP_SuzC4.3_B1_2_F_2X_13.tif,182,E2,
MP_SuzC4.3_B1_2_F_2X_13.tif,183,F1,
MP_SuzC4.3_B1_2_F_2X_13.tif,195,F2,
MP_SuzC4.3_B1_2_F_2X_13.tif,203,F3,
MP_SuzC4.3_B1_2_F_2X_13.tif,180,G1,
MP_SuzC4.3_B1_2_F_2X_13.tif,167,G2,
MP_SuzC4.3_B1_2_F_2X_13.tif,167,G3,
MP_SuzC4.3_B1_2_F_2X_14.tif,155,A1,
MP_SuzC4.3_B1_2_F_2X_14.tif,147,A2,
MP_SuzC4.3_B1_2_F_2X_14.tif,155,B1,
MP_SuzC4.3_B1_2_F_2X_14.tif,166,B2,
MP_SuzC4.3_B1_2_F_2X_14.tif,175,B3,
MP_SuzC4.3_B1_2_F_2X_14.tif,162,C1,
MP_SuzC4.3_B1_2_F_2X_14.tif,190,C2,
MP_SuzC4.3_B1_2_F_2X_14.tif,181,C3,
MP_SuzC4.3_B1_2_F_2X_14.tif,171,E1,
MP_SuzC4.3_B1_2_F_2X_14.tif,175,E2,
MP_SuzC4.3_B1_2_F_2X_14.tif,183,F1,
MP_SuzC4.3_B1_2_F_2X_14.tif,188,F2,
MP_SuzC4.3_B1_2_F_2X_14.tif,189,F3,
MP_SuzC4.3_B1_2_F_2X_14.tif,189,G1,
MP_SuzC4.3_B1_2_F_2X_14.tif,160,G2,
MP_SuzC4.3_B1_2_F_2X_14.tif,189,G3,
MP_SuzC4.3_B1_2_F_2X_15.tif,144,A1,
MP_SuzC4.3_B1_2_F_2X_15.tif,150,A2,
MP_SuzC4.3_B1_2_F_2X_15.tif,170,B1,
MP_SuzC4.3_B1_2_F_2X_15.tif,184,B2,
MP_SuzC4.3_B1_2_F_2X_15.tif,193,B3,
MP_SuzC4.3_B1_2_F_2X_15.tif,169,C1,
MP_SuzC4.3_B1_2_F_2X_15.tif,187,C2,
MP_SuzC4.3_B1_2_F_2X_15.tif,193,C3,
MP_SuzC4.3_B1_2_F_2X_15.tif,171,E1,
MP_SuzC4.3_B1_2_F_2X_15.tif,173,E2,
MP_SuzC4.3_B1_2_F_2X_15.tif,208,F1,
MP_SuzC4.3_B1_2_F_2X_15.tif,202,F2,
MP_SuzC4.3_B1_2_F_2X_15.tif,186,F3,
MP_SuzC4.3_B1_2_F_2X_15.tif,203,G1,
MP_SuzC4.3_B1_2_F_2X_15.tif,164,G2,
MP_SuzC4.3_B1_2_F_2X_15.tif,197,G3,
MP_SuzC4.3_B1_2_F_2X_16.tif,140,A1,
MP_SuzC4.3_B1_2_F_2X_16.tif,158,A2,
MP_SuzC4.3_B1_2_F_2X_16.tif,168,B1,
MP_SuzC4.3_B1_2_F_2X_16.tif,188,B2,
MP_SuzC4.3_B1_2_F_2X_16.tif,198,B3,
MP_SuzC4.3_B1_2_F_2X_16.tif,165,C1,
MP_SuzC4.3_B1_2_F_2X_16.tif,196,C2,
MP_SuzC4.3_B1_2_F_2X_16.tif,229,C3,
MP_SuzC4.3_B1_2_F_2X_16.tif,152,E1,
MP_SuzC4.3_B1_2_F_2X_16.tif,172,E2,
MP_SuzC4.3_B1_2_F_2X_16.tif,191,F1,
MP_SuzC4.3_B1_2_F_2X_16.tif,192,F2,
MP_SuzC4.3_B1_2_F_2X_16.tif,201,F3,
MP_SuzC4.3_B1_2_F_2X_16.tif,162,G1,
MP_SuzC4.3_B1_2_F_2X_16.tif,151,G2,
MP_SuzC4.3_B1_2_F_2X_16.tif,179,G3,
MP_SuzC4.3_B1_2_F_2X_17.tif,162,A1,
MP_SuzC4.3_B1_2_F_2X_17.tif,152,A2,
MP_SuzC4.3_B1_2_F_2X_17.tif,177,B1,
MP_SuzC4.3_B1_2_F_2X_17.tif,185,B2,
MP_SuzC4.3_B1_2_F_2X_17.tif,201,B3,
MP_SuzC4.3_B1_2_F_2X_17.tif,162,C1,
MP_SuzC4.3_B1_2_F_2X_17.tif,196,C2,
MP_SuzC4.3_B1_2_F_2X_17.tif,223,C3,
MP_SuzC4.3_B1_2_F_2X_17.tif,165,E1,
MP_SuzC4.3_B1_2_F_2X_17.tif,191,E2,
MP_SuzC4.3_B1_2_F_2X_17.tif,192,F1,
MP_SuzC4.3_B1_2_F_2X_17.tif,200,F2,
MP_SuzC4.3_B1_2_F_2X_17.tif,209,F3,
MP_SuzC4.3_B1_2_F_2X_17.tif,202,G1,
MP_SuzC4.3_B1_2_F_2X_17.tif,165,G2,
MP_SuzC4.3_B1_2_F_2X_17.tif,185,G3,
MP_SuzC4.3_B1_2_F_2X_18.tif,164,A1,
MP_SuzC4.3_B1_2_F_2X_18.tif,151,A2,
MP_SuzC4.3_B1_2_F_2X_18.tif,164,B1,
MP_SuzC4.3_B1_2_F_2X_18.tif,163,B2,
MP_SuzC4.3_B1_2_F_2X_18.tif,155,B3,
MP_SuzC4.3_B1_2_F_2X_18.tif,151,C1,
MP_SuzC4.3_B1_2_F_2X_18.tif,165,C2,
MP_SuzC4.3_B1_2_F_2X_18.tif,186,C3,
MP_SuzC4.3_B1_2_F_2X_18.tif,171,E1,
MP_SuzC4.3_B1_2_F_2X_18.tif,167,E2,
MP_SuzC4.3_B1_2_F_2X_18.tif,186,F1,
MP_SuzC4.3_B1_2_F_2X_18.tif,164,F2,
MP_SuzC4.3_B1_2_F_2X_18.tif,180,F3,
MP_SuzC4.3_B1_2_F_2X_18.tif,174,G1,
MP_SuzC4.3_B1_2_F_2X_18.tif,156,G2,
MP_SuzC4.3_B1_2_F_2X_18.tif,169,G3,
MP_SuzC4.3_B1_2_F_2X_19.tif,6,A1,blurry
MP_SuzC4.3_B1_2_F_2X_19.tif,5,A2,blurry
MP_SuzC4.3_B1_2_F_2X_19.tif,3,B1,blurry
MP_SuzC4.3_B1_2_F_2X_19.tif,0,B2,blurry
MP_SuzC4.3_B1_2_F_2X_19.tif,0,B3,blurry
MP_SuzC4.3_B1_2_F_2X_19.tif,4,C1,blurry
MP_SuzC4.3_B1_2_F_2X_19.tif,2,C2,blurry
MP_SuzC4.3_B1_2_F_2X_19.tif,0,C3,blurry
MP_SuzC4.3_B1_2_F_2X_19.tif,2,E1,blurry
MP_SuzC4.3_B1_2_F_2X_19.tif,0,E2,blurry
MP_SuzC4.3_B1_2_F_2X_19.tif,2,F1,blurry
MP_SuzC4.3_B1_2_F_2X_19.tif,0,F2,blurry
MP_SuzC4.3_B1_2_F_2X_19.tif,0,F3,blurry
MP_SuzC4.3_B1_2_F_2X_19.tif,1,G1,blurry
MP_SuzC4.3_B1_2_F_2X_19.tif,3,G2,blurry
MP_SuzC4.3_B1_2_F_2X_19.tif,0,G3,blurry
MP_SuzC4.3_B1_2_F_2X_20.tif,144,A1,
MP_SuzC4.3_B1_2_F_2X_20.tif,142,A2,
MP_SuzC4.3_B1_2_F_2X_20.tif,157,B1,
MP_SuzC4.3_B1_2_F_2X_20.tif,145,B2,
MP_SuzC4.3_B1_2_F_2X_20.tif,133,B3,
MP_SuzC4.3_B1_2_F_2X_20.tif,153,C1,
MP_SuzC4.3_B1_2_F_2X_20.tif,177,C2,
MP_SuzC4.3_B1_2_F_2X_20.tif,157,C3,
MP_SuzC4.3_B1_2_F_2X_20.tif,166,E1,
MP_SuzC4.3_B1_2_F_2X_20.tif,163,E2,
MP_SuzC4.3_B1_2_F_2X_20.tif,173,F1,
MP_SuzC4.3_B1_2_F_2X_20.tif,170,F2,
MP_SuzC4.3_B1_2_F_2X_20.tif,148,F3,
MP_SuzC4.3_B1_2_F_2X_20.tif,188,G1,
MP_SuzC4.3_B1_2_F_2X_20.tif,153,G2,
MP_SuzC4.3_B1_2_F_2X_20.tif,160,G3,
MP_SuzC4.3_B1_2_F_2X_21.tif,148,A1,
MP_SuzC4.3_B1_2_F_2X_21.tif,153,A2,
MP_SuzC4.3_B1_2_F_2X_21.tif,158,B1,
MP_SuzC4.3_B1_2_F_2X_21.tif,166,B2,
MP_SuzC4.3_B1_2_F_2X_21.tif,186,B3,
MP_SuzC4.3_B1_2_F_2X_21.tif,165,C1,
MP_SuzC4.3_B1_2_F_2X_21.tif,159,C2,
MP_SuzC4.3_B1_2_F_2X_21.tif,183,C3,
MP_SuzC4.3_B1_2_F_2X_21.tif,172,E1,
MP_SuzC4.3_B1_2_F_2X_21.tif,177,E2,
MP_SuzC4.3_B1_2_F_2X_21.tif,176,F1,
MP_SuzC4.3_B1_2_F_2X_21.tif,183,F2,
MP_SuzC4.3_B1_2_F_2X_21.tif,177,F3,
MP_SuzC4.3_B1_2_F_2X_21.tif,176,G1,
MP_SuzC4.3_B1_2_F_2X_21.tif,132,G2,
MP_SuzC4.3_B1_2_F_2X_21.tif,163,G3,
MP_SuzC4.3_B1_2_F_2X_22.tif,144,A1,
MP_SuzC4.3_B1_2_F_2X_22.tif,140,A2,
MP_SuzC4.3_B1_2_F_2X_22.tif,172,B1,
MP_SuzC4.3_B1_2_F_2X_22.tif,157,B2,
MP_SuzC4.3_B1_2_F_2X_22.tif,168,B3,
MP_SuzC4.3_B1_2_F_2X_22.tif,152,C1,
MP_SuzC4.3_B1_2_F_2X_22.tif,173,C2,
MP_SuzC4.3_B1_2_F_2X_22.tif,179,C3,
MP_SuzC4.3_B1_2_F_2X_22.tif,169,E1,
MP_SuzC4.3_B1_2_F_2X_22.tif,165,E2,
MP_SuzC4.3_B1_2_F_2X_22.tif,174,F1,
MP_SuzC4.3_B1_2_F_2X_22.tif,167,F2,
MP_SuzC4.3_B1_2_F_2X_22.tif,172,F3,
MP_SuzC4.3_B1_2_F_2X_22.tif,180,G1,
MP_SuzC4.3_B1_2_F_2X_22.tif,162,G2,
MP_SuzC4.3_B1_2_F_2X_22.tif,155,G3,
MP_SuzC4.3_B1_2_F_2X_23.tif,164,A1,
MP_SuzC4.3_B1_2_F_2X_23.tif,152,A2,
MP_SuzC4.3_B1_2_F_2X_23.tif,162,B1,
MP_SuzC4.3_B1_2_F_2X_23.tif,161,B2,
MP_SuzC4.3_B1_2_F_2X_23.tif,174,B3,
MP_SuzC4.3_B1_2_F_2X_23.tif,165,C1,
MP_SuzC4.3_B1_2_F_2X_23.tif,156,C2,
MP_SuzC4.3_B1_2_F_2X_23.tif,175,C3,
MP_SuzC4.3_B1_2_F_2X_23.tif,163,E1,
MP_SuzC4.3_B1_2_F_2X_23.tif,168,E2,
MP_SuzC4.3_B1_2_F_2X_23.tif,182,F1,
MP_SuzC4.3_B1_2_F_2X_23.tif,172,F2,
MP_SuzC4.3_B1_2_F_2X_23.tif,180,F3,
MP_SuzC4.3_B1_2_F_2X_23.tif,173,G1,
MP_SuzC4.3_B1_2_F_2X_23.tif,146,G2,
MP_SuzC4.3_B1_2_F_2X_23.tif,179,G3,
MP_SuzC4.3_B1_2_F_2X_24.tif,150,A1,
MP_SuzC4.3_B1_2_F_2X_24.tif,150,A2,
MP_SuzC4.3_B1_2_F_2X_24.tif,164,B1,
MP_SuzC4.3_B1_2_F_2X_24.tif,157,B2,
MP_SuzC4.3_B1_2_F_2X_24.tif,191,B3,
MP_SuzC4.3_B1_2_F_2X_24.tif,166,C1,
MP_SuzC4.3_B1_2_F_2X_24.tif,175,C2,
MP_SuzC4.3_B1_2_F_2X_24.tif,184,C3,
MP_SuzC4.3_B1_2_F_2X_24.tif,166,E1,
MP_SuzC4.3_B1_2_F_2X_24.tif,179,E2,
MP_SuzC4.3_B1_2_F_2X_24.tif,182,F1,
MP_SuzC4.3_B1_2_F_2X_24.tif,171,F2,
MP_SuzC4.3_B1_2_F_2X_24.tif,168,F3,
MP_SuzC4.3_B1_2_F_2X_24.tif,184,G1,
MP_SuzC4.3_B1_2_F_2X_24.tif,155,G2,
MP_SuzC4.3_B1_2_F_2X_24.tif,173,G3,
MP_SuzC4.3_B1_2_F_2X_25.tif,141,A1,
MP_SuzC4.3_B1_2_F_2X_25.tif,161,A2,
MP_SuzC4.3_B1_2_F_2X_25.tif,164,B1,
MP_SuzC4.3_B1_2_F_2X_25.tif,170,B2,
MP_SuzC4.3_B1_2_F_2X_25.tif,171,B3,
MP_SuzC4.3_B1_2_F_2X_25.tif,160,C1,
MP_SuzC4.3_B1_2_F_2X_25.tif,171,C2,
MP_SuzC4.3_B1_2_F_2X_25.tif,183,C3,
MP_SuzC4.3_B1_2_F_2X_25.tif,174,E1,
MP_SuzC4.3_B1_2_F_2X_25.tif,171,E2,
MP_SuzC4.3_B1_2_F_2X_25.tif,177,F1,
MP_SuzC4.3_B1_2_F_2X_25.tif,184,F2,
MP_SuzC4.3_B1_2_F_2X_25.tif,198,F3,
MP_SuzC4.3_B1_2_F_2X_25.tif,187,G1,
MP_SuzC4.3_B1_2_F_2X_25.tif,141,G2,
MP_SuzC4.3_B1_2_F_2X_25.tif,170,G3,
MP_SuzC4.3_B1_2_F_2X_26.tif,142,A1,
MP_SuzC4.3_B1_2_F_2X_26.tif,141,A2,
MP_SuzC4.3_B1_2_F_2X_26.tif,165,B1,
MP_SuzC4.3_B1_2_F_2X_26.tif,171,B2,
MP_SuzC4.3_B1_2_F_2X_26.tif,178,B3,
MP_SuzC4.3_B1_2_F_2X_26.tif,150,C1,
MP_SuzC4.3_B1_2_F_2X_26.tif,165,C2,
MP_SuzC4.3_B1_2_F_2X_26.tif,190,C3,
MP_SuzC4.3_B1_2_F_2X_26.tif,146,E1,
MP_SuzC4.3_B1_2_F_2X_26.tif,139,E2,
MP_SuzC4.3_B1_2_F_2X_26.tif,158,F1,
MP_SuzC4.3_B1_2_F_2X_26.tif,154,F2,
MP_SuzC4.3_B1_2_F_2X_26.tif,157,F3,
MP_SuzC4.3_B1_2_F_2X_26.tif,155,G1,
MP_SuzC4.3_B1_2_F_2X_26.tif,150,G2,
MP_SuzC4.3_B1_2_F_2X_26.tif,166,G3,
MP_SuzC4.3_B1_2_F_2X_27.tif,144,A1,
MP_SuzC4.3_B1_2_F_2X_27.tif,153,A2,
MP_SuzC4.3_B1_2_F_2X_27.tif,164,B1,
MP_SuzC4.3_B1_2_F_2X_27.tif,174,B2,
MP_SuzC4.3_B1_2_F_2X_27.tif,185,B3,
MP_SuzC4.3_B1_2_F_2X_27.tif,143,C1,
MP_SuzC4.3_B1_2_F_2X_27.tif,181,C2,
MP_SuzC4.3_B1_2_F_2X_27.tif,191,C3,
MP_SuzC4.3_B1_2_F_2X_27.tif,175,E1,
MP_SuzC4.3_B1_2_F_2X_27.tif,175,E2,
MP_SuzC4.3_B1_2_F_2X_27.tif,188,F1,
MP_SuzC4.3_B1_2_F_2X_27.tif,186,F2,
MP_SuzC4.3_B1_2_F_2X_27.tif,181,F3,
MP_SuzC4.3_B1_2_F_2X_27.tif,167,G1,
MP_SuzC4.3_B1_2_F_2X_27.tif,154,G2,
MP_SuzC4.3_B1_2_F_2X_27.tif,154,G3,
MP_SuzC4.3_B1_2_F_2X_28.tif,149,A1,
MP_SuzC4.3_B1_2_F_2X_28.tif,157,A2,
MP_SuzC4.3_B1_2_F_2X_28.tif,153,B1,
MP_SuzC4.3_B1_2_F_2X_28.tif,172,B2,
MP_SuzC4.3_B1_2_F_2X_28.tif,174,B3,
MP_SuzC4.3_B1_2_F_2X_28.tif,163,C1,
MP_SuzC4.3_B1_2_F_2X_28.tif,161,C2,
MP_SuzC4.3_B1_2_F_2X_28.tif,180,C3,
MP_SuzC4.3_B1_2_F_2X_28.tif,168,E1,
MP_SuzC4.3_B1_2_F_2X_28.tif,178,E2,
MP_SuzC4.3_B1_2_F_2X_28.tif,161,F1,
MP_SuzC4.3_B1_2_F_2X_28.tif,169,F2,
MP_SuzC4.3_B1_2_F_2X_28.tif,186,F3,
MP_SuzC4.3_B1_2_F_2X_28.tif,175,G1,
MP_SuzC4.3_B1_2_F_2X_28.tif,149,G2,
MP_SuzC4.3_B1_2_F_2X_28.tif,180,G3,
MP_SuzC4.3_B1_2_F_2X_29.tif,139,A1,
MP_SuzC4.3_B1_2_F_2X_29.tif,135,A2,
MP_SuzC4.3_B1_2_F_2X_29.tif,146,B1,
MP_SuzC4.3_B1_2_F_2X_29.tif,161,B2,
MP_SuzC4.3_B1_2_F_2X_29.tif,166,B3,
MP_SuzC4.3_B1_2_F_2X_29.tif,156,C1,
MP_SuzC4.3_B1_2_F_2X_29.tif,153,C2,
MP_SuzC4.3_B1_2_F_2X_29.tif,187,C3,
MP_SuzC4.3_B1_2_F_2X_29.tif,161,E1,
MP_SuzC4.3_B1_2_F_2X_29.tif,152,E2,
MP_SuzC4.3_B1_2_F_2X_29.tif,149,F1,
MP_SuzC4.3_B1_2_F_2X_29.tif,146,F2,
MP_SuzC4.3_B1_2_F_2X_29.tif,154,F3,
MP_SuzC4.3_B1_2_F_2X_29.tif,172,G1,
MP_SuzC4.3_B1_2_F_2X_29.tif,151,G2,
MP_SuzC4.3_B1_2_F_2X_29.tif,154,G3,
MP_SuzC4.3_B1_2_F_2X_30.tif,153,A1,
MP_SuzC4.3_B1_2_F_2X_30.tif,151,A2,
MP_SuzC4.3_B1_2_F_2X_30.tif,165,B1,
MP_SuzC4.3_B1_2_F_2X_30.tif,157,B2,
MP_SuzC4.3_B1_2_F_2X_30.tif,168,B3,
MP_SuzC4.3_B1_2_F_2X_30.tif,148,C1,
MP_SuzC4.3_B1_2_F_2X_30.tif,165,C2,
MP_SuzC4.3_B1_2_F_2X_30.tif,180,C3,
MP_SuzC4.3_B1_2_F_2X_30.tif,158,E1,
MP_SuzC4.3_B1_2_F_2X_30.tif,163,E2,
MP_SuzC4.3_B1_2_F_2X_30.tif,180,F1,
MP_SuzC4.3_B1_2_F_2X_30.tif,157,F2,
MP_SuzC4.3_B1_2_F_2X_30.tif,174,F3,
MP_SuzC4.3_B1_2_F_2X_30.tif,169,G1,
MP_SuzC4.3_B1_2_F_2X_30.tif,133,G2,
MP_SuzC4.3_B1_2_F_2X_30.tif,169,G3,
MP_SuzC4.3_B1_2_M__01.tif,191,A1,brown spots
MP_SuzC4.3_B1_2_M__01.tif,179,A2,brown spots
MP_SuzC4.3_B1_2_M__01.tif,191,B1,brown spots
MP_SuzC4.3_B1_2_M__01.tif,196,B2,brown spots
MP_SuzC4.3_B1_2_M__01.tif,147,B3,brown spots
MP_SuzC4.3_B1_2_M__01.tif,201,C1,brown spots
MP_SuzC4.3_B1_2_M__01.tif,199,C2,brown spots
MP_SuzC4.3_B1_2_M__01.tif,141,C3,brown spots
MP_SuzC4.3_B1_2_M__01.tif,154,E1,brown spots
MP_SuzC4.3_B1_2_M__01.tif,210,E2,brown spots
MP_SuzC4.3_B1_2_M__01.tif,205,F1,brown spots
MP_SuzC4.3_B1_2_M__01.tif,173,F2,brown spots
MP_SuzC4.3_B1_2_M__01.tif,153,F3,brown spots
MP_SuzC4.3_B1_2_M__01.tif,95,G1,brown spots
MP_SuzC4.3_B1_2_M__01.tif,120,G2,brown spots
MP_SuzC4.3_B1_2_M__01.tif,79,G3,brown spots
MP_SuzC4.3_B1_2_M__02.tif,91,A1,brown spots
MP_SuzC4.3_B1_2_M__02.tif,133,A2,brown spots
MP_SuzC4.3_B1_2_M__02.tif,105,B1,brown spots
MP_SuzC4.3_B1_2_M__02.tif,138,B2,brown spots
MP_SuzC4.3_B1_2_M__02.tif,126,B3,brown spots
MP_SuzC4.3_B1_2_M__02.tif,121,C1,brown spots
MP_SuzC4.3_B1_2_M__02.tif,133,C2,brown spots
MP_SuzC4.3_B1_2_M__02.tif,109,C3,brown spots
MP_SuzC4.3_B1_2_M__02.tif,121,E1,brown spots
MP_SuzC4.3_B1_2_M__02.tif,172,E2,brown spots
MP_SuzC4.3_B1_2_M__02.tif,138,F1,brown spots
MP_SuzC4.3_B1_2_M__02.tif,116,F2,brown spots
MP_SuzC4.3_B1_2_M__02.tif,140,F3,brown spots
MP_SuzC4.3_B1_2_M__02.tif,103,G1,brown spots
MP_SuzC4.3_B1_2_M__02.tif,152,G2,brown spots
MP_SuzC4.3_B1_2_M__02.tif,144,G3,brown spots
MP_SuzC4.3_B1_2_M__03.tif,172,A1,brown spots
MP_SuzC4.3_B1_2_M__03.tif,167,A2,brown spots
MP_SuzC4.3_B1_2_M__03.tif,173,B1,brown spots
MP_SuzC4.3_B1_2_M__03.tif,153,B2,brown spots
MP_SuzC4.3_B1_2_M__03.tif,148,B3,brown spots
MP_SuzC4.3_B1_2_M__03.tif,152,C1,brown spots
MP_SuzC4.3_B1_2_M__03.tif,152,C2,brown spots
MP_SuzC4.3_B1_2_M__03.tif,134,C3,brown spots
MP_SuzC4.3_B1_2_M__03.tif,186,E1,brown spots
MP_SuzC4.3_B1_2_M__03.tif,144,E2,brown spots
MP_SuzC4.3_B1_2_M__03.tif,145,F1,brown spots
MP_SuzC4.3_B1_2_M__03.tif,191,F2,brown spots
MP_SuzC4.3_B1_2_M__03.tif,133,F3,brown spots
MP_SuzC4.3_B1_2_M__03.tif,162,G1,brown spots
MP_SuzC4.3_B1_2_M__03.tif,180,G2,brown spots
MP_SuzC4.3_B1_2_M__03.tif,179,G3,brown spots
MP_SuzC4.3_B1_2_M__04.tif,106,A1,
MP_SuzC4.3_B1_2_M__04.tif,53,A2,
MP_SuzC4.3_B1_2_M__04.tif,80,B1,
MP_SuzC4.3_B1_2_M__04.tif,72,B2,
MP_SuzC4.3_B1_2_M__04.tif,101,B3,
MP_SuzC4.3_B1_2_M__04.tif,69,C1,
MP_SuzC4.3_B1_2_M__04.tif,87,C2,
MP_SuzC4.3_B1_2_M__04.tif,107,C3,
MP_SuzC4.3_B1_2_M__04.tif,126,E1,brown spots
MP_SuzC4.3_B1_2_M__04.tif,95,E2,
MP_SuzC4.3_B1_2_M__04.tif,90,F1,
MP_SuzC4.3_B1_2_M__04.tif,85,F2,
MP_SuzC4.3_B1_2_M__04.tif,113,F3,
MP_SuzC4.3_B1_2_M__04.tif,136,G1,brown spots
MP_SuzC4.3_B1_2_M__04.tif,96,G2,brown spots
MP_SuzC4.3_B1_2_M__04.tif,92,G3,
MP_SuzC4.3_B1_2_M__05.tif,60,A1,
MP_SuzC4.3_B1_2_M__05.tif,60,A2,
MP_SuzC4.3_B1_2_M__05.tif,71,B1,
MP_SuzC4.3_B1_2_M__05.tif,73,B2,
MP_SuzC4.3_B1_2_M__05.tif,96,B3,
MP_SuzC4.3_B1_2_M__05.tif,56,C1,
MP_SuzC4.3_B1_2_M__05.tif,82,C2,
MP_SuzC4.3_B1_2_M__05.tif,103,C3,
MP_SuzC4.3_B1_2_M__05.tif,69,E1,
MP_SuzC4.3_B1_2_M__05.tif,64,E2,
MP_SuzC4.3_B1_2_M__05.tif,85,F1,
MP_SuzC4.3_B1_2_M__05.tif,87,F2,
MP_SuzC4.3_B1_2_M__05.tif,107,F3,
MP_SuzC4.3_B1_2_M__05.tif,114,G1,
MP_SuzC4.3_B1_2_M__05.tif,63,G2,
MP_SuzC4.3_B1_2_M__05.tif,107,G3,
MP_SuzC4.3_B1_2_M__06.tif,54,A1,
MP_SuzC4.3_B1_2_M__06.tif,55,A2,
MP_SuzC4.3_B1_2_M__06.tif,66,B1,
MP_SuzC4.3_B1_2_M__06.tif,66,B2,
MP_SuzC4.3_B1_2_M__06.tif,92,B3,
MP_SuzC4.3_B1_2_M__06.tif,66,C1,
MP_SuzC4.3_B1_2_M__06.tif,79,C2,
MP_SuzC4.3_B1_2_M__06.tif,109,C3,
MP_SuzC4.3_B1_2_M__06.tif,79,E1,
MP_SuzC4.3_B1_2_M__06.tif,80,E2,
MP_SuzC4.3_B1_2_M__06.tif,89,F1,
MP_SuzC4.3_B1_2_M__06.tif,90,F2,
MP_SuzC4.3_B1_2_M__06.tif,110,F3,
MP_SuzC4.3_B1_2_M__06.tif,126,G1,
MP_SuzC4.3_B1_2_M__06.tif,50,G2,
MP_SuzC4.3_B1_2_M__06.tif,103,G3,
MP_SuzC4.3_B1_2_M__07.tif,53,A1,
MP_SuzC4.3_B1_2_M__07.tif,58,A2,
MP_SuzC4.3_B1_2_M__07.tif,64,B1,
MP_SuzC4.3_B1_2_M__07.tif,71,B2,
MP_SuzC4.3_B1_2_M__07.tif,91,B3,
MP_SuzC4.3_B1_2_M__07.tif,50,C1,
MP_SuzC4.3_B1_2_M__07.tif,75,C2,
MP_SuzC4.3_B1_2_M__07.tif,97,C3,
MP_SuzC4.3_B1_2_M__07.tif,75,E1,
MP_SuzC4.3_B1_2_M__07.tif,88,E2,
MP_SuzC4.3_B1_2_M__07.tif,81,F1,
MP_SuzC4.3_B1_2_M__07.tif,73,F2,
MP_SuzC4.3_B1_2_M__07.tif,107,F3,
MP_SuzC4.3_B1_2_M__07.tif,98,G1,
MP_SuzC4.3_B1_2_M__07.tif,61,G2,
MP_SuzC4.3_B1_2_M__07.tif,120,G3,
MP_SuzC4.3_B1_2_M__08.tif,57,A1,
MP_SuzC4.3_B1_2_M__08.tif,58,A2,
MP_SuzC4.3_B1_2_M__08.tif,59,B1,
MP_SuzC4.3_B1_2_M__08.tif,79,B2,
MP_SuzC4.3_B1_2_M__08.tif,73,B3,
MP_SuzC4.3_B1_2_M__08.tif,69,C1,
MP_SuzC4.3_B1_2_M__08.tif,84,C2,
MP_SuzC4.3_B1_2_M__08.tif,98,C3,
MP_SuzC4.3_B1_2_M__08.tif,72,E1,
MP_SuzC4.3_B1_2_M__08.tif,80,E2,
MP_SuzC4.3_B1_2_M__08.tif,79,F1,
MP_SuzC4.3_B1_2_M__08.tif,94,F2,
MP_SuzC4.3_B1_2_M__08.tif,102,F3,
MP_SuzC4.3_B1_2_M__08.tif,94,G1,
MP_SuzC4.3_B1_2_M__08.tif,59,G2,
MP_SuzC4.3_B1_2_M__08.tif,103,G3,
MP_SuzC4.3_B1_2_M__09.tif,58,A1,
MP_SuzC4.3_B1_2_M__09.tif,58,A2,
MP_SuzC4.3_B1_2_M__09.tif,66,B1,
MP_SuzC4.3_B1_2_M__09.tif,74,B2,
MP_SuzC4.3_B1_2_M__09.tif,105,B3,
MP_SuzC4.3_B1_2_M__09.tif,61,C1,
MP_SuzC4.3_B1_2_M__09.tif,80,C2,
MP_SuzC4.3_B1_2_M__09.tif,105,C3,
MP_SuzC4.3_B1_2_M__09.tif,82,E1,
MP_SuzC4.3_B1_2_M__09.tif,85,E2,
MP_SuzC4.3_B1_2_M__09.tif,90,F1,
MP_SuzC4.3_B1_2_M__09.tif,86,F2,
MP_SuzC4.3_B1_2_M__09.tif,114,F3,
MP_SuzC4.3_B1_2_M__09.tif,105,G1,
MP_SuzC4.3_B1_2_M__09.tif,74,G2,
MP_SuzC4.3_B1_2_M__09.tif,114,G3,
MP_SuzC4.3_B1_2_M__10.tif,58,A1,
MP_SuzC4.3_B1_2_M__10.tif,61,A2,
MP_SuzC4.3_B1_2_M__10.tif,67,B1,
MP_SuzC4.3_B1_2_M__10.tif,67,B2,
MP_SuzC4.3_B1_2_M__10.tif,91,B3,
MP_SuzC4.3_B1_2_M__10.tif,63,C1,
MP_SuzC4.3_B1_2_M__10.tif,80,C2,
MP_SuzC4.3_B1_2_M__10.tif,111,C3,
MP_SuzC4.3_B1_2_M__10.tif,73,E1,
MP_SuzC4.3_B1_2_M__10.tif,75,E2,
MP_SuzC4.3_B1_2_M__10.tif,67,F1,
MP_SuzC4.3_B1_2_M__10.tif,86,F2,
MP_SuzC4.3_B1_2_M__10.tif,96,F3,
MP_SuzC4.3_B1_2_M__10.tif,109,G1,
MP_SuzC4.3_B1_2_M__10.tif,65,G2,
MP_SuzC4.3_B1_2_M__10.tif,101,G3,
MP_SuzC4.3_B1_2_M__11.tif,46,A1,
MP_SuzC4.3_B1_2_M__11.tif,52,A2,
MP_SuzC4.3_B1_2_M__11.tif,67,B1,
MP_SuzC4.3_B1_2_M__11.tif,57,B2,
MP_SuzC4.3_B1_2_M__11.tif,84,B3,
MP_SuzC4.3_B1_2_M__11.tif,48,C1,
MP_SuzC4.3_B1_2_M__11.tif,68,C2,
MP_SuzC4.3_B1_2_M__11.tif,86,C3,
MP_SuzC4.3_B1_2_M__11.tif,80,E1,
MP_SuzC4.3_B1_2_M__11.tif,85,E2,
MP_SuzC4.3_B1_2_M__11.tif,77,F1,
MP_SuzC4.3_B1_2_M__11.tif,76,F2,
MP_SuzC4.3_B1_2_M__11.tif,91,F3,
MP_SuzC4.3_B1_2_M__11.tif,89,G1,
MP_SuzC4.3_B1_2_M__11.tif,69,G2,
MP_SuzC4.3_B1_2_M__11.tif,97,G3,
MP_SuzC4.3_B1_2_M__12.tif,60,A1,
MP_SuzC4.3_B1_2_M__12.tif,53,A2,
MP_SuzC4.3_B1_2_M__12.tif,59,B1,
MP_SuzC4.3_B1_2_M__12.tif,63,B2,
MP_SuzC4.3_B1_2_M__12.tif,85,B3,
MP_SuzC4.3_B1_2_M__12.tif,50,C1,
MP_SuzC4.3_B1_2_M__12.tif,59,C2,
MP_SuzC4.3_B1_2_M__12.tif,81,C3,
MP_SuzC4.3_B1_2_M__12.tif,77,E1,
MP_SuzC4.3_B1_2_M__12.tif,75,E2,
MP_SuzC4.3_B1_2_M__12.tif,71,F1,
MP_SuzC4.3_B1_2_M__12.tif,89,F2,
MP_SuzC4.3_B1_2_M__12.tif,102,F3,
MP_SuzC4.3_B1_2_M__12.tif,81,G1,
MP_SuzC4.3_B1_2_M__12.tif,55,G2,
MP_SuzC4.3_B1_2_M__12.tif,104,G3,
MP_SuzC4.3_B1_2_M__13.tif,60,A1,
MP_SuzC4.3_B1_2_M__13.tif,57,A2,
MP_SuzC4.3_B1_2_M__13.tif,67,B1,
MP_SuzC4.3_B1_2_M__13.tif,62,B2,
MP_SuzC4.3_B1_2_M__13.tif,89,B3,
MP_SuzC4.3_B1_2_M__13.tif,60,C1,
MP_SuzC4.3_B1_2_M__13.tif,76,C2,
MP_SuzC4.3_B1_2_M__13.tif,86,C3,
MP_SuzC4.3_B1_2_M__13.tif,81,E1,
MP_SuzC4.3_B1_2_M__13.tif,85,E2,
MP_SuzC4.3_B1_2_M__13.tif,80,F1,
MP_SuzC4.3_B1_2_M__13.tif,86,F2,
MP_SuzC4.3_B1_2_M__13.tif,98,F3,
MP_SuzC4.3_B1_2_M__13.tif,80,G1,
MP_SuzC4.3_B1_2_M__13.tif,66,G2,
MP_SuzC4.3_B1_2_M__13.tif,98,G3,
MP_SuzC4.3_B1_2_M__14.tif,57,A1,
MP_SuzC4.3_B1_2_M__14.tif,51,A2,
MP_SuzC4.3_B1_2_M__14.tif,67,B1,
MP_SuzC4.3_B1_2_M__14.tif,60,B2,
MP_SuzC4.3_B1_2_M__14.tif,93,B3,
MP_SuzC4.3_B1_2_M__14.tif,57,C1,
MP_SuzC4.3_B1_2_M__14.tif,79,C2,
MP_SuzC4.3_B1_2_M__14.tif,86,C3,
MP_SuzC4.3_B1_2_M__14.tif,78,E1,
MP_SuzC4.3_B1_2_M__14.tif,86,E2,
MP_SuzC4.3_B1_2_M__14.tif,85,F1,
MP_SuzC4.3_B1_2_M__14.tif,86,F2,
MP_SuzC4.3_B1_2_M__14.tif,100,F3,
MP_SuzC4.3_B1_2_M__14.tif,100,G1,
MP_SuzC4.3_B1_2_M__14.tif,67,G2,
MP_SuzC4.3_B1_2_M__14.tif,94,G3,
MP_SuzC4.3_B1_2_M__15.tif,57,A1,
MP_SuzC4.3_B1_2_M__15.tif,65,A2,
MP_SuzC4.3_B1_2_M__15.tif,63,B1,
MP_SuzC4.3_B1_2_M__15.tif,72,B2,
MP_SuzC4.3_B1_2_M__15.tif,77,B3,
MP_SuzC4.3_B1_2_M__15.tif,62,C1,
MP_SuzC4.3_B1_2_M__15.tif,73,C2,
MP_SuzC4.3_B1_2_M__15.tif,100,C3,
MP_SuzC4.3_B1_2_M__15.tif,77,E1,
MP_SuzC4.3_B1_2_M__15.tif,77,E2,
MP_SuzC4.3_B1_2_M__15.tif,76,F1,
MP_SuzC4.3_B1_2_M__15.tif,81,F2,
MP_SuzC4.3_B1_2_M__15.tif,98,F3,
MP_SuzC4.3_B1_2_M__15.tif,111,G1,
MP_SuzC4.3_B1_2_M__15.tif,67,G2,
MP_SuzC4.3_B1_2_M__15.tif,96,G3,
MP_SuzC4.3_B1_2_M__16.tif,57,A1,
MP_SuzC4.3_B1_2_M__16.tif,62,A2,
MP_SuzC4.3_B1_2_M__16.tif,67,B1,
MP_SuzC4.3_B1_2_M__16.tif,59,B2,
MP_SuzC4.3_B1_2_M__16.tif,78,B3,
MP_SuzC4.3_B1_2_M__16.tif,49,C1,
MP_SuzC4.3_B1_2_M__16.tif,69,C2,
MP_SuzC4.3_B1_2_M__16.tif,100,C3,
MP_SuzC4.3_B1_2_M__16.tif,75,E1,
MP_SuzC4.3_B1_2_M__16.tif,86,E2,
MP_SuzC4.3_B1_2_M__16.tif,76,F1,
MP_SuzC4.3_B1_2_M__16.tif,83,F2,
MP_SuzC4.3_B1_2_M__16.tif,106,F3,
MP_SuzC4.3_B1_2_M__16.tif,117,G1,
MP_SuzC4.3_B1_2_M__16.tif,72,G2,
MP_SuzC4.3_B1_2_M__16.tif,106,G3,
MP_SuzC4.3_B1_2_M__17.tif,55,A1,
MP_SuzC4.3_B1_2_M__17.tif,60,A2,
MP_SuzC4.3_B1_2_M__17.tif,71,B1,
MP_SuzC4.3_B1_2_M__17.tif,64,B2,
MP_SuzC4.3_B1_2_M__17.tif,102,B3,
MP_SuzC4.3_B1_2_M__17.tif,65,C1,
MP_SuzC4.3_B1_2_M__17.tif,83,C2,
MP_SuzC4.3_B1_2_M__17.tif,109,C3,
MP_SuzC4.3_B1_2_M__17.tif,83,E1,
MP_SuzC4.3_B1_2_M__17.tif,85,E2,
MP_SuzC4.3_B1_2_M__17.tif,75,F1,
MP_SuzC4.3_B1_2_M__17.tif,94,F2,
MP_SuzC4.3_B1_2_M__17.tif,106,F3,
MP_SuzC4.3_B1_2_M__17.tif,109,G1,
MP_SuzC4.3_B1_2_M__17.tif,67,G2,
MP_SuzC4.3_B1_2_M__17.tif,93,G3,
MP_SuzC4.3_B1_2_M__18.tif,56,A1,
MP_SuzC4.3_B1_2_M__18.tif,70,A2,
MP_SuzC4.3_B1_2_M__18.tif,84,B1,
MP_SuzC4.3_B1_2_M__18.tif,80,B2,
MP_SuzC4.3_B1_2_M__18.tif,104,B3,
MP_SuzC4.3_B1_2_M__18.tif,62,C1,
MP_SuzC4.3_B1_2_M__18.tif,101,C2,
MP_SuzC4.3_B1_2_M__18.tif,107,C3,
MP_SuzC4.3_B1_2_M__18.tif,90,E1,
MP_SuzC4.3_B1_2_M__18.tif,89,E2,
MP_SuzC4.3_B1_2_M__18.tif,100,F1,
MP_SuzC4.3_B1_2_M__18.tif,95,F2,
MP_SuzC4.3_B1_2_M__18.tif,117,F3,
MP_SuzC4.3_B1_2_M__18.tif,121,G1,
MP_SuzC4.3_B1_2_M__18.tif,82,G2,
MP_SuzC4.3_B1_2_M__18.tif,125,G3,
MP_SuzC4.3_B1_2_M__19.tif,55,A1,
MP_SuzC4.3_B1_2_M__19.tif,53,A2,
MP_SuzC4.3_B1_2_M__19.tif,66,B1,
MP_SuzC4.3_B1_2_M__19.tif,64,B2,
MP_SuzC4.3_B1_2_M__19.tif,86,B3,
MP_SuzC4.3_B1_2_M__19.tif,49,C1,
MP_SuzC4.3_B1_2_M__19.tif,78,C2,
MP_SuzC4.3_B1_2_M__19.tif,105,C3,
MP_SuzC4.3_B1_2_M__19.tif,62,E1,
MP_SuzC4.3_B1_2_M__19.tif,77,E2,
MP_SuzC4.3_B1_2_M__19.tif,73,F1,
MP_SuzC4.3_B1_2_M__19.tif,85,F2,
MP_SuzC4.3_B1_2_M__19.tif,95,F3,
MP_SuzC4.3_B1_2_M__19.tif,86,G1,
MP_SuzC4.3_B1_2_M__19.tif,60,G2,
MP_SuzC4.3_B1_2_M__19.tif,105,G3,
MP_SuzC4.3_B1_2_M__20.tif,48,A1,
MP_SuzC4.3_B1_2_M__20.tif,54,A2,
MP_SuzC4.3_B1_2_M__20.tif,58,B1,
MP_SuzC4.3_B1_2_M__20.tif,71,B2,
MP_SuzC4.3_B1_2_M__20.tif,90,B3,
MP_SuzC4.3_B1_2_M__20.tif,55,C1,
MP_SuzC4.3_B1_2_M__20.tif,68,C2,
MP_SuzC4.3_B1_2_M__20.tif,102,C3,
MP_SuzC4.3_B1_2_M__20.tif,64,E1,
MP_SuzC4.3_B1_2_M__20.tif,65,E2,
MP_SuzC4.3_B1_2_M__20.tif,82,F1,
MP_SuzC4.3_B1_2_M__20.tif,84,F2,
MP_SuzC4.3_B1_2_M__20.tif,87,F3,
MP_SuzC4.3_B1_2_M__20.tif,108,G1,
MP_SuzC4.3_B1_2_M__20.tif,52,G2,
MP_SuzC4.3_B1_2_M__20.tif,108,G3,
MP_SuzC4.3_B1_2_M__21.tif,67,A1,
MP_SuzC4.3_B1_2_M__21.tif,65,A2,
MP_SuzC4.3_B1_2_M__21.tif,77,B1,
MP_SuzC4.3_B1_2_M__21.tif,56,B2,
MP_SuzC4.3_B1_2_M__21.tif,90,B3,
MP_SuzC4.3_B1_2_M__21.tif,57,C1,
MP_SuzC4.3_B1_2_M__21.tif,81,C2,
MP_SuzC4.3_B1_2_M__21.tif,106,C3,
MP_SuzC4.3_B1_2_M__21.tif,68,E1,
MP_SuzC4.3_B1_2_M__21.tif,83,E2,
MP_SuzC4.3_B1_2_M__21.tif,72,F1,
MP_SuzC4.3_B1_2_M__21.tif,82,F2,
MP_SuzC4.3_B1_2_M__21.tif,104,F3,
MP_SuzC4.3_B1_2_M__21.tif,127,G1,
MP_SuzC4.3_B1_2_M__21.tif,68,G2,
MP_SuzC4.3_B1_2_M__21.tif,119,G3,
MP_SuzC4.3_B1_2_M__22.tif,53,A1,
MP_SuzC4.3_B1_2_M__22.tif,58,A2,
MP_SuzC4.3_B1_2_M__22.tif,61,B1,
MP_SuzC4.3_B1_2_M__22.tif,66,B2,
MP_SuzC4.3_B1_2_M__22.tif,77,B3,
MP_SuzC4.3_B1_2_M__22.tif,57,C1,
MP_SuzC4.3_B1_2_M__22.tif,69,C2,
MP_SuzC4.3_B1_2_M__22.tif,100,C3,
MP_SuzC4.3_B1_2_M__22.tif,75,E1,
MP_SuzC4.3_B1_2_M__22.tif,61,E2,
MP_SuzC4.3_B1_2_M__22.tif,68,F1,
MP_SuzC4.3_B1_2_M__22.tif,78,F2,
MP_SuzC4.3_B1_2_M__22.tif,105,F3,
MP_SuzC4.3_B1_2_M__22.tif,107,G1,
MP_SuzC4.3_B1_2_M__22.tif,61,G2,
MP_SuzC4.3_B1_2_M__22.tif,115,G3,
MP_SuzC4.3_B1_2_M__23.tif,58,A1,
MP_SuzC4.3_B1_2_M__23.tif,64,A2,
MP_SuzC4.3_B1_2_M__23.tif,66,B1,
MP_SuzC4.3_B1_2_M__23.tif,61,B2,
MP_SuzC4.3_B1_2_M__23.tif,96,B3,
MP_SuzC4.3_B1_2_M__23.tif,62,C1,
MP_SuzC4.3_B1_2_M__23.tif,73,C2,
MP_SuzC4.3_B1_2_M__23.tif,97,C3,
MP_SuzC4.3_B1_2_M__23.tif,70,E1,
MP_SuzC4.3_B1_2_M__23.tif,83,E2,
MP_SuzC4.3_B1_2_M__23.tif,80,F1,
MP_SuzC4.3_B1_2_M__23.tif,82,F2,
MP_SuzC4.3_B1_2_M__23.tif,100,F3,
MP_SuzC4.3_B1_2_M__23.tif,123,G1,
MP_SuzC4.3_B1_2_M__23.tif,59,G2,
MP_SuzC4.3_B1_2_M__23.tif,87,G3,
MP_SuzC4.3_B1_2_M__24.tif,53,A1,
MP_SuzC4.3_B1_2_M__24.tif,58,A2,
MP_SuzC4.3_B1_2_M__24.tif,69,B1,
MP_SuzC4.3_B1_2_M__24.tif,77,B2,
MP_SuzC4.3_B1_2_M__24.tif,93,B3,
MP_SuzC4.3_B1_2_M__24.tif,64,C1,
MP_SuzC4.3_B1_2_M__24.tif,78,C2,
MP_SuzC4.3_B1_2_M__24.tif,102,C3,
MP_SuzC4.3_B1_2_M__24.tif,74,E1,
MP_SuzC4.3_B1_2_M__24.tif,89,E2,
MP_SuzC4.3_B1_2_M__24.tif,58,F1,
MP_SuzC4.3_B1_2_M__24.tif,93,F2,
MP_SuzC4.3_B1_2_M__24.tif,97,F3,
MP_SuzC4.3_B1_2_M__24.tif,108,G1,
MP_SuzC4.3_B1_2_M__24.tif,65,G2,
MP_SuzC4.3_B1_2_M__24.tif,119,G3,
MP_SuzC4.3_B1_2_M__25.tif,63,A1,
MP_SuzC4.3_B1_2_M__25.tif,60,A2,
MP_SuzC4.3_B1_2_M__25.tif,64,B1,
MP_SuzC4.3_B1_2_M__25.tif,66,B2,
MP_SuzC4.3_B1_2_M__25.tif,90,B3,
MP_SuzC4.3_B1_2_M__25.tif,63,C1,
MP_SuzC4.3_B1_2_M__25.tif,77,C2,
MP_SuzC4.3_B1_2_M__25.tif,107,C3,
MP_SuzC4.3_B1_2_M__25.tif,76,E1,
MP_SuzC4.3_B1_2_M__25.tif,76,E2,
MP_SuzC4.3_B1_2_M__25.tif,80,F1,
MP_SuzC4.3_B1_2_M__25.tif,86,F2,
MP_SuzC4.3_B1_2_M__25.tif,97,F3,
MP_SuzC4.3_B1_2_M__25.tif,111,G1,
MP_SuzC4.3_B1_2_M__25.tif,64,G2,
MP_SuzC4.3_B1_2_M__25.tif,107,G3,
MP_SuzC4.3_B1_2_M__26.tif,69,A1,
MP_SuzC4.3_B1_2_M__26.tif,65,A2,
MP_SuzC4.3_B1_2_M__26.tif,70,B1,
MP_SuzC4.3_B1_2_M__26.tif,78,B2,
MP_SuzC4.3_B1_2_M__26.tif,103,B3,
MP_SuzC4.3_B1_2_M__26.tif,75,C1,
MP_SuzC4.3_B1_2_M__26.tif,97,C2,
MP_SuzC4.3_B1_2_M__26.tif,118,C3,
MP_SuzC4.3_B1_2_M__26.tif,76,E1,
MP_SuzC4.3_B1_2_M__26.tif,83,E2,
MP_SuzC4.3_B1_2_M__26.tif,88,F1,
MP_SuzC4.3_B1_2_M__26.tif,94,F2,
MP_SuzC4.3_B1_2_M__26.tif,82,F3,
MP_SuzC4.3_B1_2_M__26.tif,97,G1,
MP_SuzC4.3_B1_2_M__26.tif,78,G2,
MP_SuzC4.3_B1_2_M__26.tif,110,G3,
MP_SuzC4.3_B1_2_M__27.tif,61,A1,
MP_SuzC4.3_B1_2_M__27.tif,64,A2,
MP_SuzC4.3_B1_2_M__27.tif,63,B1,
MP_SuzC4.3_B1_2_M__27.tif,76,B2,
MP_SuzC4.3_B1_2_M__27.tif,94,B3,
MP_SuzC4.3_B1_2_M__27.tif,52,C1,
MP_SuzC4.3_B1_2_M__27.tif,85,C2,
MP_SuzC4.3_B1_2_M__27.tif,95,C3,
MP_SuzC4.3_B1_2_M__27.tif,75,E1,
MP_SuzC4.3_B1_2_M__27.tif,83,E2,
MP_SuzC4.3_B1_2_M__27.tif,77,F1,
MP_SuzC4.3_B1_2_M__27.tif,84,F2,
MP_SuzC4.3_B1_2_M__27.tif,121,F3,
MP_SuzC4.3_B1_2_M__27.tif,122,G1,
MP_SuzC4.3_B1_2_M__27.tif,65,G2,
MP_SuzC4.3_B1_2_M__27.tif,107,G3,
MP_SuzC4.3_B1_3_F__01.tif,52,A1,
MP_SuzC4.3_B1_3_F__01.tif,58,A2,
MP_SuzC4.3_B1_3_F__01.tif,61,B1,
MP_SuzC4.3_B1_3_F__01.tif,73,B2,
MP_SuzC4.3_B1_3_F__01.tif,88,B3,
MP_SuzC4.3_B1_3_F__01.tif,59,C1,
MP_SuzC4.3_B1_3_F__01.tif,77,C2,
MP_SuzC4.3_B1_3_F__01.tif,109,C3,
MP_SuzC4.3_B1_3_F__01.tif,45,E1,black spots
MP_SuzC4.3_B1_3_F__01.tif,70,E2,
MP_SuzC4.3_B1_3_F__01.tif,80,F1,
MP_SuzC4.3_B1_3_F__01.tif,85,F2,
MP_SuzC4.3_B1_3_F__01.tif,95,F3,
MP_SuzC4.3_B1_3_F__01.tif,96,G1,
MP_SuzC4.3_B1_3_F__01.tif,48,G2,black spots
MP_SuzC4.3_B1_3_F__01.tif,104,G3,
MP_SuzC4.3_B1_3_F__02.tif,60,A1,
MP_SuzC4.3_B1_3_F__02.tif,73,A2,
MP_SuzC4.3_B1_3_F__02.tif,90,B1,
MP_SuzC4.3_B1_3_F__02.tif,92,B2,
MP_SuzC4.3_B1_3_F__02.tif,104,B3,
MP_SuzC4.3_B1_3_F__02.tif,69,C1,black spots
MP_SuzC4.3_B1_3_F__02.tif,92,C2,
MP_SuzC4.3_B1_3_F__02.tif,122,C3,
MP_SuzC4.3_B1_3_F__02.tif,48,E1,black spots
MP_SuzC4.3_B1_3_F__02.tif,94,E2,
MP_SuzC4.3_B1_3_F__02.tif,99,F1,
MP_SuzC4.3_B1_3_F__02.tif,89,F2,
MP_SuzC4.3_B1_3_F__02.tif,118,F3,
MP_SuzC4.3_B1_3_F__02.tif,117,G1,
MP_SuzC4.3_B1_3_F__02.tif,52,G2,black spots
MP_SuzC4.3_B1_3_F__02.tif,127,G3,
MP_SuzC4.3_B1_3_F__03.tif,57,A1,
MP_SuzC4.3_B1_3_F__03.tif,71,A2,
MP_SuzC4.3_B1_3_F__03.tif,75,B1,
MP_SuzC4.3_B1_3_F__03.tif,77,B2,
MP_SuzC4.3_B1_3_F__03.tif,96,B3,
MP_SuzC4.3_B1_3_F__03.tif,64,C1,
MP_SuzC4.3_B1_3_F__03.tif,77,C2,
MP_SuzC4.3_B1_3_F__03.tif,98,C3,
MP_SuzC4.3_B1_3_F__03.tif,67,E1,
MP_SuzC4.3_B1_3_F__03.tif,96,E2,
MP_SuzC4.3_B1_3_F__03.tif,89,F1,
MP_SuzC4.3_B1_3_F__03.tif,96,F2,
MP_SuzC4.3_B1_3_F__03.tif,124,F3,
MP_SuzC4.3_B1_3_F__03.tif,96,G1,
MP_SuzC4.3_B1_3_F__03.tif,83,G2,
MP_SuzC4.3_B1_3_F__03.tif,122,G3,
MP_SuzC4.3_B1_3_F__04.tif,60,A1,
MP_SuzC4.3_B1_3_F__04.tif,58,A2,
MP_SuzC4.3_B1_3_F__04.tif,100,B1,fold
MP_SuzC4.3_B1_3_F__04.tif,71,B2,
MP_SuzC4.3_B1_3_F__04.tif,91,B3,
MP_SuzC4.3_B1_3_F__04.tif,104,C1,fold
MP_SuzC4.3_B1_3_F__04.tif,76,C2,
MP_SuzC4.3_B1_3_F__04.tif,119,C3,
MP_SuzC4.3_B1_3_F__04.tif,92,E1,fold
MP_SuzC4.3_B1_3_F__04.tif,125,E2,fold
MP_SuzC4.3_B1_3_F__04.tif,118,F1,fold
MP_SuzC4.3_B1_3_F__04.tif,104,F2,fold
MP_SuzC4.3_B1_3_F__04.tif,117,F3,fold
MP_SuzC4.3_B1_3_F__04.tif,128,G1,fold
MP_SuzC4.3_B1_3_F__04.tif,126,G2,fold
MP_SuzC4.3_B1_3_F__04.tif,134,G3,fold
MP_SuzC4.3_B1_3_M__01.tif,67,A1,
MP_SuzC4.3_B1_3_M__01.tif,74,A2,
MP_SuzC4.3_B1_3_M__01.tif,82,B1,
MP_SuzC4.3_B1_3_M__01.tif,86,B2,
MP_SuzC4.3_B1_3_M__01.tif,117,B3,
MP_SuzC4.3_B1_3_M__01.tif,74,C1,
MP_SuzC4.3_B1_3_M__01.tif,87,C2,
MP_SuzC4.3_B1_3_M__01.tif,114,C3,
MP_SuzC4.3_B1_3_M__01.tif,107,E1,
MP_SuzC4.3_B1_3_M__01.tif,106,E2,
MP_SuzC4.3_B1_3_M__01.tif,104,F1,
MP_SuzC4.3_B1_3_M__01.tif,91,F2,
MP_SuzC4.3_B1_3_M__01.tif,123,F3,
MP_SuzC4.3_B1_3_M__01.tif,113,G1,
MP_SuzC4.3_B1_3_M__01.tif,83,G2,
MP_SuzC4.3_B1_3_M__01.tif,101,G3,
MP_SuzC4.3_B1_3_M__02.tif,63,A1,
MP_SuzC4.3_B1_3_M__02.tif,77,A2,
MP_SuzC4.3_B1_3_M__02.tif,75,B1,
MP_SuzC4.3_B1_3_M__02.tif,64,B2,
MP_SuzC4.3_B1_3_M__02.tif,80,B3,
MP_SuzC4.3_B1_3_M__02.tif,63,C1,
MP_SuzC4.3_B1_3_M__02.tif,85,C2,
MP_SuzC4.3_B1_3_M__02.tif,100,C3,
MP_SuzC4.3_B1_3_M__02.tif,97,E1,
MP_SuzC4.3_B1_3_M__02.tif,92,E2,
MP_SuzC4.3_B1_3_M__02.tif,92,F1,
MP_SuzC4.3_B1_3_M__02.tif,78,F2,
MP_SuzC4.3_B1_3_M__02.tif,101,F3,
MP_SuzC4.3_B1_3_M__02.tif,104,G1,
MP_SuzC4.3_B1_3_M__02.tif,51,G2,
MP_SuzC4.3_B1_3_M__02.tif,94,G3,
MP_SuzC4.3_B1_3_M__03.tif,70,A1,
MP_SuzC4.3_B1_3_M__03.tif,59,A2,
MP_SuzC4.3_B1_3_M__03.tif,90,B1,
MP_SuzC4.3_B1_3_M__03.tif,90,B2,
MP_SuzC4.3_B1_3_M__03.tif,111,B3,
MP_SuzC4.3_B1_3_M__03.tif,68,C1,
MP_SuzC4.3_B1_3_M__03.tif,106,C2,
MP_SuzC4.3_B1_3_M__03.tif,135,C3,
MP_SuzC4.3_B1_3_M__03.tif,98,E1,
MP_SuzC4.3_B1_3_M__03.tif,109,E2,
MP_SuzC4.3_B1_3_M__03.tif,125,F1,
MP_SuzC4.3_B1_3_M__03.tif,121,F2,
MP_SuzC4.3_B1_3_M__03.tif,117,F3,
MP_SuzC4.3_B1_3_M__03.tif,130,G1,
MP_SuzC4.3_B1_3_M__03.tif,109,G2,
MP_SuzC4.3_B1_3_M__03.tif,126,G3,
MP_SuzC4.3_B1_3_M__04.tif,60,A1,
MP_SuzC4.3_B1_3_M__04.tif,60,A2,
MP_SuzC4.3_B1_3_M__04.tif,75,B1,
MP_SuzC4.3_B1_3_M__04.tif,77,B2,
MP_SuzC4.3_B1_3_M__04.tif,87,B3,
MP_SuzC4.3_B1_3_M__04.tif,68,C1,
MP_SuzC4.3_B1_3_M__04.tif,89,C2,
MP_SuzC4.3_B1_3_M__04.tif,97,C3,
MP_SuzC4.3_B1_3_M__04.tif,74,E1,
MP_SuzC4.3_B1_3_M__04.tif,85,E2,
MP_SuzC4.3_B1_3_M__04.tif,92,F1,
MP_SuzC4.3_B1_3_M__04.tif,96,F2,
MP_SuzC4.3_B1_3_M__04.tif,93,F3,
MP_SuzC4.3_B1_3_M__04.tif,126,G1,
MP_SuzC4.3_B1_3_M__04.tif,74,G2,
MP_SuzC4.3_B1_3_M__04.tif,117,G3,
MP_SuzC4.3_B1_3_M__05.tif,77,A1,
MP_SuzC4.3_B1_3_M__05.tif,85,A2,
MP_SuzC4.3_B1_3_M__05.tif,85,B1,
MP_SuzC4.3_B1_3_M__05.tif,93,B2,
MP_SuzC4.3_B1_3_M__05.tif,113,B3,
MP_SuzC4.3_B1_3_M__05.tif,80,C1,
MP_SuzC4.3_B1_3_M__05.tif,100,C2,
MP_SuzC4.3_B1_3_M__05.tif,113,C3,
MP_SuzC4.3_B1_3_M__05.tif,106,E1,
MP_SuzC4.3_B1_3_M__05.tif,106,E2,
MP_SuzC4.3_B1_3_M__05.tif,94,F1,
MP_SuzC4.3_B1_3_M__05.tif,81,F2,
MP_SuzC4.3_B1_3_M__05.tif,109,F3,
MP_SuzC4.3_B1_3_M__05.tif,111,G1,
MP_SuzC4.3_B1_3_M__05.tif,78,G2,
MP_SuzC4.3_B1_3_M__05.tif,120,G3,
MP_SuzC4.3_B1_3_M__06.tif,74,A1,
MP_SuzC4.3_B1_3_M__06.tif,76,A2,
MP_SuzC4.3_B1_3_M__06.tif,86,B1,
MP_SuzC4.3_B1_3_M__06.tif,84,B2,
MP_SuzC4.3_B1_3_M__06.tif,96,B3,
MP_SuzC4.3_B1_3_M__06.tif,76,C1,
MP_SuzC4.3_B1_3_M__06.tif,94,C2,
MP_SuzC4.3_B1_3_M__06.tif,123,C3,
MP_SuzC4.3_B1_3_M__06.tif,88,E1,
MP_SuzC4.3_B1_3_M__06.tif,100,E2,
MP_SuzC4.3_B1_3_M__06.tif,96,F1,
MP_SuzC4.3_B1_3_M__06.tif,95,F2,
MP_SuzC4.3_B1_3_M__06.tif,119,F3,
MP_SuzC4.3_B1_3_M__06.tif,111,G1,
MP_SuzC4.3_B1_3_M__06.tif,84,G2,
MP_SuzC4.3_B1_3_M__06.tif,129,G3,
MP_SuzC4.3_B1_3_M__07.tif,66,A1,
MP_SuzC4.3_B1_3_M__07.tif,69,A2,
MP_SuzC4.3_B1_3_M__07.tif,74,B1,
MP_SuzC4.3_B1_3_M__07.tif,73,B2,
MP_SuzC4.3_B1_3_M__07.tif,107,B3,
MP_SuzC4.3_B1_3_M__07.tif,69,C1,
MP_SuzC4.3_B1_3_M__07.tif,98,C2,
MP_SuzC4.3_B1_3_M__07.tif,120,C3,
MP_SuzC4.3_B1_3_M__07.tif,84,E1,
MP_SuzC4.3_B1_3_M__07.tif,93,E2,
MP_SuzC4.3_B1_3_M__07.tif,89,F1,
MP_SuzC4.3_B1_3_M__07.tif,82,F2,
MP_SuzC4.3_B1_3_M__07.tif,105,F3,
MP_SuzC4.3_B1_3_M__07.tif,118,G1,
MP_SuzC4.3_B1_3_M__07.tif,76,G2,
MP_SuzC4.3_B1_3_M__07.tif,128,G3,
MP_SuzC4.3_B1_3_M__08.tif,63,A1,
MP_SuzC4.3_B1_3_M__08.tif,72,A2,
MP_SuzC4.3_B1_3_M__08.tif,74,B1,
MP_SuzC4.3_B1_3_M__08.tif,82,B2,
MP_SuzC4.3_B1_3_M__08.tif,113,B3,
MP_SuzC4.3_B1_3_M__08.tif,70,C1,
MP_SuzC4.3_B1_3_M__08.tif,100,C2,
MP_SuzC4.3_B1_3_M__08.tif,124,C3,
MP_SuzC4.3_B1_3_M__08.tif,90,E1,
MP_SuzC4.3_B1_3_M__08.tif,84,E2,
MP_SuzC4.3_B1_3_M__08.tif,92,F1,
MP_SuzC4.3_B1_3_M__08.tif,97,F2,
MP_SuzC4.3_B1_3_M__08.tif,106,F3,
MP_SuzC4.3_B1_3_M__08.tif,124,G1,
MP_SuzC4.3_B1_3_M__08.tif,75,G2,
MP_SuzC4.3_B1_3_M__08.tif,127,G3,
MP_SuzC4.3_B1_3_M__09.tif,64,A1,
MP_SuzC4.3_B1_3_M__09.tif,70,A2,
MP_SuzC4.3_B1_3_M__09.tif,71,B1,
MP_SuzC4.3_B1_3_M__09.tif,80,B2,
MP_SuzC4.3_B1_3_M__09.tif,110,B3,
MP_SuzC4.3_B1_3_M__09.tif,65,C1,
MP_SuzC4.3_B1_3_M__09.tif,102,C2,
MP_SuzC4.3_B1_3_M__09.tif,119,C3,
MP_SuzC4.3_B1_3_M__09.tif,96,E1,
MP_SuzC4.3_B1_3_M__09.tif,101,E2,
MP_SuzC4.3_B1_3_M__09.tif,104,F1,
MP_SuzC4.3_B1_3_M__09.tif,102,F2,
MP_SuzC4.3_B1_3_M__09.tif,110,F3,
MP_SuzC4.3_B1_3_M__09.tif,125,G1,
MP_SuzC4.3_B1_3_M__09.tif,78,G2,
MP_SuzC4.3_B1_3_M__09.tif,105,G3,
MP_SuzC4.3_B1_3_M__10.tif,72,A1,
MP_SuzC4.3_B1_3_M__10.tif,75,A2,
MP_SuzC4.3_B1_3_M__10.tif,72,B1,
MP_SuzC4.3_B1_3_M__10.tif,62,B2,
MP_SuzC4.3_B1_3_M__10.tif,105,B3,
MP_SuzC4.3_B1_3_M__10.tif,59,C1,
MP_SuzC4.3_B1_3_M__10.tif,77,C2,
MP_SuzC4.3_B1_3_M__10.tif,104,C3,
MP_SuzC4.3_B1_3_M__10.tif,84,E1,
MP_SuzC4.3_B1_3_M__10.tif,82,E2,
MP_SuzC4.3_B1_3_M__10.tif,91,F1,
MP_SuzC4.3_B1_3_M__10.tif,94,F2,
MP_SuzC4.3_B1_3_M__10.tif,96,F3,
MP_SuzC4.3_B1_3_M__10.tif,105,G1,
MP_SuzC4.3_B1_3_M__10.tif,65,G2,
MP_SuzC4.3_B1_3_M__10.tif,109,G3,