#,Label,Count
1,MP_EreSC1.1_B1_1_F__01.tif,71
2,MP_EreSC1.1_B1_1_F__01.tif,83
3,MP_EreSC1.1_B1_1_F__01.tif,75
4,MP_EreSC1.1_B1_1_F__01.tif,87
5,MP_EreSC1.1_B1_1_F__01.tif,87
6,MP_EreSC1.1_B1_1_F__01.tif,76
7,MP_EreSC1.1_B1_1_F__01.tif,86
8,MP_EreSC1.1_B1_1_F__01.tif,86
9,MP_EreSC1.1_B1_1_F__01.tif,92
10,MP_EreSC1.1_B1_1_F__01.tif,106
11,MP_EreSC1.1_B1_1_F__01.tif,83
12,MP_EreSC1.1_B1_1_F__01.tif,79
13,MP_EreSC1.1_B1_1_F__01.tif,90
14,MP_EreSC1.1_B1_1_F__01.tif,102
15,MP_EreSC1.1_B1_1_F__01.tif,92
16,MP_EreSC1.1_B1_1_F__01.tif,101
17,MP_EreSC1.1_B1_1_F__02.tif,90
18,MP_EreSC1.1_B1_1_F__02.tif,85
19,MP_EreSC1.1_B1_1_F__02.tif,86
20,MP_EreSC1.1_B1_1_F__02.tif,74
21,MP_EreSC1.1_B1_1_F__02.tif,79
22,MP_EreSC1.1_B1_1_F__02.tif,68
23,MP_EreSC1.1_B1_1_F__02.tif,80
24,MP_EreSC1.1_B1_1_F__02.tif,86
25,MP_EreSC1.1_B1_1_F__02.tif,103
26,MP_EreSC1.1_B1_1_F__02.tif,87
27,MP_EreSC1.1_B1_1_F__02.tif,82
28,MP_EreSC1.1_B1_1_F__02.tif,93
29,MP_EreSC1.1_B1_1_F__02.tif,105
30,MP_EreSC1.1_B1_1_F__02.tif,56
31,MP_EreSC1.1_B1_1_F__02.tif,65
32,MP_EreSC1.1_B1_1_F__02.tif,114
33,MP_EreSC1.1_B1_1_F__03.tif,68
34,MP_EreSC1.1_B1_1_F__03.tif,84
35,MP_EreSC1.1_B1_1_F__03.tif,98
36,MP_EreSC1.1_B1_1_F__03.tif,90
37,MP_EreSC1.1_B1_1_F__03.tif,103
38,MP_EreSC1.1_B1_1_F__03.tif,81
39,MP_EreSC1.1_B1_1_F__03.tif,92
40,MP_EreSC1.1_B1_1_F__03.tif,100
41,MP_EreSC1.1_B1_1_F__03.tif,91
42,MP_EreSC1.1_B1_1_F__03.tif,97
43,MP_EreSC1.1_B1_1_F__03.tif,99
44,MP_EreSC1.1_B1_1_F__03.tif,83
45,MP_EreSC1.1_B1_1_F__03.tif,102
46,MP_EreSC1.1_B1_1_F__03.tif,88
47,MP_EreSC1.1_B1_1_F__03.tif,84
48,MP_EreSC1.1_B1_1_F__03.tif,103
49,MP_EreSC1.1_B1_1_F__04.tif,75
50,MP_EreSC1.1_B1_1_F__04.tif,74
51,MP_EreSC1.1_B1_1_F__04.tif,77
52,MP_EreSC1.1_B1_1_F__04.tif,88
53,MP_EreSC1.1_B1_1_F__04.tif,84
54,MP_EreSC1.1_B1_1_F__04.tif,67
55,MP_EreSC1.1_B1_1_F__04.tif,79
56,MP_EreSC1.1_B1_1_F__04.tif,102
57,MP_EreSC1.1_B1_1_F__04.tif,97
58,MP_EreSC1.1_B1_1_F__04.tif,92
59,MP_EreSC1.1_B1_1_F__04.tif,86
60,MP_EreSC1.1_B1_1_F__04.tif,85
61,MP_EreSC1.1_B1_1_F__04.tif,104
62,MP_EreSC1.1_B1_1_F__04.tif,71
63,MP_EreSC1.1_B1_1_F__04.tif,80
64,MP_EreSC1.1_B1_1_F__04.tif,99
65,MP_EreSC1.1_B1_1_F__05.tif,81
66,MP_EreSC1.1_B1_1_F__05.tif,77
67,MP_EreSC1.1_B1_1_F__05.tif,86
68,MP_EreSC1.1_B1_1_F__05.tif,68
69,MP_EreSC1.1_B1_1_F__05.tif,83
70,MP_EreSC1.1_B1_1_F__05.tif,77
71,MP_EreSC1.1_B1_1_F__05.tif,78
72,MP_EreSC1.1_B1_1_F__05.tif,94
73,MP_EreSC1.1_B1_1_F__05.tif,105
74,MP_EreSC1.1_B1_1_F__05.tif,89
75,MP_EreSC1.1_B1_1_F__05.tif,75
76,MP_EreSC1.1_B1_1_F__05.tif,82
77,MP_EreSC1.1_B1_1_F__05.tif,116
78,MP_EreSC1.1_B1_1_F__05.tif,68
79,MP_EreSC1.1_B1_1_F__05.tif,73
80,MP_EreSC1.1_B1_1_F__05.tif,108
81,MP_EreSC1.1_B1_1_F__06.tif,68
82,MP_EreSC1.1_B1_1_F__06.tif,65
83,MP_EreSC1.1_B1_1_F__06.tif,91
84,MP_EreSC1.1_B1_1_F__06.tif,78
85,MP_EreSC1.1_B1_1_F__06.tif,89
86,MP_EreSC1.1_B1_1_F__06.tif,84
87,MP_EreSC1.1_B1_1_F__06.tif,89
88,MP_EreSC1.1_B1_1_F__06.tif,99
89,MP_EreSC1.1_B1_1_F__06.tif,98
90,MP_EreSC1.1_B1_1_F__06.tif,80
91,MP_EreSC1.1_B1_1_F__06.tif,79
92,MP_EreSC1.1_B1_1_F__06.tif,88
93,MP_EreSC1.1_B1_1_F__06.tif,106
94,MP_EreSC1.1_B1_1_F__06.tif,105
95,MP_EreSC1.1_B1_1_F__06.tif,81
96,MP_EreSC1.1_B1_1_F__06.tif,109
97,MP_EreSC1.1_B1_1_F__07.tif,73
98,MP_EreSC1.1_B1_1_F__07.tif,72
99,MP_EreSC1.1_B1_1_F__07.tif,93
100,MP_EreSC1.1_B1_1_F__07.tif,69
101,MP_EreSC1.1_B1_1_F__07.tif,102
102,MP_EreSC1.1_B1_1_F__07.tif,64
103,MP_EreSC1.1_B1_1_F__07.tif,85
104,MP_EreSC1.1_B1_1_F__07.tif,93
105,MP_EreSC1.1_B1_1_F__07.tif,100
106,MP_EreSC1.1_B1_1_F__07.tif,99
107,MP_EreSC1.1_B1_1_F__07.tif,82
108,MP_EreSC1.1_B1_1_F__07.tif,87
109,MP_EreSC1.1_B1_1_F__07.tif,77
110,MP_EreSC1.1_B1_1_F__07.tif,64
111,MP_EreSC1.1_B1_1_F__07.tif,60
112,MP_EreSC1.1_B1_1_F__07.tif,95
113,MP_EreSC1.1_B1_1_F__08.tif,67
114,MP_EreSC1.1_B1_1_F__08.tif,78
115,MP_EreSC1.1_B1_1_F__08.tif,83
116,MP_EreSC1.1_B1_1_F__08.tif,92
117,MP_EreSC1.1_B1_1_F__08.tif,95
118,MP_EreSC1.1_B1_1_F__08.tif,59
119,MP_EreSC1.1_B1_1_F__08.tif,73
120,MP_EreSC1.1_B1_1_F__08.tif,107
121,MP_EreSC1.1_B1_1_F__08.tif,84
122,MP_EreSC1.1_B1_1_F__08.tif,84
123,MP_EreSC1.1_B1_1_F__08.tif,86
124,MP_EreSC1.1_B1_1_F__08.tif,100
125,MP_EreSC1.1_B1_1_F__08.tif,108
126,MP_EreSC1.1_B1_1_F__08.tif,64
127,MP_EreSC1.1_B1_1_F__08.tif,54
128,MP_EreSC1.1_B1_1_F__08.tif,104
129,MP_EreSC1.1_B1_1_F__09.tif,75
130,MP_EreSC1.1_B1_1_F__09.tif,81
131,MP_EreSC1.1_B1_1_F__09.tif,105
132,MP_EreSC1.1_B1_1_F__09.tif,91
133,MP_EreSC1.1_B1_1_F__09.tif,87
134,MP_EreSC1.1_B1_1_F__09.tif,73
135,MP_EreSC1.1_B1_1_F__09.tif,88
136,MP_EreSC1.1_B1_1_F__09.tif,112
137,MP_EreSC1.1_B1_1_F__09.tif,100
138,MP_EreSC1.1_B1_1_F__09.tif,100
139,MP_EreSC1.1_B1_1_F__09.tif,91
140,MP_EreSC1.1_B1_1_F__09.tif,89
141,MP_EreSC1.1_B1_1_F__09.tif,102
142,MP_EreSC1.1_B1_1_F__09.tif,65
143,MP_EreSC1.1_B1_1_F__09.tif,80
144,MP_EreSC1.1_B1_1_F__09.tif,104
145,MP_EreSC1.1_B1_1_F__10.tif,76
146,MP_EreSC1.1_B1_1_F__10.tif,74
147,MP_EreSC1.1_B1_1_F__10.tif,79
148,MP_EreSC1.1_B1_1_F__10.tif,77
149,MP_EreSC1.1_B1_1_F__10.tif,84
150,MP_EreSC1.1_B1_1_F__10.tif,75
151,MP_EreSC1.1_B1_1_F__10.tif,89
152,MP_EreSC1.1_B1_1_F__10.tif,88
153,MP_EreSC1.1_B1_1_F__10.tif,102
154,MP_EreSC1.1_B1_1_F__10.tif,87
155,MP_EreSC1.1_B1_1_F__10.tif,89
156,MP_EreSC1.1_B1_1_F__10.tif,88
157,MP_EreSC1.1_B1_1_F__10.tif,98
158,MP_EreSC1.1_B1_1_F__10.tif,111
159,MP_EreSC1.1_B1_1_F__10.tif,68
160,MP_EreSC1.1_B1_1_F__10.tif,81
161,MP_EreSC1.1_B1_1_F__11.tif,84
162,MP_EreSC1.1_B1_1_F__11.tif,82
163,MP_EreSC1.1_B1_1_F__11.tif,89
164,MP_EreSC1.1_B1_1_F__11.tif,89
165,MP_EreSC1.1_B1_1_F__11.tif,97
166,MP_EreSC1.1_B1_1_F__11.tif,82
167,MP_EreSC1.1_B1_1_F__11.tif,83
168,MP_EreSC1.1_B1_1_F__11.tif,99
169,MP_EreSC1.1_B1_1_F__11.tif,108
170,MP_EreSC1.1_B1_1_F__11.tif,105
171,MP_EreSC1.1_B1_1_F__11.tif,95
172,MP_EreSC1.1_B1_1_F__11.tif,89
173,MP_EreSC1.1_B1_1_F__11.tif,122
174,MP_EreSC1.1_B1_1_F__11.tif,73
175,MP_EreSC1.1_B1_1_F__11.tif,65
176,MP_EreSC1.1_B1_1_F__11.tif,117
177,MP_EreSC1.1_B1_1_F__12.tif,69
178,MP_EreSC1.1_B1_1_F__12.tif,71
179,MP_EreSC1.1_B1_1_F__12.tif,77
180,MP_EreSC1.1_B1_1_F__12.tif,86
181,MP_EreSC1.1_B1_1_F__12.tif,108
182,MP_EreSC1.1_B1_1_F__12.tif,75
183,MP_EreSC1.1_B1_1_F__12.tif,78
184,MP_EreSC1.1_B1_1_F__12.tif,107
185,MP_EreSC1.1_B1_1_F__12.tif,91
186,MP_EreSC1.1_B1_1_F__12.tif,95
187,MP_EreSC1.1_B1_1_F__12.tif,90
188,MP_EreSC1.1_B1_1_F__12.tif,82
189,MP_EreSC1.1_B1_1_F__12.tif,114
190,MP_EreSC1.1_B1_1_F__12.tif,101
191,MP_EreSC1.1_B1_1_F__12.tif,83
192,MP_EreSC1.1_B1_1_F__12.tif,91
193,MP_EreSC1.1_B1_1_F__13.tif,72
194,MP_EreSC1.1_B1_1_F__13.tif,92
195,MP_EreSC1.1_B1_1_F__13.tif,93
196,MP_EreSC1.1_B1_1_F__13.tif,77
197,MP_EreSC1.1_B1_1_F__13.tif,110
198,MP_EreSC1.1_B1_1_F__13.tif,81
199,MP_EreSC1.1_B1_1_F__13.tif,80
200,MP_EreSC1.1_B1_1_F__13.tif,101
201,MP_EreSC1.1_B1_1_F__13.tif,102
202,MP_EreSC1.1_B1_1_F__13.tif,92
203,MP_EreSC1.1_B1_1_F__13.tif,88
204,MP_EreSC1.1_B1_1_F__13.tif,84
205,MP_EreSC1.1_B1_1_F__13.tif,101
206,MP_EreSC1.1_B1_1_F__13.tif,98
207,MP_EreSC1.1_B1_1_F__13.tif,71
208,MP_EreSC1.1_B1_1_F__13.tif,101
209,MP_EreSC1.1_B1_1_F__14.tif,76
210,MP_EreSC1.1_B1_1_F__14.tif,70
211,MP_EreSC1.1_B1_1_F__14.tif,92
212,MP_EreSC1.1_B1_1_F__14.tif,80
213,MP_EreSC1.1_B1_1_F__14.tif,100
214,MP_EreSC1.1_B1_1_F__14.tif,72
215,MP_EreSC1.1_B1_1_F__14.tif,98
216,MP_EreSC1.1_B1_1_F__14.tif,102
217,MP_EreSC1.1_B1_1_F__14.tif,104
218,MP_EreSC1.1_B1_1_F__14.tif,81
219,MP_EreSC1.1_B1_1_F__14.tif,94
220,MP_EreSC1.1_B1_1_F__14.tif,89
221,MP_EreSC1.1_B1_1_F__14.tif,112
222,MP_EreSC1.1_B1_1_F__14.tif,87
223,MP_EreSC1.1_B1_1_F__14.tif,85
224,MP_EreSC1.1_B1_1_F__14.tif,103
225,MP_EreSC1.1_B1_1_F__15.tif,89
226,MP_EreSC1.1_B1_1_F__15.tif,90
227,MP_EreSC1.1_B1_1_F__15.tif,95
228,MP_EreSC1.1_B1_1_F__15.tif,74
229,MP_EreSC1.1_B1_1_F__15.tif,65
230,MP_EreSC1.1_B1_1_F__15.tif,79
231,MP_EreSC1.1_B1_1_F__15.tif,70
232,MP_EreSC1.1_B1_1_F__15.tif,60
233,MP_EreSC1.1_B1_1_F__15.tif,107
234,MP_EreSC1.1_B1_1_F__15.tif,97
235,MP_EreSC1.1_B1_1_F__15.tif,98
236,MP_EreSC1.1_B1_1_F__15.tif,76
237,MP_EreSC1.1_B1_1_F__15.tif,86
238,MP_EreSC1.1_B1_1_F__15.tif,69
239,MP_EreSC1.1_B1_1_F__15.tif,80
240,MP_EreSC1.1_B1_1_F__15.tif,112
241,MP_EreSC1.1_B1_1_F__16.tif,74
242,MP_EreSC1.1_B1_1_F__16.tif,83
243,MP_EreSC1.1_B1_1_F__16.tif,86
244,MP_EreSC1.1_B1_1_F__16.tif,84
245,MP_EreSC1.1_B1_1_F__16.tif,99
246,MP_EreSC1.1_B1_1_F__16.tif,76
247,MP_EreSC1.1_B1_1_F__16.tif,87
248,MP_EreSC1.1_B1_1_F__16.tif,103
249,MP_EreSC1.1_B1_1_F__16.tif,109
250,MP_EreSC1.1_B1_1_F__16.tif,110
251,MP_EreSC1.1_B1_1_F__16.tif,92
252,MP_EreSC1.1_B1_1_F__16.tif,85
253,MP_EreSC1.1_B1_1_F__16.tif,107
254,MP_EreSC1.1_B1_1_F__16.tif,85
255,MP_EreSC1.1_B1_1_F__16.tif,87
256,MP_EreSC1.1_B1_1_F__16.tif,117
257,MP_EreSC1.1_B1_1_F__17.tif,75
258,MP_EreSC1.1_B1_1_F__17.tif,85
259,MP_EreSC1.1_B1_1_F__17.tif,70
260,MP_EreSC1.1_B1_1_F__17.tif,72
261,MP_EreSC1.1_B1_1_F__17.tif,57
262,MP_EreSC1.1_B1_1_F__17.tif,69
263,MP_EreSC1.1_B1_1_F__17.tif,85
264,MP_EreSC1.1_B1_1_F__17.tif,72
265,MP_EreSC1.1_B1_1_F__17.tif,100
266,MP_EreSC1.1_B1_1_F__17.tif,102
267,MP_EreSC1.1_B1_1_F__17.tif,81
268,MP_EreSC1.1_B1_1_F__17.tif,82
269,MP_EreSC1.1_B1_1_F__17.tif,99
270,MP_EreSC1.1_B1_1_F__17.tif,50
271,MP_EreSC1.1_B1_1_F__17.tif,73
272,MP_EreSC1.1_B1_1_F__17.tif,112
273,MP_EreSC1.1_B1_1_F__18.tif,87
274,MP_EreSC1.1_B1_1_F__18.tif,81
275,MP_EreSC1.1_B1_1_F__18.tif,92
276,MP_EreSC1.1_B1_1_F__18.tif,84
277,MP_EreSC1.1_B1_1_F__18.tif,113
278,MP_EreSC1.1_B1_1_F__18.tif,80
279,MP_EreSC1.1_B1_1_F__18.tif,85
280,MP_EreSC1.1_B1_1_F__18.tif,87
281,MP_EreSC1.1_B1_1_F__18.tif,101
282,MP_EreSC1.1_B1_1_F__18.tif,83
283,MP_EreSC1.1_B1_1_F__18.tif,87
284,MP_EreSC1.1_B1_1_F__18.tif,93
285,MP_EreSC1.1_B1_1_F__18.tif,97
286,MP_EreSC1.1_B1_1_F__18.tif,93
287,MP_EreSC1.1_B1_1_F__18.tif,85
288,MP_EreSC1.1_B1_1_F__18.tif,114
289,MP_EreSC1.1_B1_1_F__19.tif,79
290,MP_EreSC1.1_B1_1_F__19.tif,75
291,MP_EreSC1.1_B1_1_F__19.tif,100
292,MP_EreSC1.1_B1_1_F__19.tif,83
293,MP_EreSC1.1_B1_1_F__19.tif,110
294,MP_EreSC1.1_B1_1_F__19.tif,64
295,MP_EreSC1.1_B1_1_F__19.tif,97
296,MP_EreSC1.1_B1_1_F__19.tif,105
297,MP_EreSC1.1_B1_1_F__19.tif,93
298,MP_EreSC1.1_B1_1_F__19.tif,102
299,MP_EreSC1.1_B1_1_F__19.tif,91
300,MP_EreSC1.1_B1_1_F__19.tif,89
301,MP_EreSC1.1_B1_1_F__19.tif,115
302,MP_EreSC1.1_B1_1_F__19.tif,67
303,MP_EreSC1.1_B1_1_F__19.tif,83
304,MP_EreSC1.1_B1_1_F__19.tif,116
305,MP_EreSC1.1_B1_1_F__20.tif,86
306,MP_EreSC1.1_B1_1_F__20.tif,75
307,MP_EreSC1.1_B1_1_F__20.tif,90
308,MP_EreSC1.1_B1_1_F__20.tif,80
309,MP_EreSC1.1_B1_1_F__20.tif,78
310,MP_EreSC1.1_B1_1_F__20.tif,81
311,MP_EreSC1.1_B1_1_F__20.tif,88
312,MP_EreSC1.1_B1_1_F__20.tif,79
313,MP_EreSC1.1_B1_1_F__20.tif,96
314,MP_EreSC1.1_B1_1_F__20.tif,94
315,MP_EreSC1.1_B1_1_F__20.tif,85
316,MP_EreSC1.1_B1_1_F__20.tif,86
317,MP_EreSC1.1_B1_1_F__20.tif,110
318,MP_EreSC1.1_B1_1_F__20.tif,98
319,MP_EreSC1.1_B1_1_F__20.tif,91
320,MP_EreSC1.1_B1_1_F__20.tif,97
321,MP_EreSC1.1_B1_1_F__21.tif,73
322,MP_EreSC1.1_B1_1_F__21.tif,72
323,MP_EreSC1.1_B1_1_F__21.tif,89
324,MP_EreSC1.1_B1_1_F__21.tif,79
325,MP_EreSC1.1_B1_1_F__21.tif,105
326,MP_EreSC1.1_B1_1_F__21.tif,64
327,MP_EreSC1.1_B1_1_F__21.tif,87
328,MP_EreSC1.1_B1_1_F__21.tif,93
329,MP_EreSC1.1_B1_1_F__21.tif,104
330,MP_EreSC1.1_B1_1_F__21.tif,94
331,MP_EreSC1.1_B1_1_F__21.tif,83
332,MP_EreSC1.1_B1_1_F__21.tif,85
333,MP_EreSC1.1_B1_1_F__21.tif,84
334,MP_EreSC1.1_B1_1_F__21.tif,96
335,MP_EreSC1.1_B1_1_F__21.tif,67
336,MP_EreSC1.1_B1_1_F__21.tif,108
337,MP_EreSC1.1_B1_1_F__22.tif,73
338,MP_EreSC1.1_B1_1_F__22.tif,76
339,MP_EreSC1.1_B1_1_F__22.tif,92
340,MP_EreSC1.1_B1_1_F__22.tif,84
341,MP_EreSC1.1_B1_1_F__22.tif,87
342,MP_EreSC1.1_B1_1_F__22.tif,85
343,MP_EreSC1.1_B1_1_F__22.tif,90
344,MP_EreSC1.1_B1_1_F__22.tif,96
345,MP_EreSC1.1_B1_1_F__22.tif,96
346,MP_EreSC1.1_B1_1_F__22.tif,98
347,MP_EreSC1.1_B1_1_F__22.tif,83
348,MP_EreSC1.1_B1_1_F__22.tif,79
349,MP_EreSC1.1_B1_1_F__22.tif,103
350,MP_EreSC1.1_B1_1_F__22.tif,88
351,MP_EreSC1.1_B1_1_F__22.tif,86
352,MP_EreSC1.1_B1_1_F__22.tif,105
353,MP_EreSC1.1_B1_1_F__23.tif,74
354,MP_EreSC1.1_B1_1_F__23.tif,71
355,MP_EreSC1.1_B1_1_F__23.tif,82
356,MP_EreSC1.1_B1_1_F__23.tif,79
357,MP_EreSC1.1_B1_1_F__23.tif,94
358,MP_EreSC1.1_B1_1_F__23.tif,77
359,MP_EreSC1.1_B1_1_F__23.tif,86
360,MP_EreSC1.1_B1_1_F__23.tif,104
361,MP_EreSC1.1_B1_1_F__23.tif,106
362,MP_EreSC1.1_B1_1_F__23.tif,104
363,MP_EreSC1.1_B1_1_F__23.tif,100
364,MP_EreSC1.1_B1_1_F__23.tif,89
365,MP_EreSC1.1_B1_1_F__23.tif,117
366,MP_EreSC1.1_B1_1_F__23.tif,91
367,MP_EreSC1.1_B1_1_F__23.tif,88
368,MP_EreSC1.1_B1_1_F__23.tif,116
369,MP_EreSC1.1_B1_1_F__24.tif,71
370,MP_EreSC1.1_B1_1_F__24.tif,68
371,MP_EreSC1.1_B1_1_F__24.tif,86
372,MP_EreSC1.1_B1_1_F__24.tif,79
373,MP_EreSC1.1_B1_1_F__24.tif,94
374,MP_EreSC1.1_B1_1_F__24.tif,76
375,MP_EreSC1.1_B1_1_F__24.tif,86
376,MP_EreSC1.1_B1_1_F__24.tif,104
377,MP_EreSC1.1_B1_1_F__24.tif,90
378,MP_EreSC1.1_B1_1_F__24.tif,89
379,MP_EreSC1.1_B1_1_F__24.tif,91
380,MP_EreSC1.1_B1_1_F__24.tif,83
381,MP_EreSC1.1_B1_1_F__24.tif,98
382,MP_EreSC1.1_B1_1_F__24.tif,70
383,MP_EreSC1.1_B1_1_F__24.tif,80
384,MP_EreSC1.1_B1_1_F__24.tif,100
385,MP_EreSC1.1_B1_1_F__25.tif,69
386,MP_EreSC1.1_B1_1_F__25.tif,78
387,MP_EreSC1.1_B1_1_F__25.tif,76
388,MP_EreSC1.1_B1_1_F__25.tif,88
389,MP_EreSC1.1_B1_1_F__25.tif,93
390,MP_EreSC1.1_B1_1_F__25.tif,79
391,MP_EreSC1.1_B1_1_F__25.tif,93
392,MP_EreSC1.1_B1_1_F__25.tif,111
393,MP_EreSC1.1_B1_1_F__25.tif,86
394,MP_EreSC1.1_B1_1_F__25.tif,90
395,MP_EreSC1.1_B1_1_F__25.tif,91
396,MP_EreSC1.1_B1_1_F__25.tif,96
397,MP_EreSC1.1_B1_1_F__25.tif,124
398,MP_EreSC1.1_B1_1_F__25.tif,65
399,MP_EreSC1.1_B1_1_F__25.tif,90
400,MP_EreSC1.1_B1_1_F__25.tif,112
401,MP_EreSC1.1_B1_1_F__26.tif,67
402,MP_EreSC1.1_B1_1_F__26.tif,81
403,MP_EreSC1.1_B1_1_F__26.tif,92
404,MP_EreSC1.1_B1_1_F__26.tif,85
405,MP_EreSC1.1_B1_1_F__26.tif,104
406,MP_EreSC1.1_B1_1_F__26.tif,84
407,MP_EreSC1.1_B1_1_F__26.tif,83
408,MP_EreSC1.1_B1_1_F__26.tif,101
409,MP_EreSC1.1_B1_1_F__26.tif,93
410,MP_EreSC1.1_B1_1_F__26.tif,98
411,MP_EreSC1.1_B1_1_F__26.tif,90
412,MP_EreSC1.1_B1_1_F__26.tif,93
413,MP_EreSC1.1_B1_1_F__26.tif,103
414,MP_EreSC1.1_B1_1_F__26.tif,92
415,MP_EreSC1.1_B1_1_F__26.tif,89
416,MP_EreSC1.1_B1_1_F__26.tif,110
417,MP_EreSC1.1_B1_1_F__27.tif,73
418,MP_EreSC1.1_B1_1_F__27.tif,77
419,MP_EreSC1.1_B1_1_F__27.tif,87
420,MP_EreSC1.1_B1_1_F__27.tif,69
421,MP_EreSC1.1_B1_1_F__27.tif,86
422,MP_EreSC1.1_B1_1_F__27.tif,76
423,MP_EreSC1.1_B1_1_F__27.tif,88
424,MP_EreSC1.1_B1_1_F__27.tif,96
425,MP_EreSC1.1_B1_1_F__27.tif,91
426,MP_EreSC1.1_B1_1_F__27.tif,81
427,MP_EreSC1.1_B1_1_F__27.tif,85
428,MP_EreSC1.1_B1_1_F__27.tif,90
429,MP_EreSC1.1_B1_1_F__27.tif,96
430,MP_EreSC1.1_B1_1_F__27.tif,89
431,MP_EreSC1.1_B1_1_F__27.tif,77
432,MP_EreSC1.1_B1_1_F__27.tif,118
433,MP_EreSC1.1_B1_1_F__28.tif,76
434,MP_EreSC1.1_B1_1_F__28.tif,78
435,MP_EreSC1.1_B1_1_F__28.tif,88
436,MP_EreSC1.1_B1_1_F__28.tif,75
437,MP_EreSC1.1_B1_1_F__28.tif,87
438,MP_EreSC1.1_B1_1_F__28.tif,77
439,MP_EreSC1.1_B1_1_F__28.tif,78
440,MP_EreSC1.1_B1_1_F__28.tif,96
441,MP_EreSC1.1_B1_1_F__28.tif,103
442,MP_EreSC1.1_B1_1_F__28.tif,88
443,MP_EreSC1.1_B1_1_F__28.tif,90
444,MP_EreSC1.1_B1_1_F__28.tif,83
445,MP_EreSC1.1_B1_1_F__28.tif,104
446,MP_EreSC1.1_B1_1_F__28.tif,80
447,MP_EreSC1.1_B1_1_F__28.tif,91
448,MP_EreSC1.1_B1_1_F__28.tif,105
449,MP_EreSC1.1_B1_1_F__29.tif,81
450,MP_EreSC1.1_B1_1_F__29.tif,82
451,MP_EreSC1.1_B1_1_F__29.tif,85
452,MP_EreSC1.1_B1_1_F__29.tif,74
453,MP_EreSC1.1_B1_1_F__29.tif,95
454,MP_EreSC1.1_B1_1_F__29.tif,71
455,MP_EreSC1.1_B1_1_F__29.tif,81
456,MP_EreSC1.1_B1_1_F__29.tif,97
457,MP_EreSC1.1_B1_1_F__29.tif,89
458,MP_EreSC1.1_B1_1_F__29.tif,91
459,MP_EreSC1.1_B1_1_F__29.tif,91
460,MP_EreSC1.1_B1_1_F__29.tif,95
461,MP_EreSC1.1_B1_1_F__29.tif,105
462,MP_EreSC1.1_B1_1_F__29.tif,95
463,MP_EreSC1.1_B1_1_F__29.tif,83
464,MP_EreSC1.1_B1_1_F__29.tif,113
465,MP_EreSC1.1_B1_1_F__30.tif,69
466,MP_EreSC1.1_B1_1_F__30.tif,82
467,MP_EreSC1.1_B1_1_F__30.tif,79
468,MP_EreSC1.1_B1_1_F__30.tif,67
469,MP_EreSC1.1_B1_1_F__30.tif,90
470,MP_EreSC1.1_B1_1_F__30.tif,77
471,MP_EreSC1.1_B1_1_F__30.tif,88
472,MP_EreSC1.1_B1_1_F__30.tif,88
473,MP_EreSC1.1_B1_1_F__30.tif,80
474,MP_EreSC1.1_B1_1_F__30.tif,88
475,MP_EreSC1.1_B1_1_F__30.tif,76
476,MP_EreSC1.1_B1_1_F__30.tif,79
477,MP_EreSC1.1_B1_1_F__30.tif,86
478,MP_EreSC1.1_B1_1_F__30.tif,94
479,MP_EreSC1.1_B1_1_F__30.tif,82
480,MP_EreSC1.1_B1_1_F__30.tif,109
481,MP_EreSC1.1_B1_1_M__01.tif,74
482,MP_EreSC1.1_B1_1_M__01.tif,79
483,MP_EreSC1.1_B1_1_M__01.tif,97
484,MP_EreSC1.1_B1_1_M__01.tif,99
485,MP_EreSC1.1_B1_1_M__01.tif,110
486,MP_EreSC1.1_B1_1_M__01.tif,88
487,MP_EreSC1.1_B1_1_M__01.tif,99
488,MP_EreSC1.1_B1_1_M__01.tif,98
489,MP_EreSC1.1_B1_1_M__01.tif,99
490,MP_EreSC1.1_B1_1_M__01.tif,108
491,MP_EreSC1.1_B1_1_M__01.tif,97
492,MP_EreSC1.1_B1_1_M__01.tif,83
493,MP_EreSC1.1_B1_1_M__01.tif,112
494,MP_EreSC1.1_B1_1_M__01.tif,95
495,MP_EreSC1.1_B1_1_M__01.tif,86
496,MP_EreSC1.1_B1_1_M__01.tif,103
497,MP_EreSC1.1_B1_1_M__02.tif,95
498,MP_EreSC1.1_B1_1_M__02.tif,81
499,MP_EreSC1.1_B1_1_M__02.tif,107
500,MP_EreSC1.1_B1_1_M__02.tif,94
501,MP_EreSC1.1_B1_1_M__02.tif,126
502,MP_EreSC1.1_B1_1_M__02.tif,88
503,MP_EreSC1.1_B1_1_M__02.tif,80
504,MP_EreSC1.1_B1_1_M__02.tif,99
505,MP_EreSC1.1_B1_1_M__02.tif,104
506,MP_EreSC1.1_B1_1_M__02.tif,109
507,MP_EreSC1.1_B1_1_M__02.tif,94
508,MP_EreSC1.1_B1_1_M__02.tif,99
509,MP_EreSC1.1_B1_1_M__02.tif,113
510,MP_EreSC1.1_B1_1_M__02.tif,104
511,MP_EreSC1.1_B1_1_M__02.tif,93
512,MP_EreSC1.1_B1_1_M__02.tif,126
513,MP_EreSC1.1_B1_1_M__03.tif,88
514,MP_EreSC1.1_B1_1_M__03.tif,91
515,MP_EreSC1.1_B1_1_M__03.tif,95
516,MP_EreSC1.1_B1_1_M__03.tif,96
517,MP_EreSC1.1_B1_1_M__03.tif,105
518,MP_EreSC1.1_B1_1_M__03.tif,88
519,MP_EreSC1.1_B1_1_M__03.tif,86
520,MP_EreSC1.1_B1_1_M__03.tif,99
521,MP_EreSC1.1_B1_1_M__03.tif,113
522,MP_EreSC1.1_B1_1_M__03.tif,96
523,MP_EreSC1.1_B1_1_M__03.tif,105
524,MP_EreSC1.1_B1_1_M__03.tif,99
525,MP_EreSC1.1_B1_1_M__03.tif,107
526,MP_EreSC1.1_B1_1_M__03.tif,80
527,MP_EreSC1.1_B1_1_M__03.tif,89
528,MP_EreSC1.1_B1_1_M__03.tif,122
529,MP_EreSC1.1_B1_1_M__04.tif,104
530,MP_EreSC1.1_B1_1_M__04.tif,80
531,MP_EreSC1.1_B1_1_M__04.tif,98
532,MP_EreSC1.1_B1_1_M__04.tif,98
533,MP_EreSC1.1_B1_1_M__04.tif,102
534,MP_EreSC1.1_B1_1_M__04.tif,89
535,MP_EreSC1.1_B1_1_M__04.tif,62
536,MP_EreSC1.1_B1_1_M__04.tif,100
537,MP_EreSC1.1_B1_1_M__04.tif,105
538,MP_EreSC1.1_B1_1_M__04.tif,106
539,MP_EreSC1.1_B1_1_M__04.tif,17
540,MP_EreSC1.1_B1_1_M__04.tif,77
541,MP_EreSC1.1_B1_1_M__04.tif,117
542,MP_EreSC1.1_B1_1_M__04.tif,66
543,MP_EreSC1.1_B1_1_M__04.tif,93
544,MP_EreSC1.1_B1_1_M__04.tif,127
545,MP_EreSC1.1_B1_1_M__05.tif,88
546,MP_EreSC1.1_B1_1_M__05.tif,83
547,MP_EreSC1.1_B1_1_M__05.tif,85
548,MP_EreSC1.1_B1_1_M__05.tif,91
549,MP_EreSC1.1_B1_1_M__05.tif,110
550,MP_EreSC1.1_B1_1_M__05.tif,79
551,MP_EreSC1.1_B1_1_M__05.tif,87
552,MP_EreSC1.1_B1_1_M__05.tif,116
553,MP_EreSC1.1_B1_1_M__05.tif,99
554,MP_EreSC1.1_B1_1_M__05.tif,106
555,MP_EreSC1.1_B1_1_M__05.tif,93
556,MP_EreSC1.1_B1_1_M__05.tif,96
557,MP_EreSC1.1_B1_1_M__05.tif,117
558,MP_EreSC1.1_B1_1_M__05.tif,92
559,MP_EreSC1.1_B1_1_M__05.tif,82
560,MP_EreSC1.1_B1_1_M__05.tif,121
561,MP_EreSC1.1_B1_1_M__06.tif,81
562,MP_EreSC1.1_B1_1_M__06.tif,67
563,MP_EreSC1.1_B1_1_M__06.tif,94
564,MP_EreSC1.1_B1_1_M__06.tif,94
565,MP_EreSC1.1_B1_1_M__06.tif,102
566,MP_EreSC1.1_B1_1_M__06.tif,85
567,MP_EreSC1.1_B1_1_M__06.tif,93
568,MP_EreSC1.1_B1_1_M__06.tif,117
569,MP_EreSC1.1_B1_1_M__06.tif,117
570,MP_EreSC1.1_B1_1_M__06.tif,103
571,MP_EreSC1.1_B1_1_M__06.tif,92
572,MP_EreSC1.1_B1_1_M__06.tif,106
573,MP_EreSC1.1_B1_1_M__06.tif,123
574,MP_EreSC1.1_B1_1_M__06.tif,112
575,MP_EreSC1.1_B1_1_M__06.tif,82
576,MP_EreSC1.1_B1_1_M__06.tif,127
577,MP_EreSC1.1_B1_1_M__07.tif,80
578,MP_EreSC1.1_B1_1_M__07.tif,76
579,MP_EreSC1.1_B1_1_M__07.tif,100
580,MP_EreSC1.1_B1_1_M__07.tif,93
581,MP_EreSC1.1_B1_1_M__07.tif,121
582,MP_EreSC1.1_B1_1_M__07.tif,83
583,MP_EreSC1.1_B1_1_M__07.tif,103
584,MP_EreSC1.1_B1_1_M__07.tif,108
585,MP_EreSC1.1_B1_1_M__07.tif,115
586,MP_EreSC1.1_B1_1_M__07.tif,104
587,MP_EreSC1.1_B1_1_M__07.tif,91
588,MP_EreSC1.1_B1_1_M__07.tif,101
589,MP_EreSC1.1_B1_1_M__07.tif,117
590,MP_EreSC1.1_B1_1_M__07.tif,113
591,MP_EreSC1.1_B1_1_M__07.tif,92
592,MP_EreSC1.1_B1_1_M__07.tif,114
593,MP_EreSC1.1_B1_1_M__08.tif,79
594,MP_EreSC1.1_B1_1_M__08.tif,84
595,MP_EreSC1.1_B1_1_M__08.tif,83
596,MP_EreSC1.1_B1_1_M__08.tif,91
597,MP_EreSC1.1_B1_1_M__08.tif,115
598,MP_EreSC1.1_B1_1_M__08.tif,71
599,MP_EreSC1.1_B1_1_M__08.tif,88
600,MP_EreSC1.1_B1_1_M__08.tif,113
601,MP_EreSC1.1_B1_1_M__08.tif,96
602,MP_EreSC1.1_B1_1_M__08.tif,103
603,MP_EreSC1.1_B1_1_M__08.tif,96
604,MP_EreSC1.1_B1_1_M__08.tif,103
605,MP_EreSC1.1_B1_1_M__08.tif,112
606,MP_EreSC1.1_B1_1_M__08.tif,64
607,MP_EreSC1.1_B1_1_M__08.tif,64
608,MP_EreSC1.1_B1_1_M__08.tif,131
609,MP_EreSC1.1_B1_1_M__09.tif,71
610,MP_EreSC1.1_B1_1_M__09.tif,79
611,MP_EreSC1.1_B1_1_M__09.tif,83
612,MP_EreSC1.1_B1_1_M__09.tif,94
613,MP_EreSC1.1_B1_1_M__09.tif,98
614,MP_EreSC1.1_B1_1_M__09.tif,83
615,MP_EreSC1.1_B1_1_M__09.tif,89
616,MP_EreSC1.1_B1_1_M__09.tif,104
617,MP_EreSC1.1_B1_1_M__09.tif,104
618,MP_EreSC1.1_B1_1_M__09.tif,105
619,MP_EreSC1.1_B1_1_M__09.tif,99
620,MP_EreSC1.1_B1_1_M__09.tif,89
621,MP_EreSC1.1_B1_1_M__09.tif,100
622,MP_EreSC1.1_B1_1_M__09.tif,90
623,MP_EreSC1.1_B1_1_M__09.tif,89
624,MP_EreSC1.1_B1_1_M__09.tif,121
625,MP_EreSC1.1_B1_1_M__10.tif,78
626,MP_EreSC1.1_B1_1_M__10.tif,68
627,MP_EreSC1.1_B1_1_M__10.tif,94
628,MP_EreSC1.1_B1_1_M__10.tif,87
629,MP_EreSC1.1_B1_1_M__10.tif,80
630,MP_EreSC1.1_B1_1_M__10.tif,82
631,MP_EreSC1.1_B1_1_M__10.tif,91
632,MP_EreSC1.1_B1_1_M__10.tif,94
633,MP_EreSC1.1_B1_1_M__10.tif,120
634,MP_EreSC1.1_B1_1_M__10.tif,95
635,MP_EreSC1.1_B1_1_M__10.tif,93
636,MP_EreSC1.1_B1_1_M__10.tif,97
637,MP_EreSC1.1_B1_1_M__10.tif,109
638,MP_EreSC1.1_B1_1_M__10.tif,105
639,MP_EreSC1.1_B1_1_M__10.tif,104
640,MP_EreSC1.1_B1_1_M__10.tif,125
641,MP_EreSC1.1_B1_1_M__11.tif,81
642,MP_EreSC1.1_B1_1_M__11.tif,88
643,MP_EreSC1.1_B1_1_M__11.tif,104
644,MP_EreSC1.1_B1_1_M__11.tif,91
645,MP_EreSC1.1_B1_1_M__11.tif,101
646,MP_EreSC1.1_B1_1_M__11.tif,84
647,MP_EreSC1.1_B1_1_M__11.tif,94
648,MP_EreSC1.1_B1_1_M__11.tif,107
649,MP_EreSC1.1_B1_1_M__11.tif,104
650,MP_EreSC1.1_B1_1_M__11.tif,107
651,MP_EreSC1.1_B1_1_M__11.tif,94
652,MP_EreSC1.1_B1_1_M__11.tif,99
653,MP_EreSC1.1_B1_1_M__11.tif,110
654,MP_EreSC1.1_B1_1_M__11.tif,114
655,MP_EreSC1.1_B1_1_M__11.tif,84
656,MP_EreSC1.1_B1_1_M__11.tif,136
657,MP_EreSC1.1_B1_1_M__12.tif,86
658,MP_EreSC1.1_B1_1_M__12.tif,87
659,MP_EreSC1.1_B1_1_M__12.tif,105
660,MP_EreSC1.1_B1_1_M__12.tif,80
661,MP_EreSC1.1_B1_1_M__12.tif,108
662,MP_EreSC1.1_B1_1_M__12.tif,83
663,MP_EreSC1.1_B1_1_M__12.tif,103
664,MP_EreSC1.1_B1_1_M__12.tif,110
665,MP_EreSC1.1_B1_1_M__12.tif,105
666,MP_EreSC1.1_B1_1_M__12.tif,98
667,MP_EreSC1.1_B1_1_M__12.tif,103
668,MP_EreSC1.1_B1_1_M__12.tif,95
669,MP_EreSC1.1_B1_1_M__12.tif,102
670,MP_EreSC1.1_B1_1_M__12.tif,93
671,MP_EreSC1.1_B1_1_M__12.tif,93
672,MP_EreSC1.1_B1_1_M__12.tif,130
673,MP_EreSC1.1_B1_1_M__13.tif,87
674,MP_EreSC1.1_B1_1_M__13.tif,94
675,MP_EreSC1.1_B1_1_M__13.tif,97
676,MP_EreSC1.1_B1_1_M__13.tif,87
677,MP_EreSC1.1_B1_1_M__13.tif,98
678,MP_EreSC1.1_B1_1_M__13.tif,98
679,MP_EreSC1.1_B1_1_M__13.tif,102
680,MP_EreSC1.1_B1_1_M__13.tif,98
681,MP_EreSC1.1_B1_1_M__13.tif,110
682,MP_EreSC1.1_B1_1_M__13.tif,101
683,MP_EreSC1.1_B1_1_M__13.tif,107
684,MP_EreSC1.1_B1_1_M__13.tif,82
685,MP_EreSC1.1_B1_1_M__13.tif,91
686,MP_EreSC1.1_B1_1_M__13.tif,122
687,MP_EreSC1.1_B1_1_M__13.tif,82
688,MP_EreSC1.1_B1_1_M__13.tif,113
689,MP_EreSC1.1_B1_1_M__14.tif,86
690,MP_EreSC1.1_B1_1_M__14.tif,102
691,MP_EreSC1.1_B1_1_M__14.tif,108
692,MP_EreSC1.1_B1_1_M__14.tif,91
693,MP_EreSC1.1_B1_1_M__14.tif,108
694,MP_EreSC1.1_B1_1_M__14.tif,79
695,MP_EreSC1.1_B1_1_M__14.tif,90
696,MP_EreSC1.1_B1_1_M__14.tif,115
697,MP_EreSC1.1_B1_1_M__14.tif,127
698,MP_EreSC1.1_B1_1_M__14.tif,112
699,MP_EreSC1.1_B1_1_M__14.tif,106
700,MP_EreSC1.1_B1_1_M__14.tif,97
701,MP_EreSC1.1_B1_1_M__14.tif,107
702,MP_EreSC1.1_B1_1_M__14.tif,99
703,MP_EreSC1.1_B1_1_M__14.tif,80
704,MP_EreSC1.1_B1_1_M__14.tif,117
705,MP_EreSC1.1_B1_1_M__15.tif,88
706,MP_EreSC1.1_B1_1_M__15.tif,79
707,MP_EreSC1.1_B1_1_M__15.tif,105
708,MP_EreSC1.1_B1_1_M__15.tif,92
709,MP_EreSC1.1_B1_1_M__15.tif,90
710,MP_EreSC1.1_B1_1_M__15.tif,85
711,MP_EreSC1.1_B1_1_M__15.tif,107
712,MP_EreSC1.1_B1_1_M__15.tif,107
713,MP_EreSC1.1_B1_1_M__15.tif,110
714,MP_EreSC1.1_B1_1_M__15.tif,106
715,MP_EreSC1.1_B1_1_M__15.tif,95
716,MP_EreSC1.1_B1_1_M__15.tif,86
717,MP_EreSC1.1_B1_1_M__15.tif,108
718,MP_EreSC1.1_B1_1_M__15.tif,75
719,MP_EreSC1.1_B1_1_M__15.tif,81
720,MP_EreSC1.1_B1_1_M__15.tif,115
721,MP_EreSC1.1_B1_1_M__16.tif,89
722,MP_EreSC1.1_B1_1_M__16.tif,92
723,MP_EreSC1.1_B1_1_M__16.tif,98
724,MP_EreSC1.1_B1_1_M__16.tif,99
725,MP_EreSC1.1_B1_1_M__16.tif,109
726,MP_EreSC1.1_B1_1_M__16.tif,84
727,MP_EreSC1.1_B1_1_M__16.tif,79
728,MP_EreSC1.1_B1_1_M__16.tif,121
729,MP_EreSC1.1_B1_1_M__16.tif,106
730,MP_EreSC1.1_B1_1_M__16.tif,105
731,MP_EreSC1.1_B1_1_M__16.tif,98
732,MP_EreSC1.1_B1_1_M__16.tif,106
733,MP_EreSC1.1_B1_1_M__16.tif,119
734,MP_EreSC1.1_B1_1_M__16.tif,112
735,MP_EreSC1.1_B1_1_M__16.tif,89
736,MP_EreSC1.1_B1_1_M__16.tif,133
737,MP_EreSC1.1_B1_1_M__17.tif,81
738,MP_EreSC1.1_B1_1_M__17.tif,88
739,MP_EreSC1.1_B1_1_M__17.tif,98
740,MP_EreSC1.1_B1_1_M__17.tif,94
741,MP_EreSC1.1_B1_1_M__17.tif,111
742,MP_EreSC1.1_B1_1_M__17.tif,78
743,MP_EreSC1.1_B1_1_M__17.tif,92
744,MP_EreSC1.1_B1_1_M__17.tif,103
745,MP_EreSC1.1_B1_1_M__17.tif,105
746,MP_EreSC1.1_B1_1_M__17.tif,103
747,MP_EreSC1.1_B1_1_M__17.tif,97
748,MP_EreSC1.1_B1_1_M__17.tif,102
749,MP_EreSC1.1_B1_1_M__17.tif,104
750,MP_EreSC1.1_B1_1_M__17.tif,119
751,MP_EreSC1.1_B1_1_M__17.tif,88
752,MP_EreSC1.1_B1_1_M__17.tif,82
753,MP_EreSC1.1_B1_1_M__18.tif,82
754,MP_EreSC1.1_B1_1_M__18.tif,86
755,MP_EreSC1.1_B1_1_M__18.tif,95
756,MP_EreSC1.1_B1_1_M__18.tif,91
757,MP_EreSC1.1_B1_1_M__18.tif,98
758,MP_EreSC1.1_B1_1_M__18.tif,79
759,MP_EreSC1.1_B1_1_M__18.tif,91
760,MP_EreSC1.1_B1_1_M__18.tif,101
761,MP_EreSC1.1_B1_1_M__18.tif,98
762,MP_EreSC1.1_B1_1_M__18.tif,106
763,MP_EreSC1.1_B1_1_M__18.tif,95
764,MP_EreSC1.1_B1_1_M__18.tif,95
765,MP_EreSC1.1_B1_1_M__18.tif,113
766,MP_EreSC1.1_B1_1_M__18.tif,94
767,MP_EreSC1.1_B1_1_M__18.tif,87
768,MP_EreSC1.1_B1_1_M__18.tif,113
769,MP_EreSC1.1_B1_1_M__19.tif,81
770,MP_EreSC1.1_B1_1_M__19.tif,77
771,MP_EreSC1.1_B1_1_M__19.tif,96
772,MP_EreSC1.1_B1_1_M__19.tif,86
773,MP_EreSC1.1_B1_1_M__19.tif,101
774,MP_EreSC1.1_B1_1_M__19.tif,85
775,MP_EreSC1.1_B1_1_M__19.tif,86
776,MP_EreSC1.1_B1_1_M__19.tif,106
777,MP_EreSC1.1_B1_1_M__19.tif,118
778,MP_EreSC1.1_B1_1_M__19.tif,102
779,MP_EreSC1.1_B1_1_M__19.tif,100
780,MP_EreSC1.1_B1_1_M__19.tif,97
781,MP_EreSC1.1_B1_1_M__19.tif,115
782,MP_EreSC1.1_B1_1_M__19.tif,92
783,MP_EreSC1.1_B1_1_M__19.tif,93
784,MP_EreSC1.1_B1_1_M__19.tif,113
785,MP_EreSC1.1_B1_1_M__20.tif,86
786,MP_EreSC1.1_B1_1_M__20.tif,85
787,MP_EreSC1.1_B1_1_M__20.tif,94
788,MP_EreSC1.1_B1_1_M__20.tif,91
789,MP_EreSC1.1_B1_1_M__20.tif,113
790,MP_EreSC1.1_B1_1_M__20.tif,84
791,MP_EreSC1.1_B1_1_M__20.tif,92
792,MP_EreSC1.1_B1_1_M__20.tif,120
793,MP_EreSC1.1_B1_1_M__20.tif,102
794,MP_EreSC1.1_B1_1_M__20.tif,105
795,MP_EreSC1.1_B1_1_M__20.tif,109
796,MP_EreSC1.1_B1_1_M__20.tif,103
797,MP_EreSC1.1_B1_1_M__20.tif,133
798,MP_EreSC1.1_B1_1_M__20.tif,97
799,MP_EreSC1.1_B1_1_M__20.tif,82
800,MP_EreSC1.1_B1_1_M__20.tif,127
801,MP_EreSC1.1_B1_1_M__21.tif,83
802,MP_EreSC1.1_B1_1_M__21.tif,101
803,MP_EreSC1.1_B1_1_M__21.tif,110
804,MP_EreSC1.1_B1_1_M__21.tif,93
805,MP_EreSC1.1_B1_1_M__21.tif,117
806,MP_EreSC1.1_B1_1_M__21.tif,91
807,MP_EreSC1.1_B1_1_M__21.tif,105
808,MP_EreSC1.1_B1_1_M__21.tif,112
809,MP_EreSC1.1_B1_1_M__21.tif,103
810,MP_EreSC1.1_B1_1_M__21.tif,102
811,MP_EreSC1.1_B1_1_M__21.tif,98
812,MP_EreSC1.1_B1_1_M__21.tif,107
813,MP_EreSC1.1_B1_1_M__21.tif,110
814,MP_EreSC1.1_B1_1_M__21.tif,107
815,MP_EreSC1.1_B1_1_M__21.tif,92
816,MP_EreSC1.1_B1_1_M__21.tif,119
817,MP_EreSC1.1_B1_1_M__22.tif,91
818,MP_EreSC1.1_B1_1_M__22.tif,84
819,MP_EreSC1.1_B1_1_M__22.tif,99
820,MP_EreSC1.1_B1_1_M__22.tif,84
821,MP_EreSC1.1_B1_1_M__22.tif,92
822,MP_EreSC1.1_B1_1_M__22.tif,76
823,MP_EreSC1.1_B1_1_M__22.tif,86
824,MP_EreSC1.1_B1_1_M__22.tif,98
825,MP_EreSC1.1_B1_1_M__22.tif,106
826,MP_EreSC1.1_B1_1_M__22.tif,105
827,MP_EreSC1.1_B1_1_M__22.tif,92
828,MP_EreSC1.1_B1_1_M__22.tif,87
829,MP_EreSC1.1_B1_1_M__22.tif,106
830,MP_EreSC1.1_B1_1_M__22.tif,84
831,MP_EreSC1.1_B1_1_M__22.tif,92
832,MP_EreSC1.1_B1_1_M__22.tif,123
833,MP_EreSC1.1_B1_1_M__23.tif,82
834,MP_EreSC1.1_B1_1_M__23.tif,95
835,MP_EreSC1.1_B1_1_M__23.tif,97
836,MP_EreSC1.1_B1_1_M__23.tif,92
837,MP_EreSC1.1_B1_1_M__23.tif,100
838,MP_EreSC1.1_B1_1_M__23.tif,77
839,MP_EreSC1.1_B1_1_M__23.tif,103
840,MP_EreSC1.1_B1_1_M__23.tif,119
841,MP_EreSC1.1_B1_1_M__23.tif,103
842,MP_EreSC1.1_B1_1_M__23.tif,101
843,MP_EreSC1.1_B1_1_M__23.tif,92
844,MP_EreSC1.1_B1_1_M__23.tif,103
845,MP_EreSC1.1_B1_1_M__23.tif,116
846,MP_EreSC1.1_B1_1_M__23.tif,90
847,MP_EreSC1.1_B1_1_M__23.tif,86
848,MP_EreSC1.1_B1_1_M__23.tif,112
849,MP_EreSC1.1_B1_1_M__24.tif,82
850,MP_EreSC1.1_B1_1_M__24.tif,94
851,MP_EreSC1.1_B1_1_M__24.tif,83
852,MP_EreSC1.1_B1_1_M__24.tif,99
853,MP_EreSC1.1_B1_1_M__24.tif,97
854,MP_EreSC1.1_B1_1_M__24.tif,75
855,MP_EreSC1.1_B1_1_M__24.tif,94
856,MP_EreSC1.1_B1_1_M__24.tif,92
857,MP_EreSC1.1_B1_1_M__24.tif,109
858,MP_EreSC1.1_B1_1_M__24.tif,99
859,MP_EreSC1.1_B1_1_M__24.tif,91
860,MP_EreSC1.1_B1_1_M__24.tif,77
861,MP_EreSC1.1_B1_1_M__24.tif,72
862,MP_EreSC1.1_B1_1_M__24.tif,95
863,MP_EreSC1.1_B1_1_M__24.tif,91
864,MP_EreSC1.1_B1_1_M__24.tif,98
865,MP_EreSC1.1_B1_1_M__25.tif,92
866,MP_EreSC1.1_B1_1_M__25.tif,102
867,MP_EreSC1.1_B1_1_M__25.tif,106
868,MP_EreSC1.1_B1_1_M__25.tif,99
869,MP_EreSC1.1_B1_1_M__25.tif,95
870,MP_EreSC1.1_B1_1_M__25.tif,66
871,MP_EreSC1.1_B1_1_M__25.tif,91
872,MP_EreSC1.1_B1_1_M__25.tif,109
873,MP_EreSC1.1_B1_1_M__25.tif,88
874,MP_EreSC1.1_B1_1_M__25.tif,106
875,MP_EreSC1.1_B1_1_M__25.tif,102
876,MP_EreSC1.1_B1_1_M__25.tif,108
877,MP_EreSC1.1_B1_1_M__25.tif,125
878,MP_EreSC1.1_B1_1_M__25.tif,58
879,MP_EreSC1.1_B1_1_M__25.tif,84
880,MP_EreSC1.1_B1_1_M__25.tif,133
881,MP_EreSC1.1_B1_1_M__26.tif,79
882,MP_EreSC1.1_B1_1_M__26.tif,89
883,MP_EreSC1.1_B1_1_M__26.tif,104
884,MP_EreSC1.1_B1_1_M__26.tif,87
885,MP_EreSC1.1_B1_1_M__26.tif,108
886,MP_EreSC1.1_B1_1_M__26.tif,86
887,MP_EreSC1.1_B1_1_M__26.tif,101
888,MP_EreSC1.1_B1_1_M__26.tif,108
889,MP_EreSC1.1_B1_1_M__26.tif,106
890,MP_EreSC1.1_B1_1_M__26.tif,102
891,MP_EreSC1.1_B1_1_M__26.tif,94
892,MP_EreSC1.1_B1_1_M__26.tif,93
893,MP_EreSC1.1_B1_1_M__26.tif,105
894,MP_EreSC1.1_B1_1_M__26.tif,95
895,MP_EreSC1.1_B1_1_M__26.tif,83
896,MP_EreSC1.1_B1_1_M__26.tif,110
897,MP_EreSC1.1_B1_1_M__27.tif,114
898,MP_EreSC1.1_B1_1_M__27.tif,83
899,MP_EreSC1.1_B1_1_M__27.tif,100
900,MP_EreSC1.1_B1_1_M__27.tif,96
901,MP_EreSC1.1_B1_1_M__27.tif,101
902,MP_EreSC1.1_B1_1_M__27.tif,85
903,MP_EreSC1.1_B1_1_M__27.tif,99
904,MP_EreSC1.1_B1_1_M__27.tif,109
905,MP_EreSC1.1_B1_1_M__27.tif,99
906,MP_EreSC1.1_B1_1_M__27.tif,109
907,MP_EreSC1.1_B1_1_M__27.tif,95
908,MP_EreSC1.1_B1_1_M__27.tif,95
909,MP_EreSC1.1_B1_1_M__27.tif,96
910,MP_EreSC1.1_B1_1_M__27.tif,95
911,MP_EreSC1.1_B1_1_M__27.tif,87
912,MP_EreSC1.1_B1_1_M__27.tif,109
913,MP_EreSC1.1_B1_1_M__28.tif,87
914,MP_EreSC1.1_B1_1_M__28.tif,88
915,MP_EreSC1.1_B1_1_M__28.tif,94
916,MP_EreSC1.1_B1_1_M__28.tif,83
917,MP_EreSC1.1_B1_1_M__28.tif,100
918,MP_EreSC1.1_B1_1_M__28.tif,79
919,MP_EreSC1.1_B1_1_M__28.tif,86
920,MP_EreSC1.1_B1_1_M__28.tif,106
921,MP_EreSC1.1_B1_1_M__28.tif,84
922,MP_EreSC1.1_B1_1_M__28.tif,108
923,MP_EreSC1.1_B1_1_M__28.tif,101
924,MP_EreSC1.1_B1_1_M__28.tif,92
925,MP_EreSC1.1_B1_1_M__28.tif,96
926,MP_EreSC1.1_B1_1_M__28.tif,80
927,MP_EreSC1.1_B1_1_M__28.tif,93
928,MP_EreSC1.1_B1_1_M__28.tif,117
929,MP_EreSC1.1_B1_1_M__29.tif,88
930,MP_EreSC1.1_B1_1_M__29.tif,92
931,MP_EreSC1.1_B1_1_M__29.tif,88
932,MP_EreSC1.1_B1_1_M__29.tif,80
933,MP_EreSC1.1_B1_1_M__29.tif,94
934,MP_EreSC1.1_B1_1_M__29.tif,81
935,MP_EreSC1.1_B1_1_M__29.tif,88
936,MP_EreSC1.1_B1_1_M__29.tif,105
937,MP_EreSC1.1_B1_1_M__29.tif,114
938,MP_EreSC1.1_B1_1_M__29.tif,100
939,MP_EreSC1.1_B1_1_M__29.tif,95
940,MP_EreSC1.1_B1_1_M__29.tif,88
941,MP_EreSC1.1_B1_1_M__29.tif,95
942,MP_EreSC1.1_B1_1_M__29.tif,91
943,MP_EreSC1.1_B1_1_M__29.tif,82
944,MP_EreSC1.1_B1_1_M__29.tif,114
945,MP_EreSC1.1_B1_1_M__30.tif,77
946,MP_EreSC1.1_B1_1_M__30.tif,87
947,MP_EreSC1.1_B1_1_M__30.tif,95
948,MP_EreSC1.1_B1_1_M__30.tif,94
949,MP_EreSC1.1_B1_1_M__30.tif,94
950,MP_EreSC1.1_B1_1_M__30.tif,89
951,MP_EreSC1.1_B1_1_M__30.tif,105
952,MP_EreSC1.1_B1_1_M__30.tif,111
953,MP_EreSC1.1_B1_1_M__30.tif,116
954,MP_EreSC1.1_B1_1_M__30.tif,118
955,MP_EreSC1.1_B1_1_M__30.tif,106
956,MP_EreSC1.1_B1_1_M__30.tif,85
957,MP_EreSC1.1_B1_1_M__30.tif,108
958,MP_EreSC1.1_B1_1_M__30.tif,78
959,MP_EreSC1.1_B1_1_M__30.tif,72
960,MP_EreSC1.1_B1_1_M__30.tif,112
961,MP_EreSC1.1_B1_2_F__01.tif,76
962,MP_EreSC1.1_B1_2_F__01.tif,96
963,MP_EreSC1.1_B1_2_F__01.tif,104
964,MP_EreSC1.1_B1_2_F__01.tif,83
965,MP_EreSC1.1_B1_2_F__01.tif,96
966,MP_EreSC1.1_B1_2_F__01.tif,82
967,MP_EreSC1.1_B1_2_F__01.tif,93
968,MP_EreSC1.1_B1_2_F__01.tif,106
969,MP_EreSC1.1_B1_2_F__01.tif,103
970,MP_EreSC1.1_B1_2_F__01.tif,115
971,MP_EreSC1.1_B1_2_F__01.tif,93
972,MP_EreSC1.1_B1_2_F__01.tif,91
973,MP_EreSC1.1_B1_2_F__01.tif,116
974,MP_EreSC1.1_B1_2_F__01.tif,90
975,MP_EreSC1.1_B1_2_F__01.tif,95
976,MP_EreSC1.1_B1_2_F__01.tif,116
977,MP_EreSC1.1_B1_2_F__02.tif,80
978,MP_EreSC1.1_B1_2_F__02.tif,82
979,MP_EreSC1.1_B1_2_F__02.tif,96
980,MP_EreSC1.1_B1_2_F__02.tif,88
981,MP_EreSC1.1_B1_2_F__02.tif,59
982,MP_EreSC1.1_B1_2_F__02.tif,65
983,MP_EreSC1.1_B1_2_F__02.tif,75
984,MP_EreSC1.1_B1_2_F__02.tif,62
985,MP_EreSC1.1_B1_2_F__02.tif,84
986,MP_EreSC1.1_B1_2_F__02.tif,98
987,MP_EreSC1.1_B1_2_F__02.tif,99
988,MP_EreSC1.1_B1_2_F__02.tif,87
989,MP_EreSC1.1_B1_2_F__02.tif,114
990,MP_EreSC1.1_B1_2_F__02.tif,55
991,MP_EreSC1.1_B1_2_F__02.tif,82
992,MP_EreSC1.1_B1_2_F__02.tif,119
993,MP_EreSC1.1_B1_2_F__03.tif,71
994,MP_EreSC1.1_B1_2_F__03.tif,80
995,MP_EreSC1.1_B1_2_F__03.tif,88
996,MP_EreSC1.1_B1_2_F__03.tif,90
997,MP_EreSC1.1_B1_2_F__03.tif,105
998,MP_EreSC1.1_B1_2_F__03.tif,72
999,MP_EreSC1.1_B1_2_F__03.tif,88
1000,MP_EreSC1.1_B1_2_F__03.tif,101
1001,MP_EreSC1.1_B1_2_F__03.tif,94
1002,MP_EreSC1.1_B1_2_F__03.tif,98
1003,MP_EreSC1.1_B1_2_F__03.tif,95
1004,MP_EreSC1.1_B1_2_F__03.tif,89
1005,MP_EreSC1.1_B1_2_F__03.tif,108
1006,MP_EreSC1.1_B1_2_F__03.tif,74
1007,MP_EreSC1.1_B1_2_F__03.tif,89
1008,MP_EreSC1.1_B1_2_F__03.tif,114
1009,MP_EreSC1.1_B1_2_F__04.tif,64
1010,MP_EreSC1.1_B1_2_F__04.tif,74
1011,MP_EreSC1.1_B1_2_F__04.tif,92
1012,MP_EreSC1.1_B1_2_F__04.tif,89
1013,MP_EreSC1.1_B1_2_F__04.tif,99
1014,MP_EreSC1.1_B1_2_F__04.tif,79
1015,MP_EreSC1.1_B1_2_F__04.tif,98
1016,MP_EreSC1.1_B1_2_F__04.tif,103
1017,MP_EreSC1.1_B1_2_F__04.tif,103
1018,MP_EreSC1.1_B1_2_F__04.tif,108
1019,MP_EreSC1.1_B1_2_F__04.tif,99
1020,MP_EreSC1.1_B1_2_F__04.tif,99
1021,MP_EreSC1.1_B1_2_F__04.tif,106
1022,MP_EreSC1.1_B1_2_F__04.tif,91
1023,MP_EreSC1.1_B1_2_F__04.tif,81
1024,MP_EreSC1.1_B1_2_F__04.tif,107
1025,MP_EreSC1.1_B1_2_F__05.tif,73
1026,MP_EreSC1.1_B1_2_F__05.tif,75
1027,MP_EreSC1.1_B1_2_F__05.tif,88
1028,MP_EreSC1.1_B1_2_F__05.tif,89
1029,MP_EreSC1.1_B1_2_F__05.tif,100
1030,MP_EreSC1.1_B1_2_F__05.tif,84
1031,MP_EreSC1.1_B1_2_F__05.tif,93
1032,MP_EreSC1.1_B1_2_F__05.tif,108
1033,MP_EreSC1.1_B1_2_F__05.tif,111
1034,MP_EreSC1.1_B1_2_F__05.tif,112
1035,MP_EreSC1.1_B1_2_F__05.tif,90
1036,MP_EreSC1.1_B1_2_F__05.tif,96
1037,MP_EreSC1.1_B1_2_F__05.tif,115
1038,MP_EreSC1.1_B1_2_F__05.tif,83
1039,MP_EreSC1.1_B1_2_F__05.tif,75
1040,MP_EreSC1.1_B1_2_F__05.tif,115
1041,MP_EreSC1.1_B1_2_F__06.tif,79
1042,MP_EreSC1.1_B1_2_F__06.tif,88
1043,MP_EreSC1.1_B1_2_F__06.tif,95
1044,MP_EreSC1.1_B1_2_F__06.tif,94
1045,MP_EreSC1.1_B1_2_F__06.tif,91
1046,MP_EreSC1.1_B1_2_F__06.tif,71
1047,MP_EreSC1.1_B1_2_F__06.tif,87
1048,MP_EreSC1.1_B1_2_F__06.tif,111
1049,MP_EreSC1.1_B1_2_F__06.tif,106
1050,MP_EreSC1.1_B1_2_F__06.tif,109
1051,MP_EreSC1.1_B1_2_F__06.tif,102
1052,MP_EreSC1.1_B1_2_F__06.tif,94
1053,MP_EreSC1.1_B1_2_F__06.tif,123
1054,MP_EreSC1.1_B1_2_F__06.tif,90
1055,MP_EreSC1.1_B1_2_F__06.tif,84
1056,MP_EreSC1.1_B1_2_F__06.tif,118
1057,MP_EreSC1.1_B1_2_F__07.tif,70
1058,MP_EreSC1.1_B1_2_F__07.tif,81
1059,MP_EreSC1.1_B1_2_F__07.tif,91
1060,MP_EreSC1.1_B1_2_F__07.tif,93
1061,MP_EreSC1.1_B1_2_F__07.tif,93
1062,MP_EreSC1.1_B1_2_F__07.tif,66
1063,MP_EreSC1.1_B1_2_F__07.tif,74
1064,MP_EreSC1.1_B1_2_F__07.tif,84
1065,MP_EreSC1.1_B1_2_F__07.tif,91
1066,MP_EreSC1.1_B1_2_F__07.tif,101
1067,MP_EreSC1.1_B1_2_F__07.tif,95
1068,MP_EreSC1.1_B1_2_F__07.tif,90
1069,MP_EreSC1.1_B1_2_F__07.tif,117
1070,MP_EreSC1.1_B1_2_F__07.tif,49
1071,MP_EreSC1.1_B1_2_F__07.tif,76
1072,MP_EreSC1.1_B1_2_F__07.tif,112
1073,MP_EreSC1.1_B1_2_F__08.tif,80
1074,MP_EreSC1.1_B1_2_F__08.tif,66
1075,MP_EreSC1.1_B1_2_F__08.tif,88
1076,MP_EreSC1.1_B1_2_F__08.tif,93
1077,MP_EreSC1.1_B1_2_F__08.tif,114
1078,MP_EreSC1.1_B1_2_F__08.tif,74
1079,MP_EreSC1.1_B1_2_F__08.tif,97
1080,MP_EreSC1.1_B1_2_F__08.tif,107
1081,MP_EreSC1.1_B1_2_F__08.tif,111
1082,MP_EreSC1.1_B1_2_F__08.tif,101
1083,MP_EreSC1.1_B1_2_F__08.tif,90
1084,MP_EreSC1.1_B1_2_F__08.tif,92
1085,MP_EreSC1.1_B1_2_F__08.tif,113
1086,MP_EreSC1.1_B1_2_F__08.tif,73
1087,MP_EreSC1.1_B1_2_F__08.tif,86
1088,MP_EreSC1.1_B1_2_F__08.tif,108
1089,MP_EreSC1.1_B1_2_F__09.tif,70
1090,MP_EreSC1.1_B1_2_F__09.tif,84
1091,MP_EreSC1.1_B1_2_F__09.tif,79
1092,MP_EreSC1.1_B1_2_F__09.tif,90
1093,MP_EreSC1.1_B1_2_F__09.tif,105
1094,MP_EreSC1.1_B1_2_F__09.tif,93
1095,MP_EreSC1.1_B1_2_F__09.tif,103
1096,MP_EreSC1.1_B1_2_F__09.tif,105
1097,MP_EreSC1.1_B1_2_F__09.tif,93
1098,MP_EreSC1.1_B1_2_F__09.tif,97
1099,MP_EreSC1.1_B1_2_F__09.tif,87
1100,MP_EreSC1.1_B1_2_F__09.tif,97
1101,MP_EreSC1.1_B1_2_F__09.tif,115
1102,MP_EreSC1.1_B1_2_F__09.tif,101
1103,MP_EreSC1.1_B1_2_F__09.tif,86
1104,MP_EreSC1.1_B1_2_F__09.tif,108
1105,MP_EreSC1.1_B1_2_F__10.tif,77
1106,MP_EreSC1.1_B1_2_F__10.tif,75
1107,MP_EreSC1.1_B1_2_F__10.tif,85
1108,MP_EreSC1.1_B1_2_F__10.tif,89
1109,MP_EreSC1.1_B1_2_F__10.tif,94
1110,MP_EreSC1.1_B1_2_F__10.tif,79
1111,MP_EreSC1.1_B1_2_F__10.tif,81
1112,MP_EreSC1.1_B1_2_F__10.tif,109
1113,MP_EreSC1.1_B1_2_F__10.tif,108
1114,MP_EreSC1.1_B1_2_F__10.tif,93
1115,MP_EreSC1.1_B1_2_F__10.tif,100
1116,MP_EreSC1.1_B1_2_F__10.tif,101
1117,MP_EreSC1.1_B1_2_F__10.tif,100
1118,MP_EreSC1.1_B1_2_F__10.tif,97
1119,MP_EreSC1.1_B1_2_F__10.tif,93
1120,MP_EreSC1.1_B1_2_F__10.tif,105
1121,MP_EreSC1.1_B1_2_F__11.tif,79
1122,MP_EreSC1.1_B1_2_F__11.tif,90
1123,MP_EreSC1.1_B1_2_F__11.tif,97
1124,MP_EreSC1.1_B1_2_F__11.tif,97
1125,MP_EreSC1.1_B1_2_F__11.tif,108
1126,MP_EreSC1.1_B1_2_F__11.tif,105
1127,MP_EreSC1.1_B1_2_F__11.tif,92
1128,MP_EreSC1.1_B1_2_F__11.tif,105
1129,MP_EreSC1.1_B1_2_F__11.tif,130
1130,MP_EreSC1.1_B1_2_F__11.tif,123
1131,MP_EreSC1.1_B1_2_F__11.tif,116
1132,MP_EreSC1.1_B1_2_F__11.tif,116
1133,MP_EreSC1.1_B1_2_F__11.tif,129
1134,MP_EreSC1.1_B1_2_F__11.tif,79
1135,MP_EreSC1.1_B1_2_F__11.tif,85
1136,MP_EreSC1.1_B1_2_F__11.tif,139
1137,MP_EreSC1.1_B1_2_F__12.tif,77
1138,MP_EreSC1.1_B1_2_F__12.tif,81
1139,MP_EreSC1.1_B1_2_F__12.tif,83
1140,MP_EreSC1.1_B1_2_F__12.tif,72
1141,MP_EreSC1.1_B1_2_F__12.tif,66
1142,MP_EreSC1.1_B1_2_F__12.tif,57
1143,MP_EreSC1.1_B1_2_F__12.tif,77
1144,MP_EreSC1.1_B1_2_F__12.tif,93
1145,MP_EreSC1.1_B1_2_F__12.tif,112
1146,MP_EreSC1.1_B1_2_F__12.tif,94
1147,MP_EreSC1.1_B1_2_F__12.tif,80
1148,MP_EreSC1.1_B1_2_F__12.tif,91
1149,MP_EreSC1.1_B1_2_F__12.tif,109
1150,MP_EreSC1.1_B1_2_F__12.tif,68
1151,MP_EreSC1.1_B1_2_F__12.tif,66
1152,MP_EreSC1.1_B1_2_F__12.tif,104
1153,MP_EreSC1.1_B1_2_F__13.tif,81
1154,MP_EreSC1.1_B1_2_F__13.tif,77
1155,MP_EreSC1.1_B1_2_F__13.tif,80
1156,MP_EreSC1.1_B1_2_F__13.tif,93
1157,MP_EreSC1.1_B1_2_F__13.tif,89
1158,MP_EreSC1.1_B1_2_F__13.tif,84
1159,MP_EreSC1.1_B1_2_F__13.tif,97
1160,MP_EreSC1.1_B1_2_F__13.tif,100
1161,MP_EreSC1.1_B1_2_F__13.tif,90
1162,MP_EreSC1.1_B1_2_F__13.tif,85
1163,MP_EreSC1.1_B1_2_F__13.tif,84
1164,MP_EreSC1.1_B1_2_F__13.tif,82
1165,MP_EreSC1.1_B1_2_F__13.tif,110
1166,MP_EreSC1.1_B1_2_F__13.tif,93
1167,MP_EreSC1.1_B1_2_F__13.tif,76
1168,MP_EreSC1.1_B1_2_F__13.tif,98
1169,MP_EreSC1.1_B1_2_F__14.tif,71
1170,MP_EreSC1.1_B1_2_F__14.tif,63
1171,MP_EreSC1.1_B1_2_F__14.tif,88
1172,MP_EreSC1.1_B1_2_F__14.tif,80
1173,MP_EreSC1.1_B1_2_F__14.tif,102
1174,MP_EreSC1.1_B1_2_F__14.tif,82
1175,MP_EreSC1.1_B1_2_F__14.tif,79
1176,MP_EreSC1.1_B1_2_F__14.tif,93
1177,MP_EreSC1.1_B1_2_F__14.tif,100
1178,MP_EreSC1.1_B1_2_F__14.tif,97
1179,MP_EreSC1.1_B1_2_F__14.tif,88
1180,MP_EreSC1.1_B1_2_F__14.tif,84
1181,MP_EreSC1.1_B1_2_F__14.tif,97
1182,MP_EreSC1.1_B1_2_F__14.tif,76
1183,MP_EreSC1.1_B1_2_F__14.tif,73
1184,MP_EreSC1.1_B1_2_F__14.tif,98
1185,MP_EreSC1.1_B1_2_F__15.tif,65
1186,MP_EreSC1.1_B1_2_F__15.tif,76
1187,MP_EreSC1.1_B1_2_F__15.tif,91
1188,MP_EreSC1.1_B1_2_F__15.tif,96
1189,MP_EreSC1.1_B1_2_F__15.tif,102
1190,MP_EreSC1.1_B1_2_F__15.tif,86
1191,MP_EreSC1.1_B1_2_F__15.tif,90
1192,MP_EreSC1.1_B1_2_F__15.tif,113
1193,MP_EreSC1.1_B1_2_F__15.tif,100
1194,MP_EreSC1.1_B1_2_F__15.tif,105
1195,MP_EreSC1.1_B1_2_F__15.tif,101
1196,MP_EreSC1.1_B1_2_F__15.tif,91
1197,MP_EreSC1.1_B1_2_F__15.tif,116
1198,MP_EreSC1.1_B1_2_F__15.tif,93
1199,MP_EreSC1.1_B1_2_F__15.tif,71
1200,MP_EreSC1.1_B1_2_F__15.tif,97
1201,MP_EreSC1.1_B1_2_F__16.tif,71
1202,MP_EreSC1.1_B1_2_F__16.tif,82
1203,MP_EreSC1.1_B1_2_F__16.tif,107
1204,MP_EreSC1.1_B1_2_F__16.tif,96
1205,MP_EreSC1.1_B1_2_F__16.tif,114
1206,MP_EreSC1.1_B1_2_F__16.tif,84
1207,MP_EreSC1.1_B1_2_F__16.tif,92
1208,MP_EreSC1.1_B1_2_F__16.tif,124
1209,MP_EreSC1.1_B1_2_F__16.tif,110
1210,MP_EreSC1.1_B1_2_F__16.tif,127
1211,MP_EreSC1.1_B1_2_F__16.tif,116
1212,MP_EreSC1.1_B1_2_F__16.tif,105
1213,MP_EreSC1.1_B1_2_F__16.tif,123
1214,MP_EreSC1.1_B1_2_F__16.tif,107
1215,MP_EreSC1.1_B1_2_F__16.tif,103
1216,MP_EreSC1.1_B1_2_F__16.tif,115
1217,MP_EreSC1.1_B1_2_F__17.tif,86
1218,MP_EreSC1.1_B1_2_F__17.tif,72
1219,MP_EreSC1.1_B1_2_F__17.tif,77
1220,MP_EreSC1.1_B1_2_F__17.tif,74
1221,MP_EreSC1.1_B1_2_F__17.tif,89
1222,MP_EreSC1.1_B1_2_F__17.tif,79
1223,MP_EreSC1.1_B1_2_F__17.tif,84
1224,MP_EreSC1.1_B1_2_F__17.tif,110
1225,MP_EreSC1.1_B1_2_F__17.tif,102
1226,MP_EreSC1.1_B1_2_F__17.tif,109
1227,MP_EreSC1.1_B1_2_F__17.tif,92
1228,MP_EreSC1.1_B1_2_F__17.tif,90
1229,MP_EreSC1.1_B1_2_F__17.tif,101
1230,MP_EreSC1.1_B1_2_F__17.tif,80
1231,MP_EreSC1.1_B1_2_F__17.tif,87
1232,MP_EreSC1.1_B1_2_F__17.tif,107
1233,MP_EreSC1.1_B1_2_F__18.tif,83
1234,MP_EreSC1.1_B1_2_F__18.tif,85
1235,MP_EreSC1.1_B1_2_F__18.tif,97
1236,MP_EreSC1.1_B1_2_F__18.tif,78
1237,MP_EreSC1.1_B1_2_F__18.tif,104
1238,MP_EreSC1.1_B1_2_F__18.tif,70
1239,MP_EreSC1.1_B1_2_F__18.tif,89
1240,MP_EreSC1.1_B1_2_F__18.tif,102
1241,MP_EreSC1.1_B1_2_F__18.tif,95
1242,MP_EreSC1.1_B1_2_F__18.tif,99
1243,MP_EreSC1.1_B1_2_F__18.tif,94
1244,MP_EreSC1.1_B1_2_F__18.tif,91
1245,MP_EreSC1.1_B1_2_F__18.tif,110
1246,MP_EreSC1.1_B1_2_F__18.tif,79
1247,MP_EreSC1.1_B1_2_F__18.tif,83
1248,MP_EreSC1.1_B1_2_F__18.tif,106
1249,MP_EreSC1.1_B1_2_F__19.tif,86
1250,MP_EreSC1.1_B1_2_F__19.tif,83
1251,MP_EreSC1.1_B1_2_F__19.tif,94
1252,MP_EreSC1.1_B1_2_F__19.tif,86
1253,MP_EreSC1.1_B1_2_F__19.tif,91
1254,MP_EreSC1.1_B1_2_F__19.tif,83
1255,MP_EreSC1.1_B1_2_F__19.tif,93
1256,MP_EreSC1.1_B1_2_F__19.tif,106
1257,MP_EreSC1.1_B1_2_F__19.tif,106
1258,MP_EreSC1.1_B1_2_F__19.tif,90
1259,MP_EreSC1.1_B1_2_F__19.tif,112
1260,MP_EreSC1.1_B1_2_F__19.tif,89
1261,MP_EreSC1.1_B1_2_F__19.tif,117
1262,MP_EreSC1.1_B1_2_F__19.tif,83
1263,MP_EreSC1.1_B1_2_F__19.tif,76
1264,MP_EreSC1.1_B1_2_F__19.tif,110
1265,MP_EreSC1.1_B1_2_F__20.tif,82
1266,MP_EreSC1.1_B1_2_F__20.tif,91
1267,MP_EreSC1.1_B1_2_F__20.tif,92
1268,MP_EreSC1.1_B1_2_F__20.tif,85
1269,MP_EreSC1.1_B1_2_F__20.tif,81
1270,MP_EreSC1.1_B1_2_F__20.tif,77
1271,MP_EreSC1.1_B1_2_F__20.tif,88
1272,MP_EreSC1.1_B1_2_F__20.tif,99
1273,MP_EreSC1.1_B1_2_F__20.tif,122
1274,MP_EreSC1.1_B1_2_F__20.tif,107
1275,MP_EreSC1.1_B1_2_F__20.tif,98
1276,MP_EreSC1.1_B1_2_F__20.tif,86
1277,MP_EreSC1.1_B1_2_F__20.tif,119
1278,MP_EreSC1.1_B1_2_F__20.tif,89
1279,MP_EreSC1.1_B1_2_F__20.tif,94
1280,MP_EreSC1.1_B1_2_F__20.tif,114
1281,MP_EreSC1.1_B1_2_F__21.tif,89
1282,MP_EreSC1.1_B1_2_F__21.tif,98
1283,MP_EreSC1.1_B1_2_F__21.tif,91
1284,MP_EreSC1.1_B1_2_F__21.tif,92
1285,MP_EreSC1.1_B1_2_F__21.tif,93
1286,MP_EreSC1.1_B1_2_F__21.tif,92
1287,MP_EreSC1.1_B1_2_F__21.tif,96
1288,MP_EreSC1.1_B1_2_F__21.tif,113
1289,MP_EreSC1.1_B1_2_F__21.tif,106
1290,MP_EreSC1.1_B1_2_F__21.tif,114
1291,MP_EreSC1.1_B1_2_F__21.tif,103
1292,MP_EreSC1.1_B1_2_F__21.tif,104
1293,MP_EreSC1.1_B1_2_F__21.tif,116
1294,MP_EreSC1.1_B1_2_F__21.tif,84
1295,MP_EreSC1.1_B1_2_F__21.tif,93
1296,MP_EreSC1.1_B1_2_F__21.tif,124
1297,MP_EreSC1.1_B1_2_F__22.tif,101
1298,MP_EreSC1.1_B1_2_F__22.tif,90
1299,MP_EreSC1.1_B1_2_F__22.tif,103
1300,MP_EreSC1.1_B1_2_F__22.tif,95
1301,MP_EreSC1.1_B1_2_F__22.tif,91
1302,MP_EreSC1.1_B1_2_F__22.tif,75
1303,MP_EreSC1.1_B1_2_F__22.tif,104
1304,MP_EreSC1.1_B1_2_F__22.tif,123
1305,MP_EreSC1.1_B1_2_F__22.tif,121
1306,MP_EreSC1.1_B1_2_F__22.tif,117
1307,MP_EreSC1.1_B1_2_F__22.tif,105
1308,MP_EreSC1.1_B1_2_F__22.tif,100
1309,MP_EreSC1.1_B1_2_F__22.tif,109
1310,MP_EreSC1.1_B1_2_F__22.tif,98
1311,MP_EreSC1.1_B1_2_F__22.tif,97
1312,MP_EreSC1.1_B1_2_F__22.tif,120
1313,MP_EreSC1.1_B1_2_F__23.tif,78
1314,MP_EreSC1.1_B1_2_F__23.tif,79
1315,MP_EreSC1.1_B1_2_F__23.tif,96
1316,MP_EreSC1.1_B1_2_F__23.tif,96
1317,MP_EreSC1.1_B1_2_F__23.tif,113
1318,MP_EreSC1.1_B1_2_F__23.tif,96
1319,MP_EreSC1.1_B1_2_F__23.tif,101
1320,MP_EreSC1.1_B1_2_F__23.tif,120
1321,MP_EreSC1.1_B1_2_F__23.tif,112
1322,MP_EreSC1.1_B1_2_F__23.tif,106
1323,MP_EreSC1.1_B1_2_F__23.tif,118
1324,MP_EreSC1.1_B1_2_F__23.tif,98
1325,MP_EreSC1.1_B1_2_F__23.tif,120
1326,MP_EreSC1.1_B1_2_F__23.tif,96
1327,MP_EreSC1.1_B1_2_F__23.tif,89
1328,MP_EreSC1.1_B1_2_F__23.tif,110
1329,MP_EreSC1.1_B1_2_F__24.tif,90
1330,MP_EreSC1.1_B1_2_F__24.tif,75
1331,MP_EreSC1.1_B1_2_F__24.tif,92
1332,MP_EreSC1.1_B1_2_F__24.tif,92
1333,MP_EreSC1.1_B1_2_F__24.tif,86
1334,MP_EreSC1.1_B1_2_F__24.tif,69
1335,MP_EreSC1.1_B1_2_F__24.tif,85
1336,MP_EreSC1.1_B1_2_F__24.tif,101
1337,MP_EreSC1.1_B1_2_F__24.tif,97
1338,MP_EreSC1.1_B1_2_F__24.tif,100
1339,MP_EreSC1.1_B1_2_F__24.tif,104
1340,MP_EreSC1.1_B1_2_F__24.tif,89
1341,MP_EreSC1.1_B1_2_F__24.tif,100
1342,MP_EreSC1.1_B1_2_F__24.tif,81
1343,MP_EreSC1.1_B1_2_F__24.tif,99
1344,MP_EreSC1.1_B1_2_F__24.tif,106
1345,MP_EreSC1.1_B1_2_F__25.tif,76
1346,MP_EreSC1.1_B1_2_F__25.tif,88
1347,MP_EreSC1.1_B1_2_F__25.tif,95
1348,MP_EreSC1.1_B1_2_F__25.tif,86
1349,MP_EreSC1.1_B1_2_F__25.tif,88
1350,MP_EreSC1.1_B1_2_F__25.tif,77
1351,MP_EreSC1.1_B1_2_F__25.tif,92
1352,MP_EreSC1.1_B1_2_F__25.tif,102
1353,MP_EreSC1.1_B1_2_F__25.tif,109
1354,MP_EreSC1.1_B1_2_F__25.tif,103
1355,MP_EreSC1.1_B1_2_F__25.tif,90
1356,MP_EreSC1.1_B1_2_F__25.tif,96
1357,MP_EreSC1.1_B1_2_F__25.tif,114
1358,MP_EreSC1.1_B1_2_F__25.tif,85
1359,MP_EreSC1.1_B1_2_F__25.tif,83
1360,MP_EreSC1.1_B1_2_F__25.tif,93
1361,MP_EreSC1.1_B1_2_F__26.tif,73
1362,MP_EreSC1.1_B1_2_F__26.tif,73
1363,MP_EreSC1.1_B1_2_F__26.tif,86
1364,MP_EreSC1.1_B1_2_F__26.tif,90
1365,MP_EreSC1.1_B1_2_F__26.tif,93
1366,MP_EreSC1.1_B1_2_F__26.tif,76
1367,MP_EreSC1.1_B1_2_F__26.tif,87
1368,MP_EreSC1.1_B1_2_F__26.tif,90
1369,MP_EreSC1.1_B1_2_F__26.tif,107
1370,MP_EreSC1.1_B1_2_F__26.tif,91
1371,MP_EreSC1.1_B1_2_F__26.tif,94
1372,MP_EreSC1.1_B1_2_F__26.tif,99
1373,MP_EreSC1.1_B1_2_F__26.tif,107
1374,MP_EreSC1.1_B1_2_F__26.tif,100
1375,MP_EreSC1.1_B1_2_F__26.tif,90
1376,MP_EreSC1.1_B1_2_F__26.tif,105
1377,MP_EreSC1.1_B1_2_F__27.tif,79
1378,MP_EreSC1.1_B1_2_F__27.tif,70
1379,MP_EreSC1.1_B1_2_F__27.tif,98
1380,MP_EreSC1.1_B1_2_F__27.tif,93
1381,MP_EreSC1.1_B1_2_F__27.tif,91
1382,MP_EreSC1.1_B1_2_F__27.tif,72
1383,MP_EreSC1.1_B1_2_F__27.tif,94
1384,MP_EreSC1.1_B1_2_F__27.tif,100
1385,MP_EreSC1.1_B1_2_F__27.tif,108
1386,MP_EreSC1.1_B1_2_F__27.tif,105
1387,MP_EreSC1.1_B1_2_F__27.tif,84
1388,MP_EreSC1.1_B1_2_F__27.tif,91
1389,MP_EreSC1.1_B1_2_F__27.tif,101
1390,MP_EreSC1.1_B1_2_F__27.tif,84
1391,MP_EreSC1.1_B1_2_F__27.tif,86
1392,MP_EreSC1.1_B1_2_F__27.tif,114
1393,MP_EreSC1.1_B1_2_F__28.tif,75
1394,MP_EreSC1.1_B1_2_F__28.tif,72
1395,MP_EreSC1.1_B1_2_F__28.tif,77
1396,MP_EreSC1.1_B1_2_F__28.tif,93
1397,MP_EreSC1.1_B1_2_F__28.tif,93
1398,MP_EreSC1.1_B1_2_F__28.tif,71
1399,MP_EreSC1.1_B1_2_F__28.tif,91
1400,MP_EreSC1.1_B1_2_F__28.tif,103
1401,MP_EreSC1.1_B1_2_F__28.tif,97
1402,MP_EreSC1.1_B1_2_F__28.tif,108
1403,MP_EreSC1.1_B1_2_F__28.tif,91
1404,MP_EreSC1.1_B1_2_F__28.tif,92
1405,MP_EreSC1.1_B1_2_F__28.tif,108
1406,MP_EreSC1.1_B1_2_F__28.tif,92
1407,MP_EreSC1.1_B1_2_F__28.tif,83
1408,MP_EreSC1.1_B1_2_F__28.tif,98
1409,MP_EreSC1.1_B1_2_F__29.tif,71
1410,MP_EreSC1.1_B1_2_F__29.tif,78
1411,MP_EreSC1.1_B1_2_F__29.tif,93
1412,MP_EreSC1.1_B1_2_F__29.tif,77
1413,MP_EreSC1.1_B1_2_F__29.tif,107
1414,MP_EreSC1.1_B1_2_F__29.tif,81
1415,MP_EreSC1.1_B1_2_F__29.tif,75
1416,MP_EreSC1.1_B1_2_F__29.tif,88
1417,MP_EreSC1.1_B1_2_F__29.tif,105
1418,MP_EreSC1.1_B1_2_F__29.tif,104
1419,MP_EreSC1.1_B1_2_F__29.tif,92
1420,MP_EreSC1.1_B1_2_F__29.tif,96
1421,MP_EreSC1.1_B1_2_F__29.tif,115
1422,MP_EreSC1.1_B1_2_F__29.tif,91
1423,MP_EreSC1.1_B1_2_F__29.tif,76
1424,MP_EreSC1.1_B1_2_F__29.tif,105
1425,MP_EreSC1.1_B1_2_F__30.tif,84
1426,MP_EreSC1.1_B1_2_F__30.tif,88
1427,MP_EreSC1.1_B1_2_F__30.tif,94
1428,MP_EreSC1.1_B1_2_F__30.tif,75
1429,MP_EreSC1.1_B1_2_F__30.tif,104
1430,MP_EreSC1.1_B1_2_F__30.tif,73
1431,MP_EreSC1.1_B1_2_F__30.tif,87
1432,MP_EreSC1.1_B1_2_F__30.tif,104
1433,MP_EreSC1.1_B1_2_F__30.tif,110
1434,MP_EreSC1.1_B1_2_F__30.tif,104
1435,MP_EreSC1.1_B1_2_F__30.tif,107
1436,MP_EreSC1.1_B1_2_F__30.tif,91
1437,MP_EreSC1.1_B1_2_F__30.tif,113
1438,MP_EreSC1.1_B1_2_F__30.tif,97
1439,MP_EreSC1.1_B1_2_F__30.tif,79
1440,MP_EreSC1.1_B1_2_F__30.tif,106
1441,MP_EreSC1.1_B1_2_M__01.tif,90
1442,MP_EreSC1.1_B1_2_M__01.tif,78
1443,MP_EreSC1.1_B1_2_M__01.tif,108
1444,MP_EreSC1.1_B1_2_M__01.tif,95
1445,MP_EreSC1.1_B1_2_M__01.tif,94
1446,MP_EreSC1.1_B1_2_M__01.tif,82
1447,MP_EreSC1.1_B1_2_M__01.tif,96
1448,MP_EreSC1.1_B1_2_M__01.tif,97
1449,MP_EreSC1.1_B1_2_M__01.tif,87
1450,MP_EreSC1.1_B1_2_M__01.tif,103
1451,MP_EreSC1.1_B1_2_M__01.tif,107
1452,MP_EreSC1.1_B1_2_M__01.tif,100
1453,MP_EreSC1.1_B1_2_M__01.tif,105
1454,MP_EreSC1.1_B1_2_M__01.tif,89
1455,MP_EreSC1.1_B1_2_M__01.tif,83
1456,MP_EreSC1.1_B1_2_M__01.tif,105
1457,MP_EreSC1.1_B1_2_M__02.tif,90
1458,MP_EreSC1.1_B1_2_M__02.tif,99
1459,MP_EreSC1.1_B1_2_M__02.tif,107
1460,MP_EreSC1.1_B1_2_M__02.tif,86
1461,MP_EreSC1.1_B1_2_M__02.tif,114
1462,MP_EreSC1.1_B1_2_M__02.tif,76
1463,MP_EreSC1.1_B1_2_M__02.tif,107
1464,MP_EreSC1.1_B1_2_M__02.tif,133
1465,MP_EreSC1.1_B1_2_M__02.tif,78
1466,MP_EreSC1.1_B1_2_M__02.tif,117
1467,MP_EreSC1.1_B1_2_M__02.tif,95
1468,MP_EreSC1.1_B1_2_M__02.tif,92
1469,MP_EreSC1.1_B1_2_M__02.tif,113
1470,MP_EreSC1.1_B1_2_M__02.tif,68
1471,MP_EreSC1.1_B1_2_M__02.tif,97
1472,MP_EreSC1.1_B1_2_M__02.tif,109
1473,MP_EreSC1.1_B1_2_M__03.tif,93
1474,MP_EreSC1.1_B1_2_M__03.tif,87
1475,MP_EreSC1.1_B1_2_M__03.tif,100
1476,MP_EreSC1.1_B1_2_M__03.tif,94
1477,MP_EreSC1.1_B1_2_M__03.tif,102
1478,MP_EreSC1.1_B1_2_M__03.tif,78
1479,MP_EreSC1.1_B1_2_M__03.tif,90
1480,MP_EreSC1.1_B1_2_M__03.tif,120
1481,MP_EreSC1.1_B1_2_M__03.tif,87
1482,MP_EreSC1.1_B1_2_M__03.tif,104
1483,MP_EreSC1.1_B1_2_M__03.tif,114
1484,MP_EreSC1.1_B1_2_M__03.tif,103
1485,MP_EreSC1.1_B1_2_M__03.tif,110
1486,MP_EreSC1.1_B1_2_M__03.tif,60
1487,MP_EreSC1.1_B1_2_M__03.tif,86
1488,MP_EreSC1.1_B1_2_M__03.tif,114
1489,MP_EreSC1.1_B1_2_M__04.tif,89
1490,MP_EreSC1.1_B1_2_M__04.tif,99
1491,MP_EreSC1.1_B1_2_M__04.tif,107
1492,MP_EreSC1.1_B1_2_M__04.tif,92
1493,MP_EreSC1.1_B1_2_M__04.tif,95
1494,MP_EreSC1.1_B1_2_M__04.tif,86
1495,MP_EreSC1.1_B1_2_M__04.tif,90
1496,MP_EreSC1.1_B1_2_M__04.tif,110
1497,MP_EreSC1.1_B1_2_M__04.tif,115
1498,MP_EreSC1.1_B1_2_M__04.tif,113
1499,MP_EreSC1.1_B1_2_M__04.tif,113
1500,MP_EreSC1.1_B1_2_M__04.tif,95
1501,MP_EreSC1.1_B1_2_M__04.tif,112
1502,MP_EreSC1.1_B1_2_M__04.tif,78
1503,MP_EreSC1.1_B1_2_M__04.tif,95
1504,MP_EreSC1.1_B1_2_M__04.tif,118
1505,MP_EreSC1.1_B1_2_M__05.tif,88
1506,MP_EreSC1.1_B1_2_M__05.tif,83
1507,MP_EreSC1.1_B1_2_M__05.tif,85
1508,MP_EreSC1.1_B1_2_M__05.tif,98
1509,MP_EreSC1.1_B1_2_M__05.tif,121
1510,MP_EreSC1.1_B1_2_M__05.tif,79
1511,MP_EreSC1.1_B1_2_M__05.tif,105
1512,MP_EreSC1.1_B1_2_M__05.tif,123
1513,MP_EreSC1.1_B1_2_M__05.tif,114
1514,MP_EreSC1.1_B1_2_M__05.tif,107
1515,MP_EreSC1.1_B1_2_M__05.tif,100
1516,MP_EreSC1.1_B1_2_M__05.tif,98
1517,MP_EreSC1.1_B1_2_M__05.tif,117
1518,MP_EreSC1.1_B1_2_M__05.tif,106
1519,MP_EreSC1.1_B1_2_M__05.tif,85
1520,MP_EreSC1.1_B1_2_M__05.tif,87
1521,MP_EreSC1.1_B1_2_M__06.tif,92
1522,MP_EreSC1.1_B1_2_M__06.tif,98
1523,MP_EreSC1.1_B1_2_M__06.tif,108
1524,MP_EreSC1.1_B1_2_M__06.tif,94
1525,MP_EreSC1.1_B1_2_M__06.tif,99
1526,MP_EreSC1.1_B1_2_M__06.tif,90
1527,MP_EreSC1.1_B1_2_M__06.tif,106
1528,MP_EreSC1.1_B1_2_M__06.tif,113
1529,MP_EreSC1.1_B1_2_M__06.tif,113
1530,MP_EreSC1.1_B1_2_M__06.tif,116
1531,MP_EreSC1.1_B1_2_M__06.tif,104
1532,MP_EreSC1.1_B1_2_M__06.tif,95
1533,MP_EreSC1.1_B1_2_M__06.tif,117
1534,MP_EreSC1.1_B1_2_M__06.tif,80
1535,MP_EreSC1.1_B1_2_M__06.tif,99
1536,MP_EreSC1.1_B1_2_M__06.tif,108
1537,MP_EreSC1.1_B1_2_M__07.tif,95
1538,MP_EreSC1.1_B1_2_M__07.tif,88
1539,MP_EreSC1.1_B1_2_M__07.tif,115
1540,MP_EreSC1.1_B1_2_M__07.tif,100
1541,MP_EreSC1.1_B1_2_M__07.tif,115
1542,MP_EreSC1.1_B1_2_M__07.tif,90
1543,MP_EreSC1.1_B1_2_M__07.tif,109
1544,MP_EreSC1.1_B1_2_M__07.tif,120
1545,MP_EreSC1.1_B1_2_M__07.tif,125
1546,MP_EreSC1.1_B1_2_M__07.tif,113
1547,MP_EreSC1.1_B1_2_M__07.tif,104
1548,MP_EreSC1.1_B1_2_M__07.tif,102
1549,MP_EreSC1.1_B1_2_M__07.tif,126
1550,MP_EreSC1.1_B1_2_M__07.tif,76
1551,MP_EreSC1.1_B1_2_M__07.tif,99
1552,MP_EreSC1.1_B1_2_M__07.tif,105
1553,MP_EreSC1.1_B1_2_M__08.tif,87
1554,MP_EreSC1.1_B1_2_M__08.tif,94
1555,MP_EreSC1.1_B1_2_M__08.tif,108
1556,MP_EreSC1.1_B1_2_M__08.tif,95
1557,MP_EreSC1.1_B1_2_M__08.tif,99
1558,MP_EreSC1.1_B1_2_M__08.tif,93
1559,MP_EreSC1.1_B1_2_M__08.tif,109
1560,MP_EreSC1.1_B1_2_M__08.tif,109
1561,MP_EreSC1.1_B1_2_M__08.tif,128
1562,MP_EreSC1.1_B1_2_M__08.tif,108
1563,MP_EreSC1.1_B1_2_M__08.tif,99
1564,MP_EreSC1.1_B1_2_M__08.tif,105
1565,MP_EreSC1.1_B1_2_M__08.tif,93
1566,MP_EreSC1.1_B1_2_M__08.tif,100
1567,MP_EreSC1.1_B1_2_M__08.tif,87
1568,MP_EreSC1.1_B1_2_M__08.tif,110
1569,MP_EreSC1.1_B1_2_M__09.tif,69
1570,MP_EreSC1.1_B1_2_M__09.tif,85
1571,MP_EreSC1.1_B1_2_M__09.tif,100
1572,MP_EreSC1.1_B1_2_M__09.tif,103
1573,MP_EreSC1.1_B1_2_M__09.tif,109
1574,MP_EreSC1.1_B1_2_M__09.tif,89
1575,MP_EreSC1.1_B1_2_M__09.tif,98
1576,MP_EreSC1.1_B1_2_M__09.tif,103
1577,MP_EreSC1.1_B1_2_M__09.tif,112
1578,MP_EreSC1.1_B1_2_M__09.tif,118
1579,MP_EreSC1.1_B1_2_M__09.tif,118
1580,MP_EreSC1.1_B1_2_M__09.tif,90
1581,MP_EreSC1.1_B1_2_M__09.tif,123
1582,MP_EreSC1.1_B1_2_M__09.tif,107
1583,MP_EreSC1.1_B1_2_M__09.tif,99
1584,MP_EreSC1.1_B1_2_M__09.tif,110
1585,MP_EreSC1.1_B1_2_M__10.tif,63
1586,MP_EreSC1.1_B1_2_M__10.tif,71
1587,MP_EreSC1.1_B1_2_M__10.tif,97
1588,MP_EreSC1.1_B1_2_M__10.tif,89
1589,MP_EreSC1.1_B1_2_M__10.tif,102
1590,MP_EreSC1.1_B1_2_M__10.tif,75
1591,MP_EreSC1.1_B1_2_M__10.tif,91
1592,MP_EreSC1.1_B1_2_M__10.tif,114
1593,MP_EreSC1.1_B1_2_M__10.tif,107
1594,MP_EreSC1.1_B1_2_M__10.tif,98
1595,MP_EreSC1.1_B1_2_M__10.tif,97
1596,MP_EreSC1.1_B1_2_M__10.tif,92
1597,MP_EreSC1.1_B1_2_M__10.tif,106
1598,MP_EreSC1.1_B1_2_M__10.tif,99
1599,MP_EreSC1.1_B1_2_M__10.tif,87
1600,MP_EreSC1.1_B1_2_M__10.tif,91
1601,MP_EreSC1.1_B1_2_M__11.tif,115
1602,MP_EreSC1.1_B1_2_M__11.tif,77
1603,MP_EreSC1.1_B1_2_M__11.tif,133
1604,MP_EreSC1.1_B1_2_M__11.tif,122
1605,MP_EreSC1.1_B1_2_M__11.tif,166
1606,MP_EreSC1.1_B1_2_M__11.tif,139
1607,MP_EreSC1.1_B1_2_M__11.tif,168
1608,MP_EreSC1.1_B1_2_M__11.tif,181
1609,MP_EreSC1.1_B1_2_M__11.tif,174
1610,MP_EreSC1.1_B1_2_M__11.tif,157
1611,MP_EreSC1.1_B1_2_M__11.tif,154
1612,MP_EreSC1.1_B1_2_M__11.tif,149
1613,MP_EreSC1.1_B1_2_M__11.tif,102
1614,MP_EreSC1.1_B1_2_M__11.tif,111
1615,MP_EreSC1.1_B1_2_M__11.tif,113
1616,MP_EreSC1.1_B1_2_M__11.tif,136
1617,MP_EreSC1.1_B1_2_M__12.tif,86
1618,MP_EreSC1.1_B1_2_M__12.tif,87
1619,MP_EreSC1.1_B1_2_M__12.tif,107
1620,MP_EreSC1.1_B1_2_M__12.tif,95
1621,MP_EreSC1.1_B1_2_M__12.tif,99
1622,MP_EreSC1.1_B1_2_M__12.tif,90
1623,MP_EreSC1.1_B1_2_M__12.tif,94
1624,MP_EreSC1.1_B1_2_M__12.tif,110
1625,MP_EreSC1.1_B1_2_M__12.tif,120
1626,MP_EreSC1.1_B1_2_M__12.tif,101
1627,MP_EreSC1.1_B1_2_M__12.tif,101
1628,MP_EreSC1.1_B1_2_M__12.tif,94
1629,MP_EreSC1.1_B1_2_M__12.tif,103
1630,MP_EreSC1.1_B1_2_M__12.tif,113
1631,MP_EreSC1.1_B1_2_M__12.tif,89
1632,MP_EreSC1.1_B1_2_M__12.tif,111
1633,MP_EreSC1.1_B1_2_M__13.tif,80
1634,MP_EreSC1.1_B1_2_M__13.tif,77
1635,MP_EreSC1.1_B1_2_M__13.tif,103
1636,MP_EreSC1.1_B1_2_M__13.tif,96
1637,MP_EreSC1.1_B1_2_M__13.tif,101
1638,MP_EreSC1.1_B1_2_M__13.tif,80
1639,MP_EreSC1.1_B1_2_M__13.tif,90
1640,MP_EreSC1.1_B1_2_M__13.tif,120
1641,MP_EreSC1.1_B1_2_M__13.tif,105
1642,MP_EreSC1.1_B1_2_M__13.tif,113
1643,MP_EreSC1.1_B1_2_M__13.tif,94
1644,MP_EreSC1.1_B1_2_M__13.tif,98
1645,MP_EreSC1.1_B1_2_M__13.tif,107
1646,MP_EreSC1.1_B1_2_M__13.tif,83
1647,MP_EreSC1.1_B1_2_M__13.tif,104
1648,MP_EreSC1.1_B1_2_M__13.tif,101
1649,MP_EreSC1.1_B1_2_M__14.tif,91
1650,MP_EreSC1.1_B1_2_M__14.tif,89
1651,MP_EreSC1.1_B1_2_M__14.tif,107
1652,MP_EreSC1.1_B1_2_M__14.tif,97
1653,MP_EreSC1.1_B1_2_M__14.tif,123
1654,MP_EreSC1.1_B1_2_M__14.tif,87
1655,MP_EreSC1.1_B1_2_M__14.tif,97
1656,MP_EreSC1.1_B1_2_M__14.tif,94
1657,MP_EreSC1.1_B1_2_M__14.tif,123
1658,MP_EreSC1.1_B1_2_M__14.tif,111
1659,MP_EreSC1.1_B1_2_M__14.tif,94
1660,MP_EreSC1.1_B1_2_M__14.tif,101
1661,MP_EreSC1.1_B1_2_M__14.tif,123
1662,MP_EreSC1.1_B1_2_M__14.tif,94
1663,MP_EreSC1.1_B1_2_M__14.tif,86
1664,MP_EreSC1.1_B1_2_M__14.tif,110
1665,MP_EreSC1.1_B1_2_M__15.tif,87
1666,MP_EreSC1.1_B1_2_M__15.tif,85
1667,MP_EreSC1.1_B1_2_M__15.tif,104
1668,MP_EreSC1.1_B1_2_M__15.tif,100
1669,MP_EreSC1.1_B1_2_M__15.tif,107
1670,MP_EreSC1.1_B1_2_M__15.tif,87
1671,MP_EreSC1.1_B1_2_M__15.tif,91
1672,MP_EreSC1.1_B1_2_M__15.tif,110
1673,MP_EreSC1.1_B1_2_M__15.tif,132
1674,MP_EreSC1.1_B1_2_M__15.tif,89
1675,MP_EreSC1.1_B1_2_M__15.tif,96
1676,MP_EreSC1.1_B1_2_M__15.tif,90
1677,MP_EreSC1.1_B1_2_M__15.tif,99
1678,MP_EreSC1.1_B1_2_M__15.tif,112
1679,MP_EreSC1.1_B1_2_M__15.tif,98
1680,MP_EreSC1.1_B1_2_M__15.tif,105
1681,MP_EreSC1.1_B1_2_M__16.tif,90
1682,MP_EreSC1.1_B1_2_M__16.tif,78
1683,MP_EreSC1.1_B1_2_M__16.tif,89
1684,MP_EreSC1.1_B1_2_M__16.tif,99
1685,MP_EreSC1.1_B1_2_M__16.tif,109
1686,MP_EreSC1.1_B1_2_M__16.tif,93
1687,MP_EreSC1.1_B1_2_M__16.tif,107
1688,MP_EreSC1.1_B1_2_M__16.tif,117
1689,MP_EreSC1.1_B1_2_M__16.tif,120
1690,MP_EreSC1.1_B1_2_M__16.tif,124
1691,MP_EreSC1.1_B1_2_M__16.tif,109
1692,MP_EreSC1.1_B1_2_M__16.tif,110
1693,MP_EreSC1.1_B1_2_M__16.tif,119
1694,MP_EreSC1.1_B1_2_M__16.tif,102
1695,MP_EreSC1.1_B1_2_M__16.tif,98
1696,MP_EreSC1.1_B1_2_M__16.tif,111
1697,MP_EreSC1.1_B1_2_M__17.tif,73
1698,MP_EreSC1.1_B1_2_M__17.tif,101
1699,MP_EreSC1.1_B1_2_M__17.tif,94
1700,MP_EreSC1.1_B1_2_M__17.tif,93
1701,MP_EreSC1.1_B1_2_M__17.tif,107
1702,MP_EreSC1.1_B1_2_M__17.tif,87
1703,MP_EreSC1.1_B1_2_M__17.tif,111
1704,MP_EreSC1.1_B1_2_M__17.tif,113
1705,MP_EreSC1.1_B1_2_M__17.tif,97
1706,MP_EreSC1.1_B1_2_M__17.tif,105
1707,MP_EreSC1.1_B1_2_M__17.tif,97
1708,MP_EreSC1.1_B1_2_M__17.tif,88
1709,MP_EreSC1.1_B1_2_M__17.tif,119
1710,MP_EreSC1.1_B1_2_M__17.tif,111
1711,MP_EreSC1.1_B1_2_M__17.tif,90
1712,MP_EreSC1.1_B1_2_M__17.tif,119
1713,MP_EreSC1.1_B1_2_M__18.tif,95
1714,MP_EreSC1.1_B1_2_M__18.tif,87
1715,MP_EreSC1.1_B1_2_M__18.tif,113
1716,MP_EreSC1.1_B1_2_M__18.tif,99
1717,MP_EreSC1.1_B1_2_M__18.tif,120
1718,MP_EreSC1.1_B1_2_M__18.tif,84
1719,MP_EreSC1.1_B1_2_M__18.tif,100
1720,MP_EreSC1.1_B1_2_M__18.tif,115
1721,MP_EreSC1.1_B1_2_M__18.tif,111
1722,MP_EreSC1.1_B1_2_M__18.tif,116
1723,MP_EreSC1.1_B1_2_M__18.tif,113
1724,MP_EreSC1.1_B1_2_M__18.tif,106
1725,MP_EreSC1.1_B1_2_M__18.tif,105
1726,MP_EreSC1.1_B1_2_M__18.tif,97
1727,MP_EreSC1.1_B1_2_M__18.tif,92
1728,MP_EreSC1.1_B1_2_M__18.tif,121
1729,MP_EreSC1.1_B1_2_M__19.tif,82
1730,MP_EreSC1.1_B1_2_M__19.tif,73
1731,MP_EreSC1.1_B1_2_M__19.tif,98
1732,MP_EreSC1.1_B1_2_M__19.tif,94
1733,MP_EreSC1.1_B1_2_M__19.tif,90
1734,MP_EreSC1.1_B1_2_M__19.tif,82
1735,MP_EreSC1.1_B1_2_M__19.tif,89
1736,MP_EreSC1.1_B1_2_M__19.tif,115
1737,MP_EreSC1.1_B1_2_M__19.tif,110
1738,MP_EreSC1.1_B1_2_M__19.tif,116
1739,MP_EreSC1.1_B1_2_M__19.tif,85
1740,MP_EreSC1.1_B1_2_M__19.tif,104
1741,MP_EreSC1.1_B1_2_M__19.tif,116
1742,MP_EreSC1.1_B1_2_M__19.tif,102
1743,MP_EreSC1.1_B1_2_M__19.tif,85
1744,MP_EreSC1.1_B1_2_M__19.tif,119
1745,MP_EreSC1.1_B1_2_M__20.tif,89
1746,MP_EreSC1.1_B1_2_M__20.tif,84
1747,MP_EreSC1.1_B1_2_M__20.tif,100
1748,MP_EreSC1.1_B1_2_M__20.tif,90
1749,MP_EreSC1.1_B1_2_M__20.tif,103
1750,MP_EreSC1.1_B1_2_M__20.tif,91
1751,MP_EreSC1.1_B1_2_M__20.tif,106
1752,MP_EreSC1.1_B1_2_M__20.tif,126
1753,MP_EreSC1.1_B1_2_M__20.tif,119
1754,MP_EreSC1.1_B1_2_M__20.tif,97
1755,MP_EreSC1.1_B1_2_M__20.tif,103
1756,MP_EreSC1.1_B1_2_M__20.tif,93
1757,MP_EreSC1.1_B1_2_M__20.tif,107
1758,MP_EreSC1.1_B1_2_M__20.tif,97
1759,MP_EreSC1.1_B1_2_M__20.tif,93
1760,MP_EreSC1.1_B1_2_M__20.tif,100
1761,MP_EreSC1.1_B1_2_M__21.tif,76
1762,MP_EreSC1.1_B1_2_M__21.tif,75
1763,MP_EreSC1.1_B1_2_M__21.tif,89
1764,MP_EreSC1.1_B1_2_M__21.tif,108
1765,MP_EreSC1.1_B1_2_M__21.tif,97
1766,MP_EreSC1.1_B1_2_M__21.tif,92
1767,MP_EreSC1.1_B1_2_M__21.tif,100
1768,MP_EreSC1.1_B1_2_M__21.tif,100
1769,MP_EreSC1.1_B1_2_M__21.tif,97
1770,MP_EreSC1.1_B1_2_M__21.tif,86
1771,MP_EreSC1.1_B1_2_M__21.tif,108
1772,MP_EreSC1.1_B1_2_M__21.tif,95
1773,MP_EreSC1.1_B1_2_M__21.tif,95
1774,MP_EreSC1.1_B1_2_M__21.tif,103
1775,MP_EreSC1.1_B1_2_M__21.tif,102
1776,MP_EreSC1.1_B1_2_M__21.tif,111
1777,MP_EreSC1.1_B1_2_M__22.tif,78
1778,MP_EreSC1.1_B1_2_M__22.tif,72
1779,MP_EreSC1.1_B1_2_M__22.tif,91
1780,MP_EreSC1.1_B1_2_M__22.tif,83
1781,MP_EreSC1.1_B1_2_M__22.tif,100
1782,MP_EreSC1.1_B1_2_M__22.tif,83
1783,MP_EreSC1.1_B1_2_M__22.tif,106
1784,MP_EreSC1.1_B1_2_M__22.tif,108
1785,MP_EreSC1.1_B1_2_M__22.tif,115
1786,MP_EreSC1.1_B1_2_M__22.tif,116
1787,MP_EreSC1.1_B1_2_M__22.tif,98
1788,MP_EreSC1.1_B1_2_M__22.tif,96
1789,MP_EreSC1.1_B1_2_M__22.tif,131
1790,MP_EreSC1.1_B1_2_M__22.tif,105
1791,MP_EreSC1.1_B1_2_M__22.tif,93
1792,MP_EreSC1.1_B1_2_M__22.tif,109
1793,MP_EreSC1.1_B1_2_M__23.tif,90
1794,MP_EreSC1.1_B1_2_M__23.tif,81
1795,MP_EreSC1.1_B1_2_M__23.tif,96
1796,MP_EreSC1.1_B1_2_M__23.tif,88
1797,MP_EreSC1.1_B1_2_M__23.tif,96
1798,MP_EreSC1.1_B1_2_M__23.tif,81
1799,MP_EreSC1.1_B1_2_M__23.tif,98
1800,MP_EreSC1.1_B1_2_M__23.tif,102
1801,MP_EreSC1.1_B1_2_M__23.tif,114
1802,MP_EreSC1.1_B1_2_M__23.tif,103
1803,MP_EreSC1.1_B1_2_M__23.tif,94
1804,MP_EreSC1.1_B1_2_M__23.tif,102
1805,MP_EreSC1.1_B1_2_M__23.tif,106
1806,MP_EreSC1.1_B1_2_M__23.tif,99
1807,MP_EreSC1.1_B1_2_M__23.tif,88
1808,MP_EreSC1.1_B1_2_M__23.tif,110
1809,MP_EreSC1.1_B1_2_M__24.tif,90
1810,MP_EreSC1.1_B1_2_M__24.tif,93
1811,MP_EreSC1.1_B1_2_M__24.tif,109
1812,MP_EreSC1.1_B1_2_M__24.tif,88
1813,MP_EreSC1.1_B1_2_M__24.tif,112
1814,MP_EreSC1.1_B1_2_M__24.tif,97
1815,MP_EreSC1.1_B1_2_M__24.tif,104
1816,MP_EreSC1.1_B1_2_M__24.tif,107
1817,MP_EreSC1.1_B1_2_M__24.tif,116
1818,MP_EreSC1.1_B1_2_M__24.tif,107
1819,MP_EreSC1.1_B1_2_M__24.tif,104
1820,MP_EreSC1.1_B1_2_M__24.tif,112
1821,MP_EreSC1.1_B1_2_M__24.tif,120
1822,MP_EreSC1.1_B1_2_M__24.tif,102
1823,MP_EreSC1.1_B1_2_M__24.tif,101
1824,MP_EreSC1.1_B1_2_M__24.tif,104
1825,MP_EreSC1.1_B1_2_M__25.tif,90
1826,MP_EreSC1.1_B1_2_M__25.tif,94
1827,MP_EreSC1.1_B1_2_M__25.tif,105
1828,MP_EreSC1.1_B1_2_M__25.tif,91
1829,MP_EreSC1.1_B1_2_M__25.tif,105
1830,MP_EreSC1.1_B1_2_M__25.tif,97
1831,MP_EreSC1.1_B1_2_M__25.tif,99
1832,MP_EreSC1.1_B1_2_M__25.tif,102
1833,MP_EreSC1.1_B1_2_M__25.tif,124
1834,MP_EreSC1.1_B1_2_M__25.tif,102
1835,MP_EreSC1.1_B1_2_M__25.tif,109
1836,MP_EreSC1.1_B1_2_M__25.tif,104
1837,MP_EreSC1.1_B1_2_M__25.tif,118
1838,MP_EreSC1.1_B1_2_M__25.tif,105
1839,MP_EreSC1.1_B1_2_M__25.tif,104
1840,MP_EreSC1.1_B1_2_M__25.tif,132
1841,MP_EreSC1.1_B1_2_M__26.tif,99
1842,MP_EreSC1.1_B1_2_M__26.tif,90
1843,MP_EreSC1.1_B1_2_M__26.tif,108
1844,MP_EreSC1.1_B1_2_M__26.tif,99
1845,MP_EreSC1.1_B1_2_M__26.tif,108
1846,MP_EreSC1.1_B1_2_M__26.tif,90
1847,MP_EreSC1.1_B1_2_M__26.tif,106
1848,MP_EreSC1.1_B1_2_M__26.tif,110
1849,MP_EreSC1.1_B1_2_M__26.tif,110
1850,MP_EreSC1.1_B1_2_M__26.tif,111
1851,MP_EreSC1.1_B1_2_M__26.tif,107
1852,MP_EreSC1.1_B1_2_M__26.tif,103
1853,MP_EreSC1.1_B1_2_M__26.tif,101
1854,MP_EreSC1.1_B1_2_M__26.tif,113
1855,MP_EreSC1.1_B1_2_M__26.tif,101
1856,MP_EreSC1.1_B1_2_M__26.tif,118
1857,MP_EreSC1.1_B1_2_M__27.tif,93
1858,MP_EreSC1.1_B1_2_M__27.tif,90
1859,MP_EreSC1.1_B1_2_M__27.tif,107
1860,MP_EreSC1.1_B1_2_M__27.tif,109
1861,MP_EreSC1.1_B1_2_M__27.tif,115
1862,MP_EreSC1.1_B1_2_M__27.tif,84
1863,MP_EreSC1.1_B1_2_M__27.tif,103
1864,MP_EreSC1.1_B1_2_M__27.tif,110
1865,MP_EreSC1.1_B1_2_M__27.tif,115
1866,MP_EreSC1.1_B1_2_M__27.tif,115
1867,MP_EreSC1.1_B1_2_M__27.tif,110
1868,MP_EreSC1.1_B1_2_M__27.tif,103
1869,MP_EreSC1.1_B1_2_M__27.tif,124
1870,MP_EreSC1.1_B1_2_M__27.tif,98
1871,MP_EreSC1.1_B1_2_M__27.tif,101
1872,MP_EreSC1.1_B1_2_M__27.tif,123
1873,MP_EreSC1.1_B1_2_M__28.tif,91
1874,MP_EreSC1.1_B1_2_M__28.tif,100
1875,MP_EreSC1.1_B1_2_M__28.tif,108
1876,MP_EreSC1.1_B1_2_M__28.tif,90
1877,MP_EreSC1.1_B1_2_M__28.tif,112
1878,MP_EreSC1.1_B1_2_M__28.tif,88
1879,MP_EreSC1.1_B1_2_M__28.tif,101
1880,MP_EreSC1.1_B1_2_M__28.tif,108
1881,MP_EreSC1.1_B1_2_M__28.tif,104
1882,MP_EreSC1.1_B1_2_M__28.tif,102
1883,MP_EreSC1.1_B1_2_M__28.tif,107
1884,MP_EreSC1.1_B1_2_M__28.tif,98
1885,MP_EreSC1.1_B1_2_M__28.tif,118
1886,MP_EreSC1.1_B1_2_M__28.tif,101
1887,MP_EreSC1.1_B1_2_M__28.tif,95
1888,MP_EreSC1.1_B1_2_M__28.tif,123
1889,MP_EreSC1.1_B1_2_M__29.tif,71
1890,MP_EreSC1.1_B1_2_M__29.tif,105
1891,MP_EreSC1.1_B1_2_M__29.tif,105
1892,MP_EreSC1.1_B1_2_M__29.tif,101
1893,MP_EreSC1.1_B1_2_M__29.tif,106
1894,MP_EreSC1.1_B1_2_M__29.tif,102
1895,MP_EreSC1.1_B1_2_M__29.tif,101
1896,MP_EreSC1.1_B1_2_M__29.tif,111
1897,MP_EreSC1.1_B1_2_M__29.tif,121
1898,MP_EreSC1.1_B1_2_M__29.tif,111
1899,MP_EreSC1.1_B1_2_M__29.tif,101
1900,MP_EreSC1.1_B1_2_M__29.tif,102
1901,MP_EreSC1.1_B1_2_M__29.tif,113
1902,MP_EreSC1.1_B1_2_M__29.tif,98
1903,MP_EreSC1.1_B1_2_M__29.tif,90
1904,MP_EreSC1.1_B1_2_M__29.tif,118
1905,MP_EreSC1.1_B1_2_M__30.tif,92
1906,MP_EreSC1.1_B1_2_M__30.tif,100
1907,MP_EreSC1.1_B1_2_M__30.tif,101
1908,MP_EreSC1.1_B1_2_M__30.tif,101
1909,MP_EreSC1.1_B1_2_M__30.tif,103
1910,MP_EreSC1.1_B1_2_M__30.tif,93
1911,MP_EreSC1.1_B1_2_M__30.tif,95
1912,MP_EreSC1.1_B1_2_M__30.tif,100
1913,MP_EreSC1.1_B1_2_M__30.tif,124
1914,MP_EreSC1.1_B1_2_M__30.tif,109
1915,MP_EreSC1.1_B1_2_M__30.tif,103
1916,MP_EreSC1.1_B1_2_M__30.tif,107
1917,MP_EreSC1.1_B1_2_M__30.tif,123
1918,MP_EreSC1.1_B1_2_M__30.tif,108
1919,MP_EreSC1.1_B1_2_M__30.tif,98
1920,MP_EreSC1.1_B1_2_M__30.tif,108
1921,MP_EreSC1.1_B1_3_F__01.tif,84
1922,MP_EreSC1.1_B1_3_F__01.tif,98
1923,MP_EreSC1.1_B1_3_F__01.tif,91
1924,MP_EreSC1.1_B1_3_F__01.tif,91
1925,MP_EreSC1.1_B1_3_F__01.tif,106
1926,MP_EreSC1.1_B1_3_F__01.tif,82
1927,MP_EreSC1.1_B1_3_F__01.tif,91
1928,MP_EreSC1.1_B1_3_F__01.tif,105
1929,MP_EreSC1.1_B1_3_F__01.tif,86
1930,MP_EreSC1.1_B1_3_F__01.tif,106
1931,MP_EreSC1.1_B1_3_F__01.tif,103
1932,MP_EreSC1.1_B1_3_F__01.tif,94
1933,MP_EreSC1.1_B1_3_F__01.tif,100
1934,MP_EreSC1.1_B1_3_F__01.tif,75
1935,MP_EreSC1.1_B1_3_F__01.tif,86
1936,MP_EreSC1.1_B1_3_F__01.tif,102
1937,MP_EreSC1.1_B1_3_F__02.tif,85
1938,MP_EreSC1.1_B1_3_F__02.tif,89
1939,MP_EreSC1.1_B1_3_F__02.tif,103
1940,MP_EreSC1.1_B1_3_F__02.tif,90
1941,MP_EreSC1.1_B1_3_F__02.tif,108
1942,MP_EreSC1.1_B1_3_F__02.tif,77
1943,MP_EreSC1.1_B1_3_F__02.tif,93
1944,MP_EreSC1.1_B1_3_F__02.tif,115
1945,MP_EreSC1.1_B1_3_F__02.tif,115
1946,MP_EreSC1.1_B1_3_F__02.tif,103
1947,MP_EreSC1.1_B1_3_F__02.tif,105
1948,MP_EreSC1.1_B1_3_F__02.tif,111
1949,MP_EreSC1.1_B1_3_F__02.tif,120
1950,MP_EreSC1.1_B1_3_F__02.tif,100
1951,MP_EreSC1.1_B1_3_F__02.tif,94
1952,MP_EreSC1.1_B1_3_F__02.tif,122
1953,MP_EreSC1.1_B1_3_F__03.tif,80
1954,MP_EreSC1.1_B1_3_F__03.tif,96
1955,MP_EreSC1.1_B1_3_F__03.tif,104
1956,MP_EreSC1.1_B1_3_F__03.tif,105
1957,MP_EreSC1.1_B1_3_F__03.tif,109
1958,MP_EreSC1.1_B1_3_F__03.tif,83
1959,MP_EreSC1.1_B1_3_F__03.tif,98
1960,MP_EreSC1.1_B1_3_F__03.tif,127
1961,MP_EreSC1.1_B1_3_F__03.tif,98
1962,MP_EreSC1.1_B1_3_F__03.tif,112
1963,MP_EreSC1.1_B1_3_F__03.tif,102
1964,MP_EreSC1.1_B1_3_F__03.tif,109
1965,MP_EreSC1.1_B1_3_F__03.tif,124
1966,MP_EreSC1.1_B1_3_F__03.tif,99
1967,MP_EreSC1.1_B1_3_F__03.tif,106
1968,MP_EreSC1.1_B1_3_F__03.tif,124
1969,MP_EreSC1.1_B1_3_F__04.tif,71
1970,MP_EreSC1.1_B1_3_F__04.tif,89
1971,MP_EreSC1.1_B1_3_F__04.tif,91
1972,MP_EreSC1.1_B1_3_F__04.tif,93
1973,MP_EreSC1.1_B1_3_F__04.tif,104
1974,MP_EreSC1.1_B1_3_F__04.tif,78
1975,MP_EreSC1.1_B1_3_F__04.tif,88
1976,MP_EreSC1.1_B1_3_F__04.tif,113
1977,MP_EreSC1.1_B1_3_F__04.tif,108
1978,MP_EreSC1.1_B1_3_F__04.tif,98
1979,MP_EreSC1.1_B1_3_F__04.tif,91
1980,MP_EreSC1.1_B1_3_F__04.tif,100
1981,MP_EreSC1.1_B1_3_F__04.tif,113
1982,MP_EreSC1.1_B1_3_F__04.tif,103
1983,MP_EreSC1.1_B1_3_F__04.tif,89
1984,MP_EreSC1.1_B1_3_F__04.tif,106
1985,MP_EreSC1.1_B1_3_F__05.tif,70
1986,MP_EreSC1.1_B1_3_F__05.tif,85
1987,MP_EreSC1.1_B1_3_F__05.tif,81
1988,MP_EreSC1.1_B1_3_F__05.tif,93
1989,MP_EreSC1.1_B1_3_F__05.tif,95
1990,MP_EreSC1.1_B1_3_F__05.tif,86
1991,MP_EreSC1.1_B1_3_F__05.tif,97
1992,MP_EreSC1.1_B1_3_F__05.tif,112
1993,MP_EreSC1.1_B1_3_F__05.tif,109
1994,MP_EreSC1.1_B1_3_F__05.tif,98
1995,MP_EreSC1.1_B1_3_F__05.tif,100
1996,MP_EreSC1.1_B1_3_F__05.tif,112
1997,MP_EreSC1.1_B1_3_F__05.tif,120
1998,MP_EreSC1.1_B1_3_F__05.tif,77
1999,MP_EreSC1.1_B1_3_F__05.tif,86
2000,MP_EreSC1.1_B1_3_F__05.tif,123
2001,MP_EreSC1.1_B1_3_F__06.tif,70
2002,MP_EreSC1.1_B1_3_F__06.tif,86
2003,MP_EreSC1.1_B1_3_F__06.tif,101
2004,MP_EreSC1.1_B1_3_F__06.tif,79
2005,MP_EreSC1.1_B1_3_F__06.tif,100
2006,MP_EreSC1.1_B1_3_F__06.tif,86
2007,MP_EreSC1.1_B1_3_F__06.tif,92
2008,MP_EreSC1.1_B1_3_F__06.tif,105
2009,MP_EreSC1.1_B1_3_F__06.tif,103
2010,MP_EreSC1.1_B1_3_F__06.tif,103
2011,MP_EreSC1.1_B1_3_F__06.tif,100
2012,MP_EreSC1.1_B1_3_F__06.tif,95
2013,MP_EreSC1.1_B1_3_F__06.tif,122
2014,MP_EreSC1.1_B1_3_F__06.tif,101
2015,MP_EreSC1.1_B1_3_F__06.tif,99
2016,MP_EreSC1.1_B1_3_F__06.tif,111
2017,MP_EreSC1.1_B1_3_F__07.tif,79
2018,MP_EreSC1.1_B1_3_F__07.tif,90
2019,MP_EreSC1.1_B1_3_F__07.tif,86
2020,MP_EreSC1.1_B1_3_F__07.tif,90
2021,MP_EreSC1.1_B1_3_F__07.tif,98
2022,MP_EreSC1.1_B1_3_F__07.tif,79
2023,MP_EreSC1.1_B1_3_F__07.tif,101
2024,MP_EreSC1.1_B1_3_F__07.tif,91
2025,MP_EreSC1.1_B1_3_F__07.tif,100
2026,MP_EreSC1.1_B1_3_F__07.tif,100
2027,MP_EreSC1.1_B1_3_F__07.tif,109
2028,MP_EreSC1.1_B1_3_F__07.tif,99
2029,MP_EreSC1.1_B1_3_F__07.tif,110
2030,MP_EreSC1.1_B1_3_F__07.tif,96
2031,MP_EreSC1.1_B1_3_F__07.tif,84
2032,MP_EreSC1.1_B1_3_F__07.tif,94
2033,MP_EreSC1.1_B1_3_F__08.tif,78
2034,MP_EreSC1.1_B1_3_F__08.tif,87
2035,MP_EreSC1.1_B1_3_F__08.tif,104
2036,MP_EreSC1.1_B1_3_F__08.tif,106
2037,MP_EreSC1.1_B1_3_F__08.tif,122
2038,MP_EreSC1.1_B1_3_F__08.tif,89
2039,MP_EreSC1.1_B1_3_F__08.tif,108
2040,MP_EreSC1.1_B1_3_F__08.tif,118
2041,MP_EreSC1.1_B1_3_F__08.tif,114
2042,MP_EreSC1.1_B1_3_F__08.tif,107
2043,MP_EreSC1.1_B1_3_F__08.tif,103
2044,MP_EreSC1.1_B1_3_F__08.tif,102
2045,MP_EreSC1.1_B1_3_F__08.tif,126
2046,MP_EreSC1.1_B1_3_F__08.tif,114
2047,MP_EreSC1.1_B1_3_F__08.tif,91
2048,MP_EreSC1.1_B1_3_F__08.tif,122
2049,MP_EreSC1.1_B1_3_F__09.tif,76
2050,MP_EreSC1.1_B1_3_F__09.tif,103
2051,MP_EreSC1.1_B1_3_F__09.tif,101
2052,MP_EreSC1.1_B1_3_F__09.tif,104
2053,MP_EreSC1.1_B1_3_F__09.tif,111
2054,MP_EreSC1.1_B1_3_F__09.tif,85
2055,MP_EreSC1.1_B1_3_F__09.tif,106
2056,MP_EreSC1.1_B1_3_F__09.tif,130
2057,MP_EreSC1.1_B1_3_F__09.tif,116
2058,MP_EreSC1.1_B1_3_F__09.tif,121
2059,MP_EreSC1.1_B1_3_F__09.tif,104
2060,MP_EreSC1.1_B1_3_F__09.tif,105
2061,MP_EreSC1.1_B1_3_F__09.tif,115
2062,MP_EreSC1.1_B1_3_F__09.tif,104
2063,MP_EreSC1.1_B1_3_F__09.tif,104
2064,MP_EreSC1.1_B1_3_F__09.tif,121
2065,MP_EreSC1.1_B1_3_F__10.tif,78
2066,MP_EreSC1.1_B1_3_F__10.tif,105
2067,MP_EreSC1.1_B1_3_F__10.tif,98
2068,MP_EreSC1.1_B1_3_F__10.tif,99
2069,MP_EreSC1.1_B1_3_F__10.tif,120
2070,MP_EreSC1.1_B1_3_F__10.tif,92
2071,MP_EreSC1.1_B1_3_F__10.tif,101
2072,MP_EreSC1.1_B1_3_F__10.tif,121
2073,MP_EreSC1.1_B1_3_F__10.tif,106
2074,MP_EreSC1.1_B1_3_F__10.tif,111
2075,MP_EreSC1.1_B1_3_F__10.tif,104
2076,MP_EreSC1.1_B1_3_F__10.tif,115
2077,MP_EreSC1.1_B1_3_F__10.tif,128
2078,MP_EreSC1.1_B1_3_F__10.tif,92
2079,MP_EreSC1.1_B1_3_F__10.tif,84
2080,MP_EreSC1.1_B1_3_F__10.tif,117
2081,MP_EreSC1.1_B1_3_M__01.tif,86
2082,MP_EreSC1.1_B1_3_M__01.tif,74
2083,MP_EreSC1.1_B1_3_M__01.tif,105
2084,MP_EreSC1.1_B1_3_M__01.tif,94
2085,MP_EreSC1.1_B1_3_M__01.tif,117
2086,MP_EreSC1.1_B1_3_M__01.tif,84
2087,MP_EreSC1.1_B1_3_M__01.tif,99
2088,MP_EreSC1.1_B1_3_M__01.tif,106
2089,MP_EreSC1.1_B1_3_M__01.tif,101
2090,MP_EreSC1.1_B1_3_M__01.tif,99
2091,MP_EreSC1.1_B1_3_M__01.tif,101
2092,MP_EreSC1.1_B1_3_M__01.tif,102
2093,MP_EreSC1.1_B1_3_M__01.tif,128
2094,MP_EreSC1.1_B1_3_M__01.tif,107
2095,MP_EreSC1.1_B1_3_M__01.tif,104
2096,MP_EreSC1.1_B1_3_M__01.tif,103
2097,MP_EreSC1.1_B1_3_M__02.tif,80
2098,MP_EreSC1.1_B1_3_M__02.tif,94
2099,MP_EreSC1.1_B1_3_M__02.tif,106
2100,MP_EreSC1.1_B1_3_M__02.tif,99
2101,MP_EreSC1.1_B1_3_M__02.tif,119
2102,MP_EreSC1.1_B1_3_M__02.tif,98
2103,MP_EreSC1.1_B1_3_M__02.tif,108
2104,MP_EreSC1.1_B1_3_M__02.tif,125
2105,MP_EreSC1.1_B1_3_M__02.tif,120
2106,MP_EreSC1.1_B1_3_M__02.tif,110
2107,MP_EreSC1.1_B1_3_M__02.tif,101
2108,MP_EreSC1.1_B1_3_M__02.tif,105
2109,MP_EreSC1.1_B1_3_M__02.tif,124
2110,MP_EreSC1.1_B1_3_M__02.tif,109
2111,MP_EreSC1.1_B1_3_M__02.tif,102
2112,MP_EreSC1.1_B1_3_M__02.tif,142
2113,MP_EreSC1.1_B1_3_M__03.tif,96
2114,MP_EreSC1.1_B1_3_M__03.tif,95
2115,MP_EreSC1.1_B1_3_M__03.tif,107
2116,MP_EreSC1.1_B1_3_M__03.tif,100
2117,MP_EreSC1.1_B1_3_M__03.tif,115
2118,MP_EreSC1.1_B1_3_M__03.tif,98
2119,MP_EreSC1.1_B1_3_M__03.tif,107
2120,MP_EreSC1.1_B1_3_M__03.tif,115
2121,MP_EreSC1.1_B1_3_M__03.tif,119
2122,MP_EreSC1.1_B1_3_M__03.tif,115
2123,MP_EreSC1.1_B1_3_M__03.tif,121
2124,MP_EreSC1.1_B1_3_M__03.tif,108
2125,MP_EreSC1.1_B1_3_M__03.tif,130
2126,MP_EreSC1.1_B1_3_M__03.tif,91
2127,MP_EreSC1.1_B1_3_M__03.tif,103
2128,MP_EreSC1.1_B1_3_M__03.tif,119
2129,MP_EreSC1.1_B1_3_M__04.tif,89
2130,MP_EreSC1.1_B1_3_M__04.tif,93
2131,MP_EreSC1.1_B1_3_M__04.tif,120
2132,MP_EreSC1.1_B1_3_M__04.tif,93
2133,MP_EreSC1.1_B1_3_M__04.tif,99
2134,MP_EreSC1.1_B1_3_M__04.tif,86
2135,MP_EreSC1.1_B1_3_M__04.tif,97
2136,MP_EreSC1.1_B1_3_M__04.tif,119
2137,MP_EreSC1.1_B1_3_M__04.tif,110
2138,MP_EreSC1.1_B1_3_M__04.tif,115
2139,MP_EreSC1.1_B1_3_M__04.tif,99
2140,MP_EreSC1.1_B1_3_M__04.tif,107
2141,MP_EreSC1.1_B1_3_M__04.tif,123
2142,MP_EreSC1.1_B1_3_M__04.tif,61
2143,MP_EreSC1.1_B1_3_M__04.tif,97
2144,MP_EreSC1.1_B1_3_M__04.tif,118
2145,MP_EreSC1.1_B1_3_M__05.tif,99
2146,MP_EreSC1.1_B1_3_M__05.tif,104
2147,MP_EreSC1.1_B1_3_M__05.tif,109
2148,MP_EreSC1.1_B1_3_M__05.tif,110
2149,MP_EreSC1.1_B1_3_M__05.tif,113
2150,MP_EreSC1.1_B1_3_M__05.tif,92
2151,MP_EreSC1.1_B1_3_M__05.tif,99
2152,MP_EreSC1.1_B1_3_M__05.tif,121
2153,MP_EreSC1.1_B1_3_M__05.tif,108
2154,MP_EreSC1.1_B1_3_M__05.tif,122
2155,MP_EreSC1.1_B1_3_M__05.tif,117
2156,MP_EreSC1.1_B1_3_M__05.tif,93
2157,MP_EreSC1.1_B1_3_M__05.tif,127
2158,MP_EreSC1.1_B1_3_M__05.tif,85
2159,MP_EreSC1.1_B1_3_M__05.tif,92
2160,MP_EreSC1.1_B1_3_M__05.tif,141
2161,MP_EreSC1.1_B1_3_M__06.tif,87
2162,MP_EreSC1.1_B1_3_M__06.tif,101
2163,MP_EreSC1.1_B1_3_M__06.tif,102
2164,MP_EreSC1.1_B1_3_M__06.tif,97
2165,MP_EreSC1.1_B1_3_M__06.tif,104
2166,MP_EreSC1.1_B1_3_M__06.tif,95
2167,MP_EreSC1.1_B1_3_M__06.tif,111
2168,MP_EreSC1.1_B1_3_M__06.tif,116
2169,MP_EreSC1.1_B1_3_M__06.tif,132
2170,MP_EreSC1.1_B1_3_M__06.tif,113
2171,MP_EreSC1.1_B1_3_M__06.tif,98
2172,MP_EreSC1.1_B1_3_M__06.tif,107
2173,MP_EreSC1.1_B1_3_M__06.tif,134
2174,MP_EreSC1.1_B1_3_M__06.tif,130
2175,MP_EreSC1.1_B1_3_M__06.tif,99
2176,MP_EreSC1.1_B1_3_M__06.tif,114
2177,MP_EreSC1.1_B1_3_M__07.tif,92
2178,MP_EreSC1.1_B1_3_M__07.tif,108
2179,MP_EreSC1.1_B1_3_M__07.tif,113
2180,MP_EreSC1.1_B1_3_M__07.tif,99
2181,MP_EreSC1.1_B1_3_M__07.tif,117
2182,MP_EreSC1.1_B1_3_M__07.tif,102
2183,MP_EreSC1.1_B1_3_M__07.tif,117
2184,MP_EreSC1.1_B1_3_M__07.tif,116
2185,MP_EreSC1.1_B1_3_M__07.tif,128
2186,MP_EreSC1.1_B1_3_M__07.tif,136
2187,MP_EreSC1.1_B1_3_M__07.tif,116
2188,MP_EreSC1.1_B1_3_M__07.tif,110
2189,MP_EreSC1.1_B1_3_M__07.tif,127
2190,MP_EreSC1.1_B1_3_M__07.tif,113
2191,MP_EreSC1.1_B1_3_M__07.tif,98
2192,MP_EreSC1.1_B1_3_M__07.tif,119
2193,MP_EreSC1.1_B1_3_M__08.tif,93
2194,MP_EreSC1.1_B1_3_M__08.tif,88
2195,MP_EreSC1.1_B1_3_M__08.tif,93
2196,MP_EreSC1.1_B1_3_M__08.tif,91
2197,MP_EreSC1.1_B1_3_M__08.tif,97
2198,MP_EreSC1.1_B1_3_M__08.tif,80
2199,MP_EreSC1.1_B1_3_M__08.tif,91
2200,MP_EreSC1.1_B1_3_M__08.tif,102
2201,MP_EreSC1.1_B1_3_M__08.tif,107
2202,MP_EreSC1.1_B1_3_M__08.tif,111
2203,MP_EreSC1.1_B1_3_M__08.tif,94
2204,MP_EreSC1.1_B1_3_M__08.tif,122
2205,MP_EreSC1.1_B1_3_M__08.tif,130
2206,MP_EreSC1.1_B1_3_M__08.tif,95
2207,MP_EreSC1.1_B1_3_M__08.tif,96
2208,MP_EreSC1.1_B1_3_M__08.tif,117
2209,MP_EreSC1.1_B1_3_M__09.tif,95
2210,MP_EreSC1.1_B1_3_M__09.tif,102
2211,MP_EreSC1.1_B1_3_M__09.tif,105
2212,MP_EreSC1.1_B1_3_M__09.tif,84
2213,MP_EreSC1.1_B1_3_M__09.tif,95
2214,MP_EreSC1.1_B1_3_M__09.tif,83
2215,MP_EreSC1.1_B1_3_M__09.tif,80
2216,MP_EreSC1.1_B1_3_M__09.tif,80
2217,MP_EreSC1.1_B1_3_M__09.tif,117
2218,MP_EreSC1.1_B1_3_M__09.tif,105
2219,MP_EreSC1.1_B1_3_M__09.tif,100
2220,MP_EreSC1.1_B1_3_M__09.tif,89
2221,MP_EreSC1.1_B1_3_M__09.tif,110
2222,MP_EreSC1.1_B1_3_M__09.tif,100
2223,MP_EreSC1.1_B1_3_M__09.tif,101
2224,MP_EreSC1.1_B1_3_M__09.tif,118
2225,MP_EreSC1.1_B1_3_M__10.tif,93
2226,MP_EreSC1.1_B1_3_M__10.tif,115
2227,MP_EreSC1.1_B1_3_M__10.tif,91
2228,MP_EreSC1.1_B1_3_M__10.tif,89
2229,MP_EreSC1.1_B1_3_M__10.tif,82
2230,MP_EreSC1.1_B1_3_M__10.tif,63
2231,MP_EreSC1.1_B1_3_M__10.tif,72
2232,MP_EreSC1.1_B1_3_M__10.tif,94
2233,MP_EreSC1.1_B1_3_M__10.tif,88
2234,MP_EreSC1.1_B1_3_M__10.tif,124
2235,MP_EreSC1.1_B1_3_M__10.tif,101
2236,MP_EreSC1.1_B1_3_M__10.tif,112
2237,MP_EreSC1.1_B1_3_M__10.tif,113
2238,MP_EreSC1.1_B1_3_M__10.tif,78
2239,MP_EreSC1.1_B1_3_M__10.tif,103
2240,MP_EreSC1.1_B1_3_M__10.tif,117
2241,MP_EreSC1.1_B1_3_M__11.tif,92
2242,MP_EreSC1.1_B1_3_M__11.tif,112
2243,MP_EreSC1.1_B1_3_M__11.tif,124
2244,MP_EreSC1.1_B1_3_M__11.tif,101
2245,MP_EreSC1.1_B1_3_M__11.tif,116
2246,MP_EreSC1.1_B1_3_M__11.tif,110
2247,MP_EreSC1.1_B1_3_M__11.tif,111
2248,MP_EreSC1.1_B1_3_M__11.tif,122
2249,MP_EreSC1.1_B1_3_M__11.tif,125
2250,MP_EreSC1.1_B1_3_M__11.tif,107
2251,MP_EreSC1.1_B1_3_M__11.tif,106
2252,MP_EreSC1.1_B1_3_M__11.tif,113
2253,MP_EreSC1.1_B1_3_M__11.tif,97
2254,MP_EreSC1.1_B1_3_M__11.tif,91
2255,MP_EreSC1.1_B1_3_M__11.tif,101
2256,MP_EreSC1.1_B1_3_M__11.tif,123
2257,MP_EreSC1.1_B1_3_M__12.tif,87
2258,MP_EreSC1.1_B1_3_M__12.tif,110
2259,MP_EreSC1.1_B1_3_M__12.tif,113
2260,MP_EreSC1.1_B1_3_M__12.tif,100
2261,MP_EreSC1.1_B1_3_M__12.tif,116
2262,MP_EreSC1.1_B1_3_M__12.tif,104
2263,MP_EreSC1.1_B1_3_M__12.tif,100
2264,MP_EreSC1.1_B1_3_M__12.tif,116
2265,MP_EreSC1.1_B1_3_M__12.tif,133
2266,MP_EreSC1.1_B1_3_M__12.tif,110
2267,MP_EreSC1.1_B1_3_M__12.tif,104
2268,MP_EreSC1.1_B1_3_M__12.tif,115
2269,MP_EreSC1.1_B1_3_M__12.tif,127
2270,MP_EreSC1.1_B1_3_M__12.tif,108
2271,MP_EreSC1.1_B1_3_M__12.tif,102
2272,MP_EreSC1.1_B1_3_M__12.tif,109
2273,MP_EreSC1.1_B1_3_M__13.tif,96
2274,MP_EreSC1.1_B1_3_M__13.tif,89
2275,MP_EreSC1.1_B1_3_M__13.tif,110
2276,MP_EreSC1.1_B1_3_M__13.tif,92
2277,MP_EreSC1.1_B1_3_M__13.tif,104
2278,MP_EreSC1.1_B1_3_M__13.tif,91
2279,MP_EreSC1.1_B1_3_M__13.tif,118
2280,MP_EreSC1.1_B1_3_M__13.tif,124
2281,MP_EreSC1.1_B1_3_M__13.tif,127
2282,MP_EreSC1.1_B1_3_M__13.tif,116
2283,MP_EreSC1.1_B1_3_M__13.tif,109
2284,MP_EreSC1.1_B1_3_M__13.tif,117
2285,MP_EreSC1.1_B1_3_M__13.tif,124
2286,MP_EreSC1.1_B1_3_M__13.tif,111
2287,MP_EreSC1.1_B1_3_M__13.tif,106
2288,MP_EreSC1.1_B1_3_M__13.tif,127
2289,MP_EreSC1.1_B1_3_M__14.tif,89
2290,MP_EreSC1.1_B1_3_M__14.tif,105
2291,MP_EreSC1.1_B1_3_M__14.tif,113
2292,MP_EreSC1.1_B1_3_M__14.tif,87
2293,MP_EreSC1.1_B1_3_M__14.tif,114
2294,MP_EreSC1.1_B1_3_M__14.tif,98
2295,MP_EreSC1.1_B1_3_M__14.tif,96
2296,MP_EreSC1.1_B1_3_M__14.tif,117
2297,MP_EreSC1.1_B1_3_M__14.tif,137
2298,MP_EreSC1.1_B1_3_M__14.tif,119
2299,MP_EreSC1.1_B1_3_M__14.tif,115
2300,MP_EreSC1.1_B1_3_M__14.tif,120
2301,MP_EreSC1.1_B1_3_M__14.tif,110
2302,MP_EreSC1.1_B1_3_M__14.tif,100
2303,MP_EreSC1.1_B1_3_M__14.tif,84
2304,MP_EreSC1.1_B1_3_M__14.tif,129
2305,MP_EreSC1.1_B1_3_M__15.tif,90
2306,MP_EreSC1.1_B1_3_M__15.tif,99
2307,MP_EreSC1.1_B1_3_M__15.tif,113
2308,MP_EreSC1.1_B1_3_M__15.tif,101
2309,MP_EreSC1.1_B1_3_M__15.tif,104
2310,MP_EreSC1.1_B1_3_M__15.tif,87
2311,MP_EreSC1.1_B1_3_M__15.tif,103
2312,MP_EreSC1.1_B1_3_M__15.tif,121
2313,MP_EreSC1.1_B1_3_M__15.tif,121
2314,MP_EreSC1.1_B1_3_M__15.tif,137
2315,MP_EreSC1.1_B1_3_M__15.tif,109
2316,MP_EreSC1.1_B1_3_M__15.tif,102
2317,MP_EreSC1.1_B1_3_M__15.tif,118
2318,MP_EreSC1.1_B1_3_M__15.tif,107
2319,MP_EreSC1.1_B1_3_M__15.tif,102
2320,MP_EreSC1.1_B1_3_M__15.tif,100
2321,MP_EreSC1.1_B1_3_M__16.tif,113
2322,MP_EreSC1.1_B1_3_M__16.tif,106
2323,MP_EreSC1.1_B1_3_M__16.tif,123
2324,MP_EreSC1.1_B1_3_M__16.tif,103
2325,MP_EreSC1.1_B1_3_M__16.tif,95
2326,MP_EreSC1.1_B1_3_M__16.tif,112
2327,MP_EreSC1.1_B1_3_M__16.tif,94
2328,MP_EreSC1.1_B1_3_M__16.tif,101
2329,MP_EreSC1.1_B1_3_M__16.tif,145
2330,MP_EreSC1.1_B1_3_M__16.tif,128
2331,MP_EreSC1.1_B1_3_M__16.tif,114
2332,MP_EreSC1.1_B1_3_M__16.tif,108
2333,MP_EreSC1.1_B1_3_M__16.tif,108
2334,MP_EreSC1.1_B1_3_M__16.tif,113
2335,MP_EreSC1.1_B1_3_M__16.tif,100
2336,MP_EreSC1.1_B1_3_M__16.tif,115